Date,Close,High,Low,Open,Volume,ticker
2014-01-02,3.2039406299591064,3.2468838946905754,3.1890038131948395,3.2356814490489727,13127000,sony
2014-01-03,3.207674503326416,3.222611095197413,3.1964718368477394,3.2132756139903256,4642000,sony
2014-01-06,3.2300798892974854,3.265554631880938,3.224478555580243,3.2300798892974854,11781500,sony
2014-01-07,3.233814001083374,3.245016668391412,3.2114088890427435,3.2412822975717694,17191500,sony
2014-01-08,3.407454252243042,3.420523882465092,3.222611353411356,3.2487508364309026,42864500,sony
2014-01-09,3.375713586807251,3.396251737059001,3.3570426220603715,3.3906504031198454,13011000,sony
2014-01-10,3.323434829711914,3.329036163632043,3.2618206017414115,3.3103651989485847,17033500,sony
2014-01-13,3.2767574787139893,3.3178335572635502,3.269289181732418,3.3010297777672855,24355000,sony
2014-01-14,3.2730231285095215,3.2860927587095308,3.2394153490127513,3.2562191274734134,14303500,sony
2014-01-15,3.2506186962127686,3.269289663996374,3.237548840703851,3.2468843245956536,13571000,sony
2014-01-16,3.2132763862609863,3.233814538882838,3.205808088530576,3.2263462411524277,11705000,sony
2014-01-17,3.183403253555298,3.220745190652052,3.183403253555298,3.2039411854132114,9680500,sony
2014-01-21,3.1460604667663574,3.1852695819324417,3.1404593553787374,3.1834026189950544,14266500,sony
2014-01-22,3.1946053504943848,3.1983397218545715,3.1460607485667316,3.1497951199269183,19626500,sony
2014-01-23,3.1348578929901123,3.170332635677215,3.1124527806311293,3.1647315245190555,11469000,sony
2014-01-24,3.121788740158081,3.1572634882712567,3.1049847363869856,3.149795190534425,15650000,sony
2014-01-27,3.0302999019622803,3.0863127848452168,2.942546207385351,3.075110119238465,33966500,sony
2014-01-28,3.0657753944396973,3.0751108772212863,2.992958717773492,2.998559829382072,10703000,sony
2014-01-29,2.996692657470703,3.035901771450283,2.994825472014361,3.0228319184067893,11498000,sony
2014-01-30,3.011629581451416,3.0807121071829755,2.9966927649911024,3.0284333608596072,12195500,sony
2014-01-31,2.9406802654266357,2.950015749147097,2.903338107969302,2.93694589387806,23952500,sony
2014-02-03,2.8473243713378906,2.9257425896724443,2.843590223458965,2.91267273823307,14380500,sony
2014-02-04,3.006028413772583,3.0508386430572982,2.852926314802952,2.852926314802952,39691000,sony
2014-02-05,2.9686858654022217,2.9798883091095014,2.925742608085754,2.9612173470219436,14067000,sony
2014-02-06,3.0844461917877197,3.125522491846922,2.88466669309664,2.88466669309664,31628000,sony
2014-02-07,3.1404595375061035,3.149795020460814,3.0844464172023702,3.1236555346423422,18125500,sony
2014-02-10,3.114320755004883,3.1348589111736334,3.084447113773159,3.118054904514968,11094000,sony
2014-02-11,3.1946053504943848,3.207675205104083,3.1255228189630917,3.1367252653172195,24315500,sony
2014-02-12,3.233814001083374,3.2412822975717694,3.1946048880806863,3.196472073490508,13905500,sony
2014-02-13,3.211409330368042,3.2263461479729574,3.1273897591623268,3.1441937624336598,21296500,sony
2014-02-14,3.185269355773926,3.1983392082849478,3.134857798836434,3.134857798836434,20059500,sony
2014-02-18,3.237548828125,3.2468843119805317,3.2114095623597088,3.230080530070772,9163500,sony
2014-02-19,3.1871373653411865,3.2207451528488975,3.1778018811765723,3.1946056636426783,13277000,sony
2014-02-20,3.205808162689209,3.215143646355917,3.170333191210427,3.1927385300709155,8962000,sony
2014-02-21,3.196472644805908,3.235681764816563,3.196472644805908,3.2188777608510746,7017500,sony
2014-02-24,3.248751640319824,3.263688459659121,3.233814820980527,3.248751640319824,9817000,sony
2014-02-25,3.2263457775115967,3.239415407949389,3.205807627841172,3.2226114066075557,9754000,sony
2014-02-26,3.245016574859619,3.2730230197470336,3.2039402776310606,3.2394152413670487,8785000,sony
2014-02-27,3.271155595779419,3.2935609281153635,3.224478191038571,3.2450163381547132,15480500,sony
2014-02-28,3.2767574787139893,3.2972956292765,3.254352365193816,3.2730233302232037,11012000,sony
2014-03-03,3.2132763862609863,3.2263462411524277,3.1815357870435195,3.211409423116125,9114000,sony
2014-03-04,3.2412827014923096,3.2711563363195584,3.2319472184307285,3.2543525558389015,7286000,sony
2014-03-05,3.263688087463379,3.284226016959173,3.254352604262888,3.26182090179309,5012000,sony
2014-03-06,3.3346378803253174,3.345840549451496,3.3271693600493717,3.3402392148884066,8012500,sony
2014-03-07,3.3514418601989746,3.3589103809178473,3.3084985894358163,3.3477077111272857,7617000,sony
2014-03-10,3.3682448863983154,3.392517182176351,3.334637109365299,3.3850486636271087,8034000,sony
2014-03-11,3.332770586013794,3.3682455553737487,3.3178337685241015,3.3682455553737487,8406000,sony
2014-03-12,3.3309037685394287,3.332770731697579,3.3028973179878256,3.310365615771393,7572500,sony
2014-03-13,3.291694402694702,3.340239002385808,3.2674221028491495,3.3383718167917396,12166000,sony
2014-03-14,3.205808162689209,3.2356817994528693,3.1964726790225013,3.2226119442590884,15427500,sony
2014-03-17,3.2151436805725098,3.2375487970959536,3.2020740478151253,3.2020740478151253,6010500,sony
2014-03-18,3.202073335647583,3.213275780130044,3.1591300753595486,3.1703325198420096,9698000,sony
2014-03-19,3.202073335647583,3.2394152624066668,3.181535186899911,3.205807483808403,17635500,sony
2014-03-20,3.2879598140716553,3.289826776840411,3.2319467020756836,3.2338138874198763,15960000,sony
2014-03-21,3.3159663677215576,3.332770146069598,3.287959922091193,3.287959922091193,20048500,sony
2014-03-24,3.2954282760620117,3.31970057388026,3.2748901265445443,3.312232277278698,14252000,sony
2014-03-25,3.407454252243042,3.407454252243042,3.345840026824295,3.3533083233581964,16915500,sony
2014-03-26,3.392793655395508,3.458582061265534,3.387154847643111,3.441664965788067,11586500,sony
2014-03-27,3.434145212173462,3.4567011075616687,3.417228122577296,3.443543520591327,14368000,sony
2014-03-28,3.50557279586792,3.531887972773017,3.496174486391332,3.496174486391332,14830500,sony
2014-03-31,3.593916416168213,3.6183520626034236,3.5863978591450767,3.593916416168213,14943500,sony
2014-04-01,3.6540660858154297,3.6578253646532985,3.6258711584213636,3.6503068069775604,11150000,sony
2014-04-02,3.6258716583251953,3.6371494963936937,3.5863986649019624,3.607075037470969,7212500,sony
2014-04-03,3.5882785320281982,3.6239920231705396,3.56196312754185,3.6183529919182216,9281500,sony
2014-04-04,3.577000379562378,3.635269994248515,3.5619630379588525,3.6202326526449897,6893000,sony
2014-04-07,3.580759286880493,3.62023227647907,3.5563236373229636,3.605194936438023,9109500,sony
2014-04-08,3.5525643825531006,3.5732407532596873,3.545045824518001,3.5563236615706506,8981500,sony
2014-04-09,3.537527322769165,3.5469256330945713,3.4886560194476948,3.5112121434873846,5718500,sony
2014-04-10,3.4115898609161377,3.486776340250912,3.4078303576906923,3.4585814105003716,12859000,sony
2014-04-11,3.454822063446045,3.4604608700266195,3.4341456924060094,3.445423529640537,6329500,sony
2014-04-14,3.4942946434020996,3.51873029221629,3.477377776416396,3.496174394877563,5385000,sony
2014-04-15,3.486776351928711,3.503693220206339,3.445423608897381,3.4924153827123816,6567000,sony
2014-04-16,3.5300087928771973,3.535647823933029,3.5074528927272657,3.5243697618213656,5135500,sony
2014-04-17,3.5168511867523193,3.5431663661257993,3.513091683350342,3.5337680557676427,4809000,sony
2014-04-21,3.5713610649108887,3.5807593746577577,3.533767825923413,3.5356475775021385,6468500,sony
2014-04-22,3.51121187210083,3.5243694607247518,3.490535501353685,3.503693089977607,7374000,sony
2014-04-23,3.507452964782715,3.522490082475988,3.499934181862679,3.5206105548010287,3622000,sony
2014-04-24,3.4115898609161377,3.4191084192202617,3.3551997773416735,3.413469388455477,13162500,sony
2014-04-25,3.3589589595794678,3.381515081987807,3.340162340288103,3.3702370207836374,5894000,sony
2014-04-28,3.3739964962005615,3.379635527130849,3.3251254176426452,3.3589591550775912,7189500,sony
2014-04-29,3.37587571144104,3.392792577470419,3.366477402741751,3.379634990106085,4968500,sony
2014-04-30,3.315727472305298,3.3213662797826773,3.281893507073947,3.306328937005031,7395500,sony
2014-05-01,3.2255027294158936,3.2875316151311975,3.1503162555969477,3.1672331225768637,19211500,sony
2014-05-02,3.313847541809082,3.3326441632496198,3.287532137348288,3.3082085105622405,6883000,sony
2014-05-05,3.315727472305298,3.3232460316574137,3.2912918183007993,3.298810377652915,3759500,sony
2014-05-06,3.2912912368774414,3.3082081044679588,3.2818929273108486,3.30632835292529,6018500,sony
2014-05-07,3.2988100051879883,3.3044490361020857,3.253697981948597,3.276254105604987,6816500,sony
2014-05-08,3.287531852722168,3.311967503293971,3.2574573954651194,3.2574573954651194,14654500,sony
2014-05-09,3.266855478286743,3.280013066426681,3.2574571690334495,3.2687350056933813,7381500,sony
2014-05-12,3.280012845993042,3.2875314032610445,3.242419611506324,3.2442991387866487,5840500,sony
2014-05-13,3.315727472305298,3.32512578353215,3.293171346102121,3.3082086888797675,10365000,sony
2014-05-14,3.101444721221924,3.231141513102611,3.0600922085930153,3.1484362637714445,35936000,sony
2014-05-15,3.0807690620422363,3.114602798746674,3.0600926904354044,3.10332496120299,19089500,sony
2014-05-16,3.0788891315460205,3.080768883064122,3.0356568632900256,3.054453482177556,8677000,sony
2014-05-19,3.0676112174987793,3.075129999857906,3.0112213581355536,3.0112213581355536,18729000,sony
2014-05-20,3.009341239929199,3.028137857427135,2.9943041251895344,3.024378578742219,15940000,sony
2014-05-21,3.0168607234954834,3.0318980658081895,3.007462412559218,3.0224997548719243,7113000,sony
2014-05-22,3.0412960052490234,3.077009492815053,3.037536726148396,3.0694909346137984,11380000,sony
2014-05-23,3.0281379222869873,3.0563330732111607,3.0168600859906785,3.0168600859906785,12719000,sony
2014-05-27,3.127760648727417,3.140918238052947,3.097685966777587,3.101445246002969,12347500,sony
2014-05-28,3.069491386413574,3.0788896975851743,3.0488150122066893,3.0619726030322463,18044000,sony
2014-05-29,3.0469348430633545,3.0525736493206646,3.035656782402002,3.0450550915953403,14252500,sony
2014-05-30,3.0412960052490234,3.0506943150372816,3.0262586647731338,3.0356569745613924,11941000,sony
2014-06-02,3.0619728565216064,3.0694916405253867,3.048815264606781,3.0657323605602125,6248500,sony
2014-06-03,3.0224993228912354,3.03001788093632,3.0112212617502334,3.018739819795318,10073000,sony
2014-06-04,3.0525739192962646,3.0582129501256676,3.0375368025157043,3.0412960817108443,7674500,sony
2014-06-05,3.0525739192962646,3.0600927017599306,3.0375368025157043,3.0506943917353877,3126000,sony
2014-06-06,3.026258945465088,3.0488148462343396,3.020619914254425,3.0300182249143965,8500500,sony
2014-06-09,3.0638513565063477,3.071369913364258,3.0356564321791732,3.041295461859276,8779500,sony
2014-06-10,3.0412960052490234,3.0469350359366545,3.0168603549848756,3.0356569745613924,13593500,sony
2014-06-11,3.005582809448242,3.0149811208495025,2.9999437777928017,3.007462561357862,16268000,sony
2014-06-12,3.024378776550293,3.048814425710483,3.020619497619503,3.0318975584852432,16636000,sony
2014-06-13,3.0488147735595703,3.0525740529192684,3.028138400971136,3.033777432047381,12545000,sony
2014-06-16,3.0563337802886963,3.061972587704699,3.0337776543310366,3.0600930599238354,13153500,sony
2014-06-17,3.0300180912017822,3.0506944633706463,3.0168605016731376,3.033777370485196,15447000,sony
2014-06-18,3.0638513565063477,3.071369913364258,3.037536183430321,3.0488140187171866,11810500,sony
2014-06-19,3.165354013442993,3.165354013442993,3.1390386096850436,3.1409183614082528,15951000,sony
2014-06-20,3.1897897720336914,3.197308331030896,3.1578353361120617,3.159715087898065,20633000,sony
2014-06-23,3.154075860977173,3.1747522330471085,3.135279240576646,3.169113202112272,14947000,sony
2014-06-24,3.127760648727417,3.186030260977691,3.1221216178526503,3.154075827378477,19390000,sony
2014-06-25,3.178511142730713,3.1841501730098702,3.140917906300818,3.1427976577516583,8684500,sony
2014-06-26,3.159714937210083,3.1691132475450816,3.1258809751894083,3.16159468890644,7111000,sony
2014-06-27,3.1503164768218994,3.1521962284287217,3.1296401054403837,3.13903841532773,11884000,sony
2014-06-30,3.1521966457366943,3.1578354531568973,3.131520271617908,3.1371593031115235,12131000,sony
2014-07-01,3.2198643684387207,3.2255031754962835,3.169113312333473,3.169113312333473,25507500,sony
2014-07-02,3.180391311645508,3.2048269633470805,3.1728725289285813,3.197308180630154,15489000,sony
2014-07-03,3.165354013442993,3.170993044539225,3.148436920154298,3.150316671877507,6473000,sony
2014-07-07,3.1822705268859863,3.195428339330639,3.17663172049356,3.1803909994463013,6392500,sony
2014-07-08,3.1521966457366943,3.1841508587692995,3.1446778623874025,3.1841508587692995,7471000,sony
2014-07-09,3.1559553146362305,3.1672331513675696,3.144677253831522,3.1503162842338766,4355500,sony
2014-07-10,3.1296403408050537,3.1390386513992006,3.088287819005488,3.114602999039739,7961000,sony
2014-07-11,3.1315200328826904,3.135279312234037,3.107084380988846,3.1240012501066023,5362500,sony
2014-07-14,3.133399248123169,3.1484363629540377,3.1296397453420948,3.1427975569291404,5437000,sony
2014-07-15,3.107084274291992,3.120241863606572,3.0882876541073383,3.120241863606572,7388000,sony
2014-07-16,3.1503164768218994,3.159714786709246,3.13903841532773,3.1409181669345525,10937500,sony
2014-07-17,3.1390380859375,3.159714455149372,3.1240007468809896,3.1390380859375,16523500,sony
2014-07-18,3.1559553146362305,3.1653536239490307,3.1202416048035673,3.1296399141163675,16908000,sony
2014-07-21,3.140918016433716,3.152196077387483,3.1296399554799486,3.1465570469105995,8579000,sony
2014-07-22,3.1371583938598633,3.1484362295049944,3.1296396126897617,3.1296396126897617,12047500,sony
2014-07-23,3.1747519969940186,3.1803910275095744,3.152196099005168,3.152196099005168,11354500,sony
2014-07-24,3.2574574947357178,3.2724948358591948,3.2386608743497187,3.2386608743497187,18085500,sony
2014-07-25,3.3232455253601074,3.330764083566769,3.3082081848734037,3.310087936461759,10890000,sony
2014-07-28,3.3288841247558594,3.3382824333332155,3.308207756256335,3.3213653434499637,8628000,sony
2014-07-29,3.2837719917297363,3.30444835948998,3.281892464525478,3.3006890810081204,8900000,sony
2014-07-30,3.295050859451294,3.3100882011404016,3.2837727971661135,3.293171107712631,8597500,sony
2014-07-31,3.4642202854156494,3.592037339349166,3.3739962453848897,3.3739962453848897,39182500,sony
2014-08-01,3.3871548175811768,3.404071688835076,3.3589596587023047,3.3965531291829927,18037500,sony
2014-08-04,3.439784288406372,3.452941875554075,3.4078298600962142,3.4097096114344647,8658500,sony
2014-08-05,3.3852739334106445,3.4191078886759416,3.3758756249521373,3.4021907990066187,8614500,sony
2014-08-06,3.3364033699035645,3.3458016804187083,3.3100881900905215,3.3138474694818996,13198000,sony
2014-08-07,3.2593376636505127,3.313848007939615,3.2518191036460875,3.2988106638573305,12429500,sony
2014-08-08,3.2743735313415527,3.2743735313415527,3.225502241128196,3.2518176374251317,20507500,sony
2014-08-11,3.2649762630462646,3.2762543256318724,3.2593372317534604,3.2668560148350005,9013000,sony
2014-08-12,3.263096809387207,3.285652936619242,3.2518189698446145,3.2762546249637023,7674500,sony
2014-08-13,3.372117042541504,3.3777560735954304,3.3476813906900866,3.3533204217440127,13072500,sony
2014-08-14,3.396552562713623,3.398432090276469,3.3570795709398427,3.3627186017751525,10091500,sony
2014-08-15,3.460461139678955,3.466100170772323,3.422867897821029,3.4341459600077657,19724500,sony
2014-08-18,3.48113751411438,3.4867765452106383,3.454822334429703,3.4679799242720417,9966000,sony
2014-08-19,3.5450456142425537,3.552564171831688,3.4961743176930966,3.4961743176930966,14970000,sony
2014-08-20,3.561962127685547,3.571360435776801,3.5300079249899494,3.53564695465937,16375000,sony
2014-08-21,3.5394067764282227,3.558203395496268,3.5375270248920683,3.558203395496268,12802500,sony
2014-08-22,3.5450456142425537,3.556323450626255,3.526248996196357,3.5375268325800575,6888000,sony
2014-08-25,3.5657222270965576,3.582639319999893,3.5600834202021705,3.5638426994895593,4264000,sony
2014-08-26,3.5469255447387695,3.556323854830059,3.5431662655169314,3.5488052963863823,4050500,sony
2014-08-27,3.5394067764282227,3.5544441164973337,3.5375270248920683,3.545045806963311,3631500,sony
2014-08-28,3.5525643825531006,3.5657219711512127,3.5375270424095264,3.5375270424095264,4140000,sony
2014-08-29,3.5920372009277344,3.605194788897669,3.576999861502081,3.5920372009277344,7003000,sony
2014-09-02,3.646547555923462,3.654066113656486,3.620232155711146,3.631510216384048,11597500,sony
2014-09-03,3.704817295074463,3.7480495663832647,3.6972987366178836,3.7217343877118485,10771000,sony
2014-09-04,3.6879003047943115,3.7048171727999817,3.6822612741012946,3.693539335487328,9421500,sony
2014-09-05,3.6221120357513428,3.623991563214631,3.5901576040683234,3.612713726214778,7272500,sony
2014-09-08,3.6108338832855225,3.62023219258421,3.6033153254759203,3.618352441095125,3972500,sony
2014-09-09,3.6089541912078857,3.623991531148007,3.605194912241198,3.612713694247945,7364000,sony
2014-09-10,3.665344476699829,3.6709832834280838,3.623991733536729,3.623991733536729,14518500,sony
2014-09-11,3.721734046936035,3.731132356182909,3.682261058469817,3.6841408099485387,16773000,sony
2014-09-12,3.725493907928467,3.7499295606030834,3.716095597213107,3.7292531873999306,11753500,sony
2014-09-15,3.734891414642334,3.7386506933045465,3.7085762399334943,3.7254931059501266,12154500,sony
2014-09-16,3.806318998336792,3.8251156165545184,3.766845786376857,3.7687257619013392,14151000,sony
2014-09-17,3.548804759979248,3.608953890657192,3.4792570965572294,3.4905351565914358,78397000,sony
2014-09-18,3.3909130096435547,3.4059503481973494,3.3627180838826956,3.383394228329981,50137500,sony
2014-09-19,3.325125217437744,3.342042085136657,3.311967404701505,3.330764023955131,22333500,sony
2014-09-22,3.263096809387207,3.2969307761618345,3.2593375295396765,3.287532464506295,24955000,sony
2014-09-23,3.2649762630462646,3.2762543256318724,3.2536982004606565,3.2668560148350005,12480500,sony
2014-09-24,3.261216640472412,3.270614950280611,3.253697858181824,3.2649759195810155,16925000,sony
2014-09-25,3.2461793422698975,3.2818930544505154,3.2367810323392163,3.2818930544505154,12656500,sony
2014-09-26,3.2743735313415527,3.2818923120292482,3.2612159452297513,3.268734501844114,8992000,sony
2014-09-29,3.3420426845550537,3.3476817161572163,3.3251258138219835,3.3270053416404264,20209000,sony
2014-09-30,3.3909130096435547,3.404070596850618,3.3777554224364907,3.392792536916934,15390000,sony
2014-10-01,3.3401622772216797,3.3702369571493667,3.3270046887808316,3.362718399204131,11020500,sony
2014-10-02,3.281893014907837,3.29317085224474,3.2367809933400813,3.285652294020138,11552500,sony
2014-10-03,3.3100876808166504,3.3251250201419884,3.2724944445399866,3.293170590048134,9825000,sony
2014-10-06,3.338282823562622,3.343921854182882,3.31572692515496,3.319486204210674,8333000,sony
2014-10-07,3.2649762630462646,3.31384756881936,3.2630965112575283,3.31384756881936,8022000,sony
2014-10-08,3.3439218997955322,3.345801427312338,3.2743742279859593,3.306328436505466,14298500,sony
2014-10-09,3.229262113571167,3.2837722154553015,3.223623083427515,3.268734876430015,13676000,sony
2014-10-10,3.217984914779663,3.280013814819051,3.216105162870759,3.257457912279297,10825500,sony
2014-10-13,3.19166898727417,3.242420039793564,3.18790970814361,3.221743668465412,9495000,sony
2014-10-14,3.204827070236206,3.2311422504396434,3.1897897283742127,3.204827070236206,9728000,sony
2014-10-15,3.2029473781585693,3.2142254407835664,3.131520171038202,3.210465937192964,22357500,sony
2014-10-16,3.1747519969940186,3.1991876465125118,3.1146026369259197,3.1146026369259197,9702500,sony
2014-10-17,3.2405405044555664,3.248059287291849,3.2161048523660924,3.223623635202375,8531500,sony
2014-10-20,3.295050859451294,3.295050859451294,3.261216896669151,3.264976176073078,6629000,sony
2014-10-21,3.2762534618377686,3.2856517701567483,3.251817815393753,3.264975402225655,28131000,sony
2014-10-22,3.313847541809082,3.357079815936999,3.3100882623356553,3.3420424739698884,12433000,sony
2014-10-23,3.3589589595794678,3.3796353304293194,3.3345235337593953,3.3439218434050773,8724000,sony
2014-10-24,3.330764055252075,3.330764055252075,3.296930095462958,3.319486218037955,7097500,sony
2014-10-27,3.2856521606445312,3.2894114396042307,3.264975790256127,3.2762538512085966,10611000,sony
2014-10-28,3.330764055252075,3.334523558396827,3.2894115373202113,3.3063284051780806,6820500,sony
2014-10-29,3.4510631561279297,3.4811378420925534,3.42662750179085,3.4717395307377856,14894500,sony
2014-10-30,3.5187299251556396,3.5450453227001706,3.48113669215489,3.4848959706402964,24488500,sony
2014-10-31,3.725493907928467,3.7405312498877237,3.590158054368561,3.590158054368561,36996000,sony
2014-11-03,3.7894017696380615,3.7912812969474383,3.6897796518936996,3.6916591792030764,31269000,sony
2014-11-04,3.761207103729248,3.8138379084913603,3.7461699870239413,3.7818836993825062,25533500,sony
2014-11-05,3.793161153793335,3.8307548402738623,3.78564259575593,3.8063191905422324,11746500,sony
2014-11-06,3.702937602996826,3.714215440180686,3.6691036432984907,3.686020511110969,13435000,sony
2014-11-07,3.6879003047943115,3.695418863002747,3.669103685199842,3.686020553205512,12112000,sony
2014-11-10,3.8533103466033936,3.8721069649518305,3.8307546734733084,3.843912261502541,13952500,sony
2014-11-11,3.8927834033966064,3.8927834033966064,3.8420321325502984,3.853310192738367,15562500,sony
2014-11-12,3.8777458667755127,3.887144399711661,3.840152631324353,3.840152631324353,13630500,sony
2014-11-13,3.836393356323242,3.8551904233116967,3.8157172100413823,3.8232357679487183,10801000,sony
2014-11-14,3.879625082015991,3.8890236141960948,3.8608284658024647,3.8739865004839458,5873000,sony
2014-11-17,3.808199405670166,3.8495521545631806,3.795041814692123,3.795041814692123,9753000,sony
2014-11-18,3.9961647987365723,4.003683804711975,3.962331064434214,3.969849622262878,16645000,sony
2014-11-19,3.9115800857543945,3.928496728169855,3.9003020253796072,3.928496728169855,11052500,sony
2014-11-20,3.8495516777038574,3.862709267052017,3.813837964817837,3.8288750817452266,9951500,sony
2014-11-21,3.992405652999878,4.022480331776558,3.928496792544409,3.9679700045029955,14414500,sony
2014-11-24,4.065713405609131,4.084510027557688,3.988646941917271,3.988646941917271,28007500,sony
2014-11-25,4.122101306915283,4.133378916192203,4.095785690211527,4.114582303201865,14151000,sony
2014-11-26,4.076991558074951,4.078871534220575,4.054435877649351,4.060074909792471,9148500,sony
2014-11-28,4.1333794593811035,4.144657518286736,4.110823789716502,4.1164628191693176,8605500,sony
2014-12-01,4.163455486297607,4.195410146293321,4.1559369273002424,4.182252107864423,22176500,sony
2014-12-02,4.127741813659668,4.167214580629527,4.123982310456783,4.148417960908628,13048000,sony
2014-12-03,4.125862121582031,4.148418246056244,4.086389351898954,4.11082500403042,16337500,sony
2014-12-04,4.157815456390381,4.163454486320727,4.1277412276241385,4.14277834200726,11207000,sony
2014-12-05,4.165334701538086,4.191649877296934,4.155936168397512,4.174732786531934,9208500,sony
2014-12-08,3.9754891395568848,4.035638505846284,3.97172963610875,4.024360443648672,12798000,sony
2014-12-09,3.890903949737549,3.8965429805878253,3.845792151082111,3.8683482744832167,15015500,sony
2014-12-10,3.9078216552734375,3.958572492739982,3.9021826235386166,3.951053933142502,9206000,sony
2014-12-11,3.898422956466675,3.9623318307369453,3.892784373114746,3.922858610245667,9562000,sony
2014-12-12,3.8213562965393066,3.8645885653238117,3.8213562965393066,3.8533105042240714,12054500,sony
2014-12-15,3.7066969871520996,3.759327567722453,3.704817235531472,3.7480495061454544,22241000,sony
2014-12-16,3.7066969871520996,3.7612070952696963,3.704817235531472,3.7179750487290986,11657500,sony
2014-12-17,3.8326339721679688,3.855190092098845,3.7837626777488738,3.7856422050275453,11184500,sony
2014-12-18,3.973609685897827,3.996165362566261,3.954813064600732,3.9717297100653566,13207500,sony
2014-12-19,3.8683483600616455,3.909700656349467,3.8589498257210058,3.885265004839944,7828000,sony
2014-12-22,3.9059417247772217,3.926617873575657,3.890904158985525,3.9097007801150476,6459500,sony
2014-12-23,3.92097806930542,3.9454137167703935,3.904060979180428,3.9247375720487656,9001500,sony
2014-12-24,4.007442474365234,4.02248003672392,3.9886458575268997,3.9905253847667246,6787000,sony
2014-12-26,3.9980452060699463,4.018721354368364,3.986767144035614,4.018721354368364,5540000,sony
2014-12-29,3.979248285293579,3.99804490455096,3.9660902484813354,3.986766843367181,5537500,sony
2014-12-30,3.8683483600616455,3.873987391036673,3.8589498257210058,3.8721074152804746,7877500,sony
2014-12-31,3.8476712703704834,3.892783512385799,3.8476712703704834,3.892783512385799,4231000,sony
2015-01-02,3.864588975906372,3.889024628169658,3.840153323643086,3.847671882459452,6149500,sony
2015-01-05,3.808199405670166,3.843913122980186,3.7988008703162315,3.843913122980186,5415500,sony
2015-01-06,3.806318998336792,3.868347883269962,3.7875223801190656,3.8457917621499993,11045500,sony
2015-01-07,4.046916961669922,4.07887117557334,4.035638898375343,4.058194576817665,12431500,sony
2015-01-08,4.052554130554199,4.063832189911972,4.0356374896642215,4.0469155490219935,6482500,sony
2015-01-09,4.011203289031982,4.095787868398248,4.007443785175926,4.09390834054364,15066000,sony
2015-01-12,4.0149617195129395,4.026239781177995,3.9924060443296012,4.018721222783548,9979500,sony
2015-01-13,3.9811267852783203,4.039396155493316,3.9454130834626917,4.02247951623045,8887500,sony
2015-01-14,3.890903949737549,3.981127995195198,3.8570702127826637,3.981127995195198,12103000,sony
2015-01-15,3.9341366291046143,3.996165526748158,3.9284975976691268,3.9924064712223792,12284500,sony
2015-01-16,3.885265350341797,3.8890248540417276,3.8232364522472877,3.834514515200257,12934500,sony
2015-01-20,3.9134607315063477,3.9322573547871973,3.883386044627619,3.930377826903167,5316500,sony
2015-01-21,4.118342876434326,4.155936112194781,4.093907228375358,4.1089447915675725,21364000,sony
2015-01-22,4.167215347290039,4.178493410826805,4.12962210093205,4.133381156679741,9618500,sony
2015-01-23,4.248040676116943,4.300671487482152,4.214206935211815,4.231123581590967,14814000,sony
2015-01-26,4.392773151397705,4.411569767413504,4.375856510686159,4.379615565001313,17967000,sony
2015-01-27,4.3345046043396,4.353301223946666,4.311948481552416,4.323226542946008,8247500,sony
2015-01-28,4.4096903800964355,4.494275378923238,4.405931325662074,4.490515876342186,17519500,sony
2015-01-29,4.430367946624756,4.436006529516624,4.396533760392819,4.428487970847345,12854000,sony
2015-01-30,4.377737045288086,4.436006433902539,4.373977541961085,4.4021726965466454,11329000,sony
2015-02-02,4.385254859924316,4.392773417156166,4.3063088886231355,4.315707421272975,8135500,sony
2015-02-03,4.396533012390137,4.398412539700987,4.349541244445193,4.351421219902755,10221000,sony
2015-02-04,4.87584924697876,4.9905085222596535,4.620214615389484,4.67660448902471,46101000,sony
2015-02-05,5.041258811950684,5.071333497560504,4.981109888877873,4.99050797604835,17832500,sony
2015-02-06,4.994266510009766,5.037498778151439,4.9848679765174815,5.001785067915547,9647500,sony
2015-02-09,4.828856468200684,4.858931150915529,4.819457933788075,4.828856468200684,11959500,sony
2015-02-10,4.898403167724609,4.911560755364426,4.843892841683428,4.868328489627864,10809000,sony
2015-02-11,4.905923366546631,4.91720143062446,4.866450590421099,4.866450590421099,7784500,sony
2015-02-12,5.095768928527832,5.1014079598419855,5.0130638828315925,5.01494341055404,14578500,sony
2015-02-13,5.131482124328613,5.161556805575339,5.1126855045677555,5.114565032099812,7761000,sony
2015-02-17,4.999904632568359,5.011182243305816,4.94351478629443,4.95855189937548,11144000,sony
2015-02-18,5.266818046569824,5.285614666618706,5.054415747056013,5.07697187037338,25108000,sony
2015-02-19,5.1446404457092285,5.16719657189193,5.103287697089886,5.123964295472971,12881000,sony
2015-02-20,5.123964309692383,5.13336239686337,5.054416403151662,5.076972529396959,11331000,sony
2015-02-23,5.08073091506958,5.092008975710338,5.063813824108443,5.084489969852012,7342000,sony
2015-02-24,5.214187145233154,5.22734473420966,5.1559177586019524,5.161556789327135,8431500,sony
2015-02-25,5.204788684844971,5.231103860903966,5.1822325635677,5.187871593887017,4915500,sony
2015-02-26,5.28749418258667,5.313809360968054,5.263058531762022,5.268697562579,6143500,sony
2015-02-27,5.323208332061768,5.385237227994107,5.321328804350729,5.357042071594495,8342000,sony
2015-03-02,5.283735275268555,5.287494330487173,5.242382530836264,5.253660592785687,6048500,sony
2015-03-03,5.231104850769043,5.261179535447429,5.212308228863404,5.255540504061056,6191000,sony
2015-03-04,5.242382526397705,5.248021557367642,5.191631695815053,5.2273449610956115,5019500,sony
2015-03-05,5.274335861206055,5.289372975866011,5.249900213773595,5.259298746546098,6084000,sony
2015-03-06,5.170956134796143,5.223586951670267,5.167197078828123,5.214188415456474,7109000,sony
2015-03-09,5.125842571258545,5.133361128767389,5.092008838395389,5.103286450585295,5056000,sony
2015-03-10,4.994266510009766,5.020581686753372,4.9867479521039835,5.007424098381569,7700000,sony
2015-03-11,5.045018196105957,5.054416283053636,5.02622157406378,5.037499636918451,7595500,sony
2015-03-12,5.0995283126831055,5.10328736803996,5.078851715633205,5.078851715633205,5950500,sony
2015-03-13,4.992386817932129,5.005544855197898,4.964192112147635,5.005544855197898,7555000,sony
2015-03-16,4.8532915115356445,4.864569572158351,4.826976335513815,4.836374420601584,11894000,sony
2015-03-17,5.028100967407227,5.107046957132627,4.98862819661793,5.103287453565967,9300500,sony
2015-03-18,5.283735275268555,5.319448540579351,5.2123078483533964,5.253660592785687,12221500,sony
2015-03-19,5.23486328125,5.270576541846643,5.208547657459415,5.263057984255073,5273000,sony
2015-03-20,5.246140956878662,5.281854666053052,5.214186750618793,5.253659962707703,7276000,sony
2015-03-23,5.221705436706543,5.2574186955473685,5.219825461291035,5.240502053834709,6267000,sony
2015-03-24,5.182233810424805,5.214188024491373,5.172835723062562,5.202909961139211,4719000,sony
2015-03-25,5.016822338104248,5.161556710941325,5.00742425246951,5.154038152804183,13284500,sony
2015-03-26,4.988626956939697,5.005544046565545,4.951033723202279,4.956672753077561,5649500,sony
2015-03-27,5.03373908996582,5.043137623112392,5.011182968931429,5.011182968931429,4196500,sony
2015-03-30,5.0920090675354,5.101407152807688,5.078851031119414,5.086370037113332,6844000,sony
2015-03-31,5.03373908996582,5.043137623112392,4.99802538104361,5.018701974707377,8756500,sony
2015-04-01,5.123964309692383,5.163437082474822,5.075093001592127,5.16155755466999,9593000,sony
2015-04-02,5.23486328125,5.259298929532649,5.217946190558922,5.246140893563995,8307000,sony
2015-04-06,5.5168137550354,5.560046030797605,5.471701951502132,5.494258077342177,12264000,sony
2015-04-07,5.445384979248047,5.505533881461762,5.435986447190066,5.505533881461762,7908500,sony
2015-04-08,5.548766613006592,5.561924648631634,5.513053353342574,5.524330965362062,6851500,sony
2015-04-09,5.620194911956787,5.640871060080026,5.548767485109043,5.590120229502305,8290500,sony
2015-04-10,5.7442522048950195,5.768687854286775,5.719816555503264,5.742372677448499,10964500,sony
2015-04-13,5.708539009094238,5.761169815661641,5.697260947105025,5.725456102078059,6976000,sony
2015-04-14,5.851391792297363,5.892744525405659,5.7987614484746794,5.879586939449988,13585500,sony
2015-04-15,5.967932224273682,5.971691727389038,5.900264305224548,5.945376550021806,21928500,sony
2015-04-16,5.841995716094971,5.860792337940032,5.79500393740891,5.808161527885772,12621500,sony
2015-04-17,5.640870571136475,5.670945250984121,5.5826011870325445,5.595758775438376,17676500,sony
2015-04-20,5.706657886505127,5.734853033597804,5.68598174406827,5.725454501851358,5213500,sony
2015-04-21,5.804401397705078,5.817558985745779,5.774326718692021,5.81191995542166,9337500,sony
2015-04-22,6.0807108879089355,6.127702652060137,6.011163453408366,6.0337195719044106,18871500,sony
2015-04-23,5.774327278137207,5.825078107824536,5.670945643041214,5.682223704782126,20733000,sony
2015-04-24,5.890865802764893,5.92657951131971,5.860791124410663,5.911541948069234,16455500,sony
2015-04-27,5.862671852111816,5.900265095714933,5.851393789401518,5.888987033004635,7363000,sony
2015-04-28,5.828836441040039,5.8438735549115215,5.789363232870697,5.804400794888865,4785500,sony
2015-04-29,5.770566940307617,5.811919677994978,5.721695645262567,5.778085497665307,5446000,sony
2015-04-30,5.682223320007324,5.708538496856322,5.597638310824978,5.695380908431823,6355500,sony
2015-05-01,5.810040473937988,5.845753735410626,5.695380787303879,5.697260314711192,6832000,sony
2015-05-04,5.855152130126953,5.86830971796013,5.808160360882701,5.810040336392244,6115000,sony
2015-05-05,5.701019763946533,5.838235122615505,5.699140236556932,5.810040419184563,8268000,sony
2015-05-06,5.631473064422607,5.70478002005631,5.595759350424631,5.6897424545139454,9887500,sony
2015-05-07,5.695380687713623,5.702899245358142,5.650268893699777,5.659666978718745,4993000,sony
2015-05-08,5.759289741516113,5.778086361794782,5.727335531857054,5.734854538485943,4792500,sony
2015-05-11,5.796882152557373,5.864549612128901,5.793122650071543,5.851392025648511,4451500,sony
2015-05-12,5.922821044921875,5.969812822101095,5.915302486054304,5.962293815086723,14985000,sony
2015-05-13,6.0149245262146,6.09950909636426,5.986729370733517,6.095750041064645,18655500,sony
2015-05-14,6.0506367683410645,6.054395822726114,5.999885500822738,6.014923062802989,11105000,sony
2015-05-15,6.154017925262451,6.15965695497845,6.09762807624915,6.1239432494926875,7993500,sony
2015-05-18,6.099508762359619,6.137102450324724,6.090110676478419,6.123944413056214,3234500,sony
2015-05-19,6.129583835601807,6.19349270589498,6.122065276786961,6.19349270589498,7970000,sony
2015-05-20,6.046878337860107,6.0938701111778695,6.037479803937849,6.088231080453867,4702500,sony
2015-05-21,5.979209899902344,5.98860843301129,5.952894724232052,5.984848930138367,4910000,sony
2015-05-22,5.962292671203613,5.990487821731184,5.951014610992585,5.956653641098099,5277000,sony
2015-05-26,5.945376396179199,5.992367719098057,5.911542213456749,5.990488191662391,6204500,sony
2015-05-27,5.872068405151367,5.892744547710446,5.832595198988282,5.883346464055106,5056500,sony
2015-05-28,5.860790729522705,5.877707818984631,5.8175584663289115,5.830716053194846,8637500,sony
2015-05-29,5.811920166015625,5.845753901039567,5.7856049889806975,5.808160662947743,3674500,sony
2015-06-01,5.789363861083984,5.830716600937843,5.755530127128451,5.80064192178474,6835500,sony
2015-06-02,5.740494251251221,5.766809883339,5.717938571364809,5.7329756912890835,8561500,sony
2015-06-03,5.719816207885742,5.74425185579244,5.689741529835443,5.691621505314455,6608500,sony
2015-06-04,5.6427507400512695,5.701020126151537,5.608916556008462,5.6859830097859065,6109500,sony
2015-06-05,5.64838981628418,5.667186435966209,5.595759012286441,5.603277570529901,6949500,sony
2015-06-08,5.501776695251465,5.567564649408543,5.482980072899896,5.539369939954603,6434500,sony
2015-06-09,5.477339744567871,5.492376859630217,5.413431333332822,5.454783623827632,7750500,sony
2015-06-10,5.6352314949035645,5.6690656775124975,5.588240172142367,5.595758730006549,4320500,sony
2015-06-11,5.7348551750183105,5.768688916016534,5.71417857671406,5.7386142306032095,3730000,sony
2015-06-12,5.7216973304748535,5.738614425622283,5.702900707471102,5.708539739186911,3106500,sony
2015-06-15,5.766808986663818,5.80816128409918,5.723576713420089,5.761169955532306,5052000,sony
2015-06-16,5.7216973304748535,5.751772016910225,5.699141651758456,5.714178770902721,3741000,sony
2015-06-17,5.6295928955078125,5.642750932961024,5.597638686028354,5.614555778628105,5333000,sony
2015-06-18,5.6747050285339355,5.684103114358414,5.631472758189096,5.631472758189096,2819500,sony
2015-06-19,5.576962471008301,5.633352330847146,5.571323440209739,5.614555710900865,3605000,sony
2015-06-22,5.732974052429199,5.746131640638354,5.691621760385208,5.699140318198048,3937000,sony
2015-06-23,5.828836441040039,5.83635499797578,5.796882237953123,5.798761765150387,3564000,sony
2015-06-24,5.7348551750183105,5.772448419748259,5.7254566397624105,5.751771821444009,3672500,sony
2015-06-25,5.855152130126953,5.9585337535762735,5.849513099891774,5.902143899371205,5611000,sony
2015-06-26,5.858912944793701,5.9077838041960975,5.83635681880273,5.905904276412458,4683500,sony
2015-06-29,5.706657886505127,5.80627999265482,5.697259354758681,5.796881909055034,6254500,sony
2015-06-30,5.336365699768066,5.462303014091297,5.3232081100459485,5.392755562068623,14208000,sony
2015-07-01,5.358920574188232,5.449144153569284,5.319447366080674,5.3514015691175745,5534500,sony
2015-07-02,5.336365699768066,5.38523700339124,5.3213285824133,5.3683199102570365,3807000,sony
2015-07-06,5.270576477050781,5.332605360675434,5.244261301730436,5.2818545373728485,3475000,sony
2015-07-07,5.2950119972229,5.302531002687265,5.2066679404103375,5.283734385319769,5891500,sony
2015-07-08,5.039378643035889,5.201029665494944,5.031860084626652,5.167195928579995,7655500,sony
2015-07-09,5.142760753631592,5.2818556655901885,5.127723187274535,5.232984359186678,12866500,sony
2015-07-10,5.338245391845703,5.400274287101798,5.308170708062929,5.315689715118724,22552000,sony
2015-07-13,5.388996124267578,5.481099245784498,5.353282412901645,5.4040332405549405,31160500,sony
2015-07-14,5.319447994232178,5.342004115814341,5.313808963836636,5.332605582439527,7776000,sony
2015-07-15,5.248021125793457,5.295012449149531,5.2405025678340955,5.28185486068396,6300000,sony
2015-07-16,5.259298801422119,5.315688654205395,5.257418825959977,5.29689203661097,7064500,sony
2015-07-17,5.285614967346191,5.349523389519134,5.281855463863808,5.349523389519134,5321500,sony
2015-07-20,5.283735275268555,5.304411423411309,5.257419648004306,5.296892864827287,6961500,sony
2015-07-21,5.3476433753967285,5.398394202984916,5.340124817262693,5.36080096416798,17691000,sony
2015-07-22,5.334486484527588,5.366440696887825,5.323208421777666,5.347644075020225,4984500,sony
2015-07-23,5.48861837387085,5.545008233419921,5.479219839872621,5.526211613570231,7584500,sony
2015-07-24,5.501776695251465,5.582602216177894,5.475461513588634,5.5544070585771275,11163500,sony
2015-07-27,5.428469657897949,5.464183374311698,5.375838847159768,5.452905311428744,14113000,sony
2015-07-28,5.496136665344238,5.498016192793926,5.4002735950622265,5.454783924423886,4974000,sony
2015-07-29,5.552525520324707,5.565683106392017,5.513052762122777,5.513052762122777,4926000,sony
2015-07-30,5.473581314086914,5.637112325198422,5.443506629923413,5.625834262618759,10592000,sony
2015-07-31,5.328847408294678,5.375838738494696,5.319448873366587,5.360801620385925,5534000,sony
2015-08-03,5.217947006225586,5.259299751663552,5.18223329189947,5.24614171363804,7237500,sony
2015-08-04,5.142760753631592,5.176594493678046,5.110806541324715,5.169075934572924,6808000,sony
2015-08-05,5.095768928527832,5.12584361282105,5.0750927791404745,5.095768928527832,6710500,sony
2015-08-06,4.992386817932129,5.048777125794655,4.971710670480382,5.035619088528887,5756500,sony
2015-08-07,5.043138027191162,5.045017554712382,4.9905072232761425,5.013063346117831,3121000,sony
2015-08-10,5.103286266326904,5.107045769018946,5.050655917518542,5.050655917518542,3368500,sony
2015-08-11,5.140880107879639,5.189751407915135,5.118324433503318,5.150278641646506,5299000,sony
2015-08-12,5.0224609375,5.048776560940592,4.934116878643869,5.048776560940592,5411000,sony
2015-08-13,5.069453239440918,5.093888889969475,5.056295650409659,5.07321229450884,3714000,sony
2015-08-14,5.097647666931152,5.1070462003817445,5.060054429422265,5.088249581627301,1906000,sony
2015-08-17,5.043138027191162,5.060054671175666,4.998025781507785,5.014942873639051,2512500,sony
2015-08-18,5.050655841827393,5.080730518472904,5.04125730931149,5.054414896316396,2241000,sony
2015-08-19,5.005545139312744,5.029980791391218,4.967951449221652,5.028100815591247,5114000,sony
2015-08-20,4.796902656555176,4.883367208491789,4.7818650898745165,4.870209617737977,7126000,sony
2015-08-21,4.6070556640625,4.755549088611006,4.605176136606468,4.714196347551059,7656500,sony
2015-08-24,4.370218276977539,4.4923965274048605,4.043156740220348,4.2217248489648735,11455000,sony
2015-08-25,4.471720218658447,4.667205431859738,4.469840691038216,4.665325904239506,8259000,sony
2015-08-26,4.706678867340088,4.710438371259771,4.541268313370475,4.676604180423172,12455000,sony
2015-08-27,4.86081075668335,4.877727850009938,4.796902334978631,4.798781862632653,9333500,sony
2015-08-28,4.862690448760986,4.898404164275784,4.830736236828149,4.892765132976248,6608000,sony
2015-08-31,4.845772743225098,4.8927640629150275,4.8326151557860495,4.853291300597881,6377500,sony
2015-09-01,4.676603317260742,4.749910269062899,4.654047642346302,4.723595090922668,7050500,sony
2015-09-02,4.787503242492676,4.787503242492676,4.684122063220465,4.746150950042488,4382000,sony
2015-09-03,4.759308815002441,4.834495294532869,4.736752691884607,4.825096760518182,8570500,sony
2015-09-04,4.616455078125,4.661566882701112,4.597658455539384,4.62397363752988,5204500,sony
2015-09-08,4.680361747741699,4.693519333796079,4.618332871687243,4.618332871687243,8092500,sony
2015-09-09,4.710437297821045,4.8326155455325175,4.699159236778948,4.811938950906423,8931000,sony
2015-09-10,4.87396764755249,4.904042326437652,4.802540677328621,4.8401339138983905,7800000,sony
2015-09-11,4.917201042175293,4.922840073768735,4.862690702203242,4.889006332354915,7043000,sony
2015-09-14,4.879607200622559,4.8814867282083885,4.845773463343728,4.879607200622559,3549000,sony
2015-09-15,4.857051372528076,4.870208961508989,4.772466359768766,4.806300095984432,5414000,sony
2015-09-16,4.913439750671387,4.9491530036493385,4.862688489424895,4.877726049546806,5635000,sony
2015-09-17,4.966072082519531,5.048777575994919,4.960433051230445,4.990507735389967,7424500,sony
2015-09-18,4.776225566864014,4.870209116542477,4.757428946557677,4.842013962009583,6238000,sony
2015-09-21,4.7856245040893555,4.842014369756973,4.7649483544552735,4.806300653723437,3675500,sony
2015-09-22,4.702918529510498,4.727354177959943,4.654047232611609,4.71043708715339,6076000,sony
2015-09-23,4.695400238037109,4.721715866010746,4.648408909510148,4.7029192449706025,9127000,sony
2015-09-24,4.702918529510498,4.71043708715339,4.607055463086762,4.70667758425858,13525000,sony
2015-09-25,4.778536796569824,4.870939491487164,4.746478810496911,4.852081826173556,7520500,sony
2015-09-28,4.535274505615234,4.682364620816422,4.501330874970086,4.678592906477016,16978500,sony
2015-09-29,4.45229959487915,4.461728203694579,4.386297534762139,4.403269570152614,8367500,sony
2015-09-30,4.620134353637695,4.6257917004644,4.542817580074324,4.5692186817997404,5370000,sony
2015-10-01,4.661620140075684,4.688021237133499,4.625790882644197,4.676706545480479,7910000,sony
2015-10-02,4.857738971710205,4.859624603283652,4.688019990840985,4.793623002191159,11063000,sony
2015-10-05,4.995402812957764,5.006717508047115,4.95580182974748,4.9803168525735915,9156500,sony
2015-10-06,4.965229511260986,4.993516243678633,4.918085556701388,4.976544204228045,4649500,sony
2015-10-07,5.0463175773620605,5.053860555516059,4.980315506909344,5.025573825435661,2966500,sony
2015-10-08,4.982201099395752,4.9897440774897195,4.90488478712853,4.9539148191427955,8386000,sony
2015-10-09,5.016144752502441,5.0236877299607485,4.980315047572633,5.002944429549834,3273000,sony
2015-10-12,5.036888122558594,5.055745791266246,5.006715762705891,5.02934514499599,3734500,sony
2015-10-13,4.980316162109375,5.048203873631176,4.976544447735016,4.985973508869724,1921000,sony
2015-10-14,4.9048848152160645,4.972772517655161,4.899227469212613,4.942600155504194,2388500,sony
2015-10-15,5.0896897315979,5.091575813307551,5.006716074045025,5.014259052076684,3883500,sony
2015-10-16,5.125519275665283,5.127405357314737,5.06328892208619,5.11986192992152,3852000,sony
2015-10-19,5.172663688659668,5.176434952764911,5.123633658473103,5.1575772834317934,3982000,sony
2015-10-20,5.13494873046875,5.155692033391469,5.110433713559021,5.1387199948534255,2818000,sony
2015-10-21,5.299009799957275,5.368783128523841,5.293352454440821,5.35369717354815,7192500,sony
2015-10-22,5.419699668884277,5.440442971024927,5.365012290947308,5.366897923068554,7468500,sony
2015-10-23,5.431014537811279,5.459300818961068,5.334840102856401,5.393298746941007,8122500,sony
2015-10-26,5.457414627075195,5.483815273334681,5.4347852447943295,5.478157927764465,6358500,sony
2015-10-27,5.393298625946045,5.400842053712267,5.331068269289807,5.36501234543084,3882000,sony
2015-10-28,5.463072299957275,5.480043888082466,5.380098193024355,5.408384922570194,4759000,sony
2015-10-29,5.299009799957275,5.3272965275395485,5.153805797307689,5.310324490990185,9424500,sony
2015-10-30,5.355583667755127,5.402728071448287,5.353698035480154,5.380098685739194,3593000,sony
2015-11-02,5.446100234985352,5.457414926747085,5.381984247805277,5.381984247805277,3570500,sony
2015-11-03,5.451757431030273,5.483815423739229,5.415927724636964,5.415927724636964,3402000,sony
2015-11-04,5.365011692047119,5.406498741299507,5.34615402413281,5.3838693599614285,4433500,sony
2015-11-05,5.34615421295166,5.398955505135689,5.329182176348672,5.365011881531997,2683500,sony
2015-11-06,5.289580821990967,5.297123798953319,5.238665165492277,5.255636751257006,4522500,sony
2015-11-09,5.255638122558594,5.331068811067999,5.227351839168751,5.297125181079713,3309000,sony
2015-11-10,5.299009799957275,5.3122101229615755,5.246208507940074,5.2820382130101935,2407500,sony
2015-11-11,5.336724758148193,5.36312585188488,5.315981459128601,5.3555824253302555,2841000,sony
2015-11-12,5.255638122558594,5.300896895346131,5.2480951436281265,5.283924855550804,2644000,sony
2015-11-13,5.150034427642822,5.200950091088394,5.136834103757105,5.187749767202677,3857500,sony
2015-11-16,5.174549579620361,5.1764352117673305,5.1198622009373524,5.125519546980583,3161000,sony
2015-11-17,5.067060470581055,5.13683379967624,5.040659824372436,5.0689461025667315,7355000,sony
2015-11-18,5.0896897315979,5.095347077522223,5.046317495515284,5.0614034515786015,4675500,sony
2015-11-19,5.065176010131836,5.0972340093145405,5.053861316396202,5.072718989421463,2837000,sony
2015-11-20,5.070832252502441,5.093461637051139,5.057631928049811,5.074603966461335,2600500,sony
2015-11-23,5.051974296569824,5.099118695182717,5.044431318680407,5.053860378243908,3227500,sony
2015-11-24,5.084033489227295,5.099119447231097,5.029346104659365,5.065175816921358,3368500,sony
2015-11-25,4.999172687530518,5.0123730104079,4.9897436285596575,4.9916297101151965,3131000,sony
2015-11-27,4.995402812957764,5.042547225962577,4.989745465413089,5.010489222944379,1060500,sony
2015-11-30,4.887912750244141,4.910542134133124,4.870940712327403,4.893570096216386,4412000,sony
2015-12-01,4.940712928771973,4.970885283930583,4.931284320686154,4.940712928771973,3015500,sony
2015-12-02,4.789853572845459,4.846426593437838,4.776653246334144,4.844540960965479,10192500,sony
2015-12-03,4.761566638946533,4.853968911942905,4.748365864630426,4.8332256087644625,8753500,sony
2015-12-04,4.787968158721924,4.791739423838625,4.7276234208304855,4.7351664006663094,7160500,sony
2015-12-07,4.770994663238525,4.795509677437411,4.742708385071986,4.786081067915993,2393500,sony
2015-12-08,4.676706314086914,4.70876430578277,4.6521912999190915,4.691792269142981,6400500,sony
2015-12-09,4.593733310699463,4.654077589046501,4.557903600379368,4.652191956798816,6877500,sony
2015-12-10,4.644648551940918,4.680478258972724,4.635219492363156,4.6653918535687655,4682500,sony
2015-12-11,4.589961528778076,4.6352198492701815,4.571103857772838,4.620133892306927,6541000,sony
2015-12-14,4.648420333862305,4.671049719687701,4.578646993703807,4.61636233701123,9530500,sony
2015-12-15,4.620134353637695,4.67105002547565,4.586190272677468,4.642763291342127,9867000,sony
2015-12-16,4.75968074798584,4.769109808646533,4.671049735866643,4.686135693400923,10996500,sony
2015-12-17,4.738936901092529,4.806824601424425,4.737051269017348,4.7747666081348115,4907000,sony
2015-12-18,4.608819484710693,4.655963889939532,4.608819484710693,4.63710621776847,5797500,sony
2015-12-21,4.591845512390137,4.605045832394266,4.520186568138837,4.580530823928831,7360500,sony
2015-12-22,4.582418441772461,4.595618766203275,4.525845430096545,4.537159672749864,4947500,sony
2015-12-23,4.642761707305908,4.6616193737601925,4.605046374397339,4.618246695955115,5651000,sony
2015-12-24,4.657848834991455,4.672934790661363,4.633333819826127,4.63521945188429,2337000,sony
2015-12-28,4.652190208435059,4.674819585312202,4.625789568479845,4.65973318419338,2950500,sony
2015-12-29,4.682363510131836,4.6955638327849964,4.6540767833020125,4.6880208554978005,3288000,sony
2015-12-30,4.661620140075684,4.695564215034742,4.657848875926215,4.672934831728703,1724500,sony
2015-12-31,4.640878677368164,4.6710510505310765,4.622021000341654,4.652193373504566,3444500,sony
2016-01-04,4.663506507873535,4.6767068324111705,4.584304111045388,4.610704760120659,12411000,sony
2016-01-05,4.8030524253845215,4.85019681954492,4.6974493960993104,4.6974493960993104,17413000,sony
2016-01-06,4.456071376800537,4.803052853925123,4.388183676945626,4.803052853925123,26404500,sony
2016-01-07,4.388184070587158,4.459843490596437,4.369326399469297,4.435328473182983,10547000,sony
2016-01-08,4.337268352508545,4.508873472384079,4.337268352508545,4.491901433696948,9348000,sony
2016-01-11,4.40515661239624,4.416471306279187,4.335383266254594,4.407042244842599,11962000,sony
2016-01-12,4.308981418609619,4.354239731987771,4.2524084144863625,4.352354100064343,10302500,sony
2016-01-13,4.24109411239624,4.380640778767912,4.214693015037501,4.363668741094932,11860000,sony
2016-01-14,4.205265045166016,4.222237085422829,4.129834354605575,4.195835984044771,15053500,sony
2016-01-15,4.043087482452393,4.090231421899803,3.9997148063835346,4.069488124511119,8310000,sony
2016-01-19,4.188292980194092,4.2938960362760215,4.1411490236732025,4.282581342838248,10851000,sony
2016-01-20,3.967658042907715,4.016688078762873,3.8017102638288995,3.9393713108365263,13558000,sony
2016-01-21,3.9902865886688232,4.050631311450085,3.9299423154898707,3.9469139034702243,6515000,sony
2016-01-22,4.099660873413086,4.127947149878607,4.0298875485822405,4.035544893795796,8446000,sony
2016-01-25,3.9846296310424805,4.046859991973228,3.9770866523604647,4.009144648960796,5887500,sony
2016-01-26,4.003486633300781,4.014801324233547,3.922398614418999,3.9299420414423616,5391500,sony
2016-01-27,3.967658042907715,4.041202647088099,3.9450286572507642,4.001601671790788,3699500,sony
2016-01-28,3.8262245655059814,3.9676573001817026,3.7526795254905156,3.9676573001817026,12264000,sony
2016-01-29,4.5032148361206055,4.616360829083907,4.244864414212412,4.256179103429184,27585000,sony
2016-02-01,4.395727157592773,4.399498421762276,4.331610721085824,4.3825263841925866,9543500,sony
2016-02-02,4.222236633300781,4.280695277344589,4.193949902568402,4.216579287154305,14145000,sony
2016-02-03,4.154348850250244,4.188292476882144,4.067603477121437,4.165663542328319,7876500,sony
2016-02-04,4.163776397705078,4.216578130723437,4.129832779737868,4.158119053110175,4903500,sony
2016-02-05,4.097776889801025,4.201493878029274,4.088347827451672,4.19583653054015,6127500,sony
2016-02-08,3.9978291988372803,4.04685922538627,3.93559884969468,4.037430616220378,7726000,sony
2016-02-09,3.912970781326294,3.9337140857500503,3.8488543365215038,3.8526260507814447,15261500,sony
2016-02-10,3.920513868331909,4.012916599025503,3.8865702374660893,3.894113216591563,4819000,sony
2016-02-11,3.820568323135376,3.880913057944086,3.792281588193043,3.8413116290248204,6217500,sony
2016-02-12,3.9261703491210938,3.9280559810859725,3.805480911323244,3.833767638807828,5804500,sony
2016-02-16,4.067602157592773,4.080802477534241,4.022343403962398,4.060059181855103,6371500,sony
2016-02-17,4.182635307312012,4.201492978370315,4.144919965195403,4.156234657750854,5423000,sony
2016-02-18,4.190178871154785,4.254295321391532,4.18075025910969,4.254295321391532,3017500,sony
2016-02-19,4.143033504486084,4.178863207212684,4.116632860204275,4.1562338266269885,3748500,sony
2016-02-22,4.207149982452393,4.231664997794452,4.188292312927909,4.1920640266737275,2738500,sony
2016-02-23,4.056289196014404,4.133605517044166,4.054403563677787,4.092118908024358,5748500,sony
2016-02-24,4.041202545166016,4.05440331953454,3.954457168471957,3.9940585923728444,3353500,sony
2016-02-25,4.02423095703125,4.026116589254826,3.9620005976298205,3.982743900896183,5254500,sony
2016-02-26,4.061944961547852,4.092117315201241,4.033658239497113,4.0393155839072605,11832000,sony
2016-02-29,3.982743263244629,4.041201899237126,3.9808576313229493,4.012915622002852,5692500,sony
2016-03-01,4.075146675109863,4.094004346389685,4.005373336334759,4.0148019471734955,5364000,sony
2016-03-02,4.148691177368164,4.158119786955537,4.10908975821479,4.126061794994808,8191000,sony
2016-03-03,4.169435977935791,4.1769789582394425,4.135492341768132,4.152463935050736,26241500,sony
2016-03-04,4.324066638946533,4.365553681433056,4.28257959646001,4.288236940871909,8355000,sony
2016-03-07,4.378755569458008,4.407041852041816,4.2976675366608115,4.3014388012173965,10212500,sony
2016-03-08,4.235435962677002,4.33726727018406,4.2278929861213355,4.329724293628393,7389000,sony
2016-03-09,4.390069007873535,4.422126995455738,4.354239307210156,4.412697937553911,7638000,sony
2016-03-10,4.461729049682617,4.58430413474041,4.407041669456653,4.569218177934376,11957000,sony
2016-03-11,4.640878677368164,4.64276431019007,4.56733360208403,4.597505975246943,7072000,sony
2016-03-14,4.635220527648926,4.644649589332688,4.6069342418024535,4.620134568477795,3995500,sony
2016-03-15,4.623905181884766,4.627676895947255,4.589961553731735,4.608819224839495,3301000,sony
2016-03-16,4.808710098266602,4.808710098266602,4.729507708506377,4.735165054175128,6914000,sony
2016-03-17,4.919970989227295,4.929400049517778,4.8407685912761345,4.863397976291421,14194500,sony
2016-03-18,4.953915119171143,4.98408703337434,4.916199776814801,4.938828712467198,5313500,sony
2016-03-21,4.991629123687744,4.99540038715121,4.933170043981779,4.963342399700627,4787000,sony
2016-03-22,4.952027797698975,4.957685142596467,4.895454798326283,4.910541201253674,4098000,sony
2016-03-23,4.821910381317139,4.8897980791723485,4.81625303569568,4.884140733550891,4084000,sony
2016-03-24,4.8030524253845215,4.806824138774168,4.718193145338973,4.746479422153401,4302000,sony
2016-03-28,4.835226058959961,4.890107375657705,4.808731334597662,4.867397740831949,4098500,sony
2016-03-29,4.950664043426514,4.950664043426514,4.825761994807761,4.85036394082034,5819000,sony
2016-03-30,4.880642414093018,4.931738615465322,4.8673952841962365,4.874965008252037,4788000,sony
2016-03-31,4.867396354675293,4.907137753105902,4.863611266216683,4.88253580611649,2299500,sony
2016-04-01,4.716000080108643,4.719784717406449,4.627054335660814,4.687613044391968,6214000,sony
2016-04-04,4.8465800285339355,4.895783476721061,4.839009850785143,4.85604207392492,10681500,sony
2016-04-05,4.861719131469727,4.920385072019055,4.861719131469727,4.882535990787881,20384500,sony
2016-04-06,4.890106678009033,4.8976764048054315,4.810623418655141,4.863611957426612,7641500,sony
2016-04-07,4.787912845611572,4.880643221424557,4.763310899963299,4.865503770808664,6157000,sony
2016-04-08,4.933632850646973,4.986621385976862,4.910923220536073,4.986621385976862,4898000,sony
2016-04-11,5.105845928192139,5.208038810223369,5.103953609457172,5.191006588018722,12317000,sony
2016-04-12,5.29319953918457,5.308339444142529,5.226963864983158,5.296984628223233,11866500,sony
2016-04-13,5.317800521850586,5.321585610200182,5.261026903786303,5.279951443141064,5752000,sony
2016-04-14,5.225069046020508,5.2629181167790575,5.20425219246226,5.2174993221081,7497000,sony
2016-04-15,5.045287132263184,5.07745925739904,5.016900546927197,5.056641946876234,8546500,sony
2016-04-18,5.011222839355469,5.05096423692326,4.8163000374997225,4.82954717002232,14710000,sony
2016-04-19,5.062318801879883,5.109630373873651,5.0433942633216935,5.1001678789962615,5935000,sony
2016-04-20,5.2837371826171875,5.3310483112360405,5.255350144488545,5.287521820236564,8329500,sony
2016-04-21,4.999868392944336,5.1664046234064305,4.982836170793331,5.1588348972937546,14150500,sony
2016-04-22,5.041502952575684,5.145588161049712,4.980944236605702,5.124770848636898,14677500,sony
2016-04-25,4.863610744476318,4.867395832528886,4.818191943828374,4.848471294659195,7501500,sony
2016-04-26,4.876858711242676,4.8806437999436065,4.8390096290199685,4.857934170131323,3611500,sony
2016-04-27,4.8465800285339355,4.882536342455681,4.80494585570226,4.867396889351437,5552500,sony
2016-04-28,4.591099262237549,4.969590165785012,4.551357401527342,4.905246802421293,11160500,sony
2016-04-29,4.560819149017334,4.619485094051929,4.532432110325321,4.61570000516077,11283500,sony
2016-05-02,4.678150653839111,4.727354549388859,4.659226113335103,4.721677142117993,6210000,sony
2016-05-03,4.564603328704834,4.645978896527909,4.5267542483776655,4.642194259213169,4788000,sony
2016-05-04,4.5135064125061035,4.56649538743028,4.4756573380730735,4.547570850213765,15104500,sony
2016-05-05,4.538108825683594,4.549463639427993,4.500259747333334,4.530539100252863,16684500,sony
2016-05-06,4.517292022705078,4.538108880691066,4.469980448595476,4.538108880691066,11678500,sony
2016-05-09,4.5286455154418945,4.585419573945816,4.511613749087241,4.572171992830553,3674500,sony
2016-05-10,4.687612533569336,4.6895048520120275,4.625161512994746,4.640300962929432,5673000,sony
2016-05-11,4.647872447967529,4.736817756573744,4.644087358819661,4.734925437598162,8569000,sony
2016-05-12,4.890106678009033,4.948772624676974,4.852257141633673,4.937417808884034,12990500,sony
2016-05-13,4.9430952072143555,5.0471804168526235,4.909031211098145,5.024470785310693,15170000,sony
2016-05-16,4.988512992858887,5.005545213011446,4.946879278525863,4.96391104748183,7480500,sony
2016-05-17,4.905245780944824,4.988513672146073,4.89578328472825,4.948772270908429,6956000,sony
2016-05-18,5.067996978759766,5.120985965493483,5.041502710991236,5.060427252425423,8432500,sony
2016-05-19,4.937417507171631,4.965804544919323,4.903353513071057,4.9412025959368755,4248000,sony
2016-05-20,5.003653526306152,5.013115571232379,4.979051577822656,4.980943896568571,2831500,sony
2016-05-23,4.971481800079346,5.013115519237564,4.965804392703835,4.980943844907434,2665000,sony
2016-05-24,5.268597602844238,5.3178015044980596,5.067997358376625,5.100169036104887,18066500,sony
2016-05-25,5.279951572418213,5.3196934218738985,5.2439948114048,5.298876112236333,12560000,sony
2016-05-26,5.308338165283203,5.314015571875078,5.262918912548205,5.306445395621523,5251000,sony
2016-05-27,5.302661418914795,5.314016233512309,5.2799517897197665,5.298876330316744,2985500,sony
2016-05-31,5.2723822593688965,5.315908749476798,5.240210584279866,5.306446253228854,6463500,sony
2016-06-01,5.2723822593688965,5.287521711929621,5.2307480880319215,5.2723822593688965,3159500,sony
2016-06-02,5.29887580871582,5.29887580871582,5.232640148744701,5.24020987399903,2961500,sony
2016-06-03,5.289413928985596,5.340510140032684,5.276166796580544,5.31401587522258,8126500,sony
2016-06-06,5.450273036956787,5.476767303216197,5.4124235050476734,5.4124235050476734,5221500,sony
2016-06-07,5.467304706573486,5.512723963547829,5.465412387931763,5.471089795053556,3867500,sony
2016-06-08,5.522185325622559,5.527862732042841,5.472981437444485,5.47487375585239,4812500,sony
2016-06-09,5.444595813751221,5.467304992228273,5.419993865336928,5.421886184077521,3884500,sony
2016-06-10,5.304553031921387,5.3613266461594105,5.2780587688496245,5.35375692116699,4443500,sony
2016-06-13,5.208039283752441,5.27238263855807,5.20425419474171,5.209931602659464,5652000,sony
2016-06-14,5.236424922943115,5.2667042759502,5.191006119030791,5.225070109165883,5702000,sony
2016-06-15,5.29887580871582,5.348079699663848,5.289413764947058,5.300768578426848,4041000,sony
2016-06-16,5.268597602844238,5.281844737720776,5.1720825696594535,5.225071109165604,4975500,sony
2016-06-17,5.2837371826171875,5.2837371826171875,5.223178468740525,5.247780418053128,4962000,sony
2016-06-20,5.401069164276123,5.459735104265707,5.391606668460294,5.423778342080172,4591500,sony
2016-06-21,5.503262042999268,5.529756311538355,5.491907227569181,5.524078903823312,6504000,sony
2016-06-22,5.414315223693848,5.512722994918395,5.414315223693848,5.465411427615349,5307000,sony
2016-06-23,5.48812198638916,5.5146162520148065,5.4464878181227,5.505153756464721,4140000,sony
2016-06-24,5.223178386688232,5.342403042562273,5.2175009791516915,5.226963475444812,12323000,sony
2016-06-27,5.124770164489746,5.1550495184325005,5.079351359173924,5.138017297240335,8470500,sony
2016-06-28,5.3215861320495605,5.327263539532392,5.243995197248633,5.278059642145622,6639000,sony
2016-06-29,5.552465438842773,5.573282297778927,5.465412463369216,5.472982189237214,10736000,sony
2016-06-30,5.554357528686523,5.560034935652786,5.467304556799306,5.497583910220505,6706000,sony
2016-07-01,5.561925888061523,5.588420597795034,5.5202921821309365,5.5202921821309365,5311500,sony
2016-07-05,5.524077892303467,5.561926969342056,5.493798991629867,5.561926969342056,5831500,sony
2016-07-06,5.694399833679199,5.696292152385997,5.58842231575566,5.5922069531692555,8787500,sony
2016-07-07,5.692507743835449,5.732249599802467,5.637626885208819,5.696292832897872,8764500,sony
2016-07-08,5.789022922515869,5.798484967876666,5.71143198481332,5.71521707367564,5433500,sony
2016-07-11,5.904461860656738,5.9290638076359725,5.872290187960037,5.877967595047293,9922000,sony
2016-07-12,5.789022922515869,5.836334502909863,5.758743565207314,5.809839783266958,12976000,sony
2016-07-13,5.592206954956055,5.628163717576536,5.565712688265865,5.628163717576536,10273500,sony
2016-07-14,5.684937953948975,5.743604352185015,5.6735831380841475,5.722787039367271,7701500,sony
2016-07-15,5.684937953948975,5.705755266766719,5.671690819172239,5.701970177746214,5106000,sony
2016-07-18,5.7341413497924805,5.736033668537589,5.683045134101358,5.686830222788225,4226000,sony
2016-07-19,5.728463649749756,5.745495871175671,5.7114314283238405,5.73035641959483,3652000,sony
2016-07-20,5.7757744789123535,5.789021610132318,5.756849941284323,5.771989390908121,2422000,sony
2016-07-21,5.677368640899658,5.7057556826307145,5.652766688464984,5.669798913503618,5269000,sony
2016-07-22,5.717109203338623,5.726571699582991,5.683045209491539,5.6849375282617505,2282500,sony
2016-07-25,5.648980140686035,5.667904679888464,5.590314204517487,5.6641200427659415,5819000,sony
2016-07-26,5.717109203338623,5.737926514597571,5.703862069553831,5.715216884568411,3212000,sony
2016-07-27,5.751173973083496,5.804162511214301,5.720894615067316,5.7776682421488985,3715500,sony
2016-07-28,5.80605411529541,5.817408477474158,5.751172818112335,5.766312268481726,7325000,sony
2016-07-29,6.322695255279541,6.339727026141972,6.095600314748489,6.118309944160587,18282000,sony
2016-08-01,6.150481700897217,6.248889494741329,6.125879752436189,6.245104406056306,8985000,sony
2016-08-02,6.150481700897217,6.15426678958224,6.108847530148559,6.118310026262792,5654500,sony
2016-08-03,6.122093677520752,6.127771084035368,6.065320063571168,6.091814777704901,3941000,sony
2016-08-04,6.169404983520508,6.184544432779223,6.11073905364729,6.13723331544832,4607000,sony
2016-08-05,6.1921162605285645,6.212933121611928,6.163729221599725,6.188331171605827,3234500,sony
2016-08-08,6.112631797790527,6.14101837992707,6.084244764457396,6.1239866111237795,4135500,sony
2016-08-09,6.2167181968688965,6.269706734490678,6.18833115800246,6.207255700181192,4078000,sony
2016-08-10,6.2167181968688965,6.269706734490678,6.194008565775747,6.258351918944104,4068000,sony
2016-08-11,6.252673625946045,6.271598165445528,6.239426493416068,6.248888988764116,4578500,sony
2016-08-12,6.211040019989014,6.245104011213955,6.19590011740278,6.220502064308367,3364500,sony
2016-08-15,6.1996846199035645,6.216716839504595,6.1807600818568345,6.203469707991541,3767500,sony
2016-08-16,6.203470706939697,6.22996497423219,6.201577936992626,6.201577936992626,2032500,sony
2016-08-17,6.125878810882568,6.150480755562253,6.070997514966611,6.101276866202883,5132500,sony
2016-08-18,6.264029026031494,6.27916892976574,6.199685675951746,6.207255402220542,6115000,sony
2016-08-19,6.1921162605285645,6.212933121611928,6.123987818296029,6.163729221599725,6095500,sony
2016-08-22,6.246996879577637,6.267813738365883,6.2091473481133095,6.239426702566795,3626500,sony
2016-08-23,6.267814636230469,6.309448810967686,6.250782412311149,6.279169452176681,4068500,sony
2016-08-24,6.292415142059326,6.358650801207404,6.2772752405422025,6.349188757556217,4812000,sony
2016-08-25,6.328372955322266,6.337835000550501,6.303771006053523,6.320802777703681,3714500,sony
2016-08-26,6.279168605804443,6.377575944614968,6.256458976973059,6.322695093600175,4922000,sony
2016-08-29,6.2167181968688965,6.23564273904763,6.178869112511431,6.195900884634617,4988500,sony
2016-08-30,6.167513847351074,6.194008114230525,6.1504816252728665,6.176975892152317,3309500,sony
2016-08-31,6.0861382484436035,6.142911870576514,6.055858893066723,6.142911870576514,4204500,sony
2016-09-01,6.082352638244629,6.0918151333870005,6.0180092955842746,6.055858373760554,5561500,sony
2016-09-02,6.176975250244141,6.2129320093848674,6.15615839288737,6.15615839288737,4571500,sony
2016-09-06,6.343512535095215,6.345404853939393,6.262136959238802,6.281061501270603,4780500,sony
2016-09-07,6.328372955322266,6.4078557595474335,6.324587866512973,6.402178351931827,5496000,sony
2016-09-08,6.267814636230469,6.328373353812477,6.2545675013587845,6.328373353812477,4968000,sony
2016-09-09,6.141019344329834,6.233749732851916,6.141019344329834,6.226180006506506,5237500,sony
2016-09-12,6.182652950286865,6.195900082978331,6.072890800330455,6.080460525983205,7475500,sony
2016-09-13,6.0861382484436035,6.152373915333678,6.080460841110648,6.146696508000723,5087500,sony
2016-09-14,6.09749174118042,6.135341268394023,6.084244609694119,6.084244609694119,2718000,sony
2016-09-15,6.14480447769165,6.163729019290833,6.036934635695974,6.0520740884966555,3044000,sony
2016-09-16,6.016117095947266,6.065320992478492,5.999085324991568,6.031256999370452,5286000,sony
2016-09-19,6.035041809082031,6.105063018419116,6.031257171515697,6.072891343121983,2764500,sony
2016-09-20,6.142911434173584,6.197792733695528,6.125879213384717,6.167513380469745,4760500,sony
2016-09-21,6.326479434967041,6.347296744154116,6.262136091217159,6.288630356149862,6658000,sony
2016-09-22,6.4173173904418945,6.466521282343043,6.39271544449132,6.424887115842855,4857000,sony
2016-09-23,6.358651638031006,6.396501171206668,6.349189593134575,6.364329045447523,3949000,sony
2016-09-26,6.332156658172607,6.351081197032074,6.301877305758142,6.305662394008674,4279500,sony
2016-09-27,6.350751876831055,6.367829011163473,6.314700751977819,6.326085508199432,3828500,sony
2016-09-28,6.37162446975708,6.379214156906121,6.322290824708667,6.3507522646141785,3529000,sony
2016-09-29,6.30711030960083,6.350751571427395,6.299520623280206,6.3184950652749565,4369500,sony
2016-09-30,6.301418304443359,6.337469427106907,6.195161340139525,6.21603309035383,7002500,sony
2016-10-03,6.280546188354492,6.3090080775718445,6.240699995836581,6.255879368494915,4912000,sony
2016-10-04,6.2122392654418945,6.2805473599192565,6.20275226885734,6.2767527422400216,4943000,sony
2016-10-05,6.250187397003174,6.286238974893561,6.246392779785077,6.2653672230347945,2773500,sony
2016-10-06,6.208445072174072,6.223624448701613,6.179983175701812,6.198957622554487,4079000,sony
2016-10-07,6.172392845153809,6.191367290032048,6.130648885467101,6.179982532627814,2737000,sony
2016-10-10,6.21034049987793,6.263469206403319,6.185673681202992,6.202750813913263,3243500,sony
2016-10-11,6.2198286056518555,6.250187352727216,6.2103411579009995,6.23880304876716,3552500,sony
2016-10-12,6.204648971557617,6.219828797951021,6.187571836509945,6.214136419601798,2830000,sony
2016-10-13,6.312802791595459,6.316597861011578,6.223622957987353,6.244494708810036,7259000,sony
2016-10-14,6.2407002449035645,6.303315951294356,6.235007866832911,6.301418642732938,5844500,sony
2016-10-17,6.221725940704346,6.252085140295212,6.208443875705794,6.22931562750546,2423500,sony
2016-10-18,6.356444835662842,6.388701798699855,6.3184959463814145,6.327983394894994,3285500,sony
2016-10-19,6.244495391845703,6.274854593336242,6.2425980831233066,6.267264906060217,3061000,sony
2016-10-20,6.208445072174072,6.235009207290517,6.178085866732494,6.21034238114339,2459500,sony
2016-10-21,6.092700004577637,6.11167444948349,6.0699304897360316,6.085110317092585,5370500,sony
2016-10-24,6.098392486572266,6.126854380606311,6.090802798958673,6.113571861799451,2789500,sony
2016-10-25,6.043365478515625,6.056647542779593,6.02059641937156,6.041468170016882,4164000,sony
2016-10-26,6.041468620300293,6.085109885728741,6.007314350459027,6.013006728765905,6903500,sony
2016-10-27,5.982648849487305,6.0395721884333025,5.978853779269644,6.022495051033558,3739000,sony
2016-10-28,5.975057601928711,6.013006487527797,5.948493472486631,5.971262984800643,5533500,sony
2016-10-31,5.944699287414551,5.999725315435825,5.904853087323181,5.997828006589512,7839500,sony
2016-11-01,5.8308515548706055,6.039570871204107,5.764441233444262,5.992134539568388,12776000,sony
2016-11-02,5.9522881507873535,6.011108783884033,5.94090339537861,5.982647347748546,9406500,sony
2016-11-03,5.957981109619141,5.988339857155082,5.946596353099955,5.980750170271097,4929500,sony
2016-11-04,5.849826812744141,5.901057768527045,5.838442055373173,5.844134434058657,5710500,sony
2016-11-07,5.768235683441162,5.791005194348887,5.739774247192877,5.7568509279872995,11065000,sony
2016-11-08,5.815671920776367,5.861210489477797,5.74736384153104,5.751158458364113,5655000,sony
2016-11-09,5.732183456420898,5.78151708951684,5.650593321466761,5.6771578986320295,5802000,sony
2016-11-10,5.661979675292969,5.760646969361124,5.639210160542949,5.7245953884690755,13073500,sony
2016-11-11,5.713210582733154,5.7245953400117955,5.671467075893398,5.6999285167035545,5665000,sony
2016-11-14,5.690441131591797,5.732184635578173,5.673363996841144,5.720800331464152,5132000,sony
2016-11-15,5.6183366775512695,5.637311116540231,5.595567169809992,5.605054615497628,4073000,sony
2016-11-16,5.5727996826171875,5.608851262556868,5.5576198557226935,5.608851262556868,3893500,sony
2016-11-17,5.6354146003723145,5.64300428655731,5.597465717060962,5.614542850266982,3502500,sony
2016-11-18,5.536747455596924,5.589876164938835,5.531055077725063,5.587978404057292,4418500,sony
2016-11-21,5.6468000411987305,5.650594658558597,5.620235457747524,5.625927836173752,2817000,sony
2016-11-22,5.726492881774902,5.743570018387736,5.698031439806644,5.735980330688632,4168000,sony
2016-11-23,5.703723907470703,5.709416286430264,5.669569633713337,5.688544079449717,1846500,sony
2016-11-25,5.597465515136719,5.605055201047922,5.580388382546743,5.5993628235179305,1584500,sony
2016-11-28,5.610747814178467,5.614542883486606,5.582285925333365,5.603158127948565,2340000,sony
2016-11-29,5.59556770324707,5.62213228227312,5.559516582401632,5.5746959540853585,2217000,sony
2016-11-30,5.515875816345215,5.569004074373293,5.515875816345215,5.569004074373293,3750000,sony
2016-12-01,5.354592800140381,5.424798191751003,5.335618357748689,5.407721057882562,7284000,sony
2016-12-02,5.324233055114746,5.345104803886464,5.259720048084823,5.288181482556588,4763000,sony
2016-12-05,5.339412689208984,5.356489822164029,5.309053944915171,5.310951253336943,4702500,sony
2016-12-06,5.343208312988281,5.350797999849437,5.326131178260871,5.329926247884656,3281500,sony
2016-12-07,5.428592681884766,5.428592681884766,5.341310165719846,5.360284606086727,3948500,sony
2016-12-08,5.532952785491943,5.540542924793072,5.453260394307851,5.453260394307851,10145000,sony
2016-12-09,5.578492164611816,5.608851366577402,5.576594403473286,5.586081852006601,4479500,sony
2016-12-12,5.525362968444824,5.55761947636246,5.515875973121475,5.548132481039111,5280500,sony
2016-12-13,5.612645626068115,5.641107517466119,5.586081495687589,5.586081495687589,4031000,sony
2016-12-14,5.468439102172852,5.563311308018936,5.466541793771838,5.555721622028521,4381500,sony
2016-12-15,5.4760284423828125,5.498797951302651,5.447567008619347,5.458951763079266,3829500,sony
2016-12-16,5.396337509155273,5.413414193025879,5.379260372898213,5.394439747980186,4347000,sony
2016-12-19,5.472234725952148,5.502593925376962,5.457054900046538,5.4608499696195425,3555500,sony
2016-12-20,5.453260898590088,5.468440273823201,5.436183762162992,5.447568519781056,1783000,sony
2016-12-21,5.405823707580566,5.432387836246358,5.402028638177002,5.417208463404873,2023000,sony
2016-12-22,5.379258632659912,5.421002579210478,5.367873878838275,5.40582275665286,4261000,sony
2016-12-23,5.4001312255859375,5.4058236033883755,5.381156783706603,5.381156783706603,1657000,sony
2016-12-27,5.384952545166016,5.403926989484138,5.367875409563774,5.369772718279655,2012000,sony
2016-12-28,5.3659772872924805,5.407720787031605,5.364079526477888,5.407720787031605,1779500,sony
2016-12-29,5.341310977935791,5.362182729797279,5.335618599721492,5.34700335615009,2157000,sony
2016-12-30,5.318540096282959,5.335617226530833,5.295770589285794,5.312847719533668,3226500,sony
2017-01-03,5.3678741455078125,5.373566522701422,5.3204378196898485,5.331822574077067,4474500,sony
2017-01-04,5.422901153564453,5.438080527279957,5.392541953747033,5.403926710226867,4552500,sony
2017-01-05,5.449465274810791,5.462747339886648,5.39443925350623,5.415311457813789,5137500,sony
2017-01-06,5.495004177093506,5.510184004078866,5.413414020754824,5.421004160440723,4824000,sony
2017-01-09,5.468439102172852,5.49310592093147,5.4532597301920225,5.4532597301920225,3243500,sony
2017-01-10,5.603158473968506,5.625927534064302,5.574696583365756,5.578491652908257,4241000,sony
2017-01-11,5.7758259773254395,5.779621047004821,5.717005337806761,5.728390094458485,6085500,sony
2017-01-12,5.85741662979126,5.863109008602687,5.808083434069652,5.842237254551758,10193000,sony
2017-01-13,5.88587760925293,5.897262365106729,5.84603141615102,5.859313480518323,4026500,sony
2017-01-17,5.8555192947387695,5.893468185053896,5.849826915952855,5.882083427482066,3707000,sony
2017-01-18,5.827057838439941,5.849826901139485,5.806185632148956,5.846032283549456,2858500,sony
2017-01-19,5.768235683441162,5.808082327529681,5.758748688820525,5.787210125068809,4126000,sony
2017-01-20,5.7872114181518555,5.794801106021465,5.753057596545378,5.756852214286946,3984000,sony
2017-01-23,5.773927688598633,5.781517374282683,5.737876116116461,5.7587483172305305,2694500,sony
2017-01-24,5.785312175750732,5.78720948398741,5.758748050891957,5.770132352698345,2465500,sony
2017-01-25,5.8422369956970215,5.847929374256235,5.785313662491333,5.7872109712155915,3977500,sony
2017-01-26,5.904852867126465,5.92003224210385,5.868801286072112,5.868801286072112,4733500,sony
2017-01-27,5.7910051345825195,5.8669029003098006,5.768235623909788,5.817569262109794,3515500,sony
2017-01-30,5.586081027984619,5.624029911747019,5.532952319285431,5.5690038945756255,9429500,sony
2017-01-31,5.743569850921631,5.766339365741515,5.711313339851095,5.741672542148791,5353000,sony
2017-02-01,5.737876892089844,5.753056717897163,5.7056203842805955,5.728389896798372,4342000,sony
2017-02-02,6.06044340133667,6.113571665310747,5.7891087980695355,5.7891087980695355,10767500,sony
2017-02-03,6.0073137283325195,6.033878308475686,5.986441978293091,5.995929425284158,5173000,sony
2017-02-06,6.06044340133667,6.064238471214723,6.0262895819799684,6.031981508217382,3147000,sony
2017-02-07,6.092700004577637,6.102187453223789,6.077520629607534,6.079417938382184,2993000,sony
2017-02-08,6.039571762084961,6.083213030768129,6.031981622185447,6.0509560671613265,3031500,sony
2017-02-09,6.033878326416016,6.056647384966808,6.0168011932131416,6.020596262498127,2453000,sony
2017-02-10,6.028186321258545,6.035776007911229,6.0035195003475215,6.014904256519748,2593500,sony
2017-02-13,6.011109352111816,6.030083795457912,5.984545221904566,5.984545221904566,3320500,sony
2017-02-14,6.001622676849365,6.016802051381574,5.969365714292157,5.982648232490886,2750000,sony
2017-02-15,5.990237712860107,5.9959300912096865,5.9522888254538655,5.9522888254538655,3143000,sony
2017-02-16,5.939006805419922,5.957981249267833,5.927622048633889,5.937109044364632,3270000,sony
2017-02-17,5.946595668792725,5.946595668792725,5.916236472363966,5.935210913583645,3780000,sony
2017-02-21,5.925724983215332,5.940904811507517,5.904853228248365,5.918135295262478,3636000,sony
2017-02-22,5.940904140472412,5.946596518890708,5.920031935476517,5.937109070731405,3340500,sony
2017-02-23,5.927620887756348,5.927620887756348,5.893466624087092,5.92572312707272,4794500,sony
2017-02-24,5.868800163269043,5.878287610104634,5.851723482783163,5.878287610104634,2676500,sony
2017-02-27,5.838440418243408,5.8669023036899635,5.825158355830457,5.863107234834982,3432000,sony
2017-02-28,5.87449312210083,5.9105446998247455,5.861211057126,5.889672948062357,4133500,sony
2017-03-01,5.982648849487305,5.98644346731848,5.923827749239234,5.93141743728807,5517000,sony
2017-03-02,5.959877967834473,5.9807497182846845,5.950390520656679,5.957980659353466,5489000,sony
2017-03-03,5.988339424133301,6.009211627037994,5.965570365127794,5.988339424133301,4764000,sony
2017-03-06,5.916236877441406,5.942801006490496,5.901057051994502,5.942801006490496,2689000,sony
2017-03-07,5.853621482849121,5.8877753002428,5.847929104552438,5.88398068296929,2382000,sony
2017-03-08,5.832748889923096,5.866903157429017,5.828954272902252,5.859313471000942,1839000,sony
2017-03-09,5.847929000854492,5.876390439446799,5.830851866267262,5.853621379050235,2790000,sony
2017-03-10,6.016800880432129,6.04336500688698,5.980749307451202,6.018698188782804,5950500,sony
2017-03-13,6.052852630615234,6.0547499390214545,6.033878189393941,6.033878189393941,3211000,sony
2017-03-14,5.96936559677124,6.014904624244198,5.957981292289429,6.014904624244198,2157500,sony
2017-03-15,6.013006210327148,6.022493657482747,5.937108442627879,5.976955087340461,3156000,sony
2017-03-16,6.050954818725586,6.071827020563208,6.039570515998035,6.049057510335388,2961500,sony
2017-03-17,6.088905334472656,6.105982018070014,6.079417885908394,6.083212955811388,2093000,sony
2017-03-20,6.096494197845459,6.113570879134607,6.075621994779899,6.102186575737304,1691000,sony
2017-03-21,6.026288986206055,6.1249558170300995,6.024391225261423,6.109776443791446,3407500,sony
2017-03-22,6.068033218383789,6.073725597129296,6.031981637124396,6.04336639461541,2176500,sony
2017-03-23,6.030083656311035,6.056647785905307,6.00921190482788,6.056647785905307,3106000,sony
2017-03-24,6.111673831939697,6.149622717916924,6.107879214773818,6.124955896793087,2637500,sony
2017-03-27,6.164801597595215,6.164801597595215,6.100288139426024,6.11926257950253,2522500,sony
2017-03-28,6.176409721374512,6.184020725816362,6.147867887646254,6.180214996766908,1718000,sony
2017-03-29,6.30770206451416,6.32482671330751,6.286771232522332,6.30770206451416,4726000,sony
2017-03-30,6.370492935180664,6.39713167799651,6.36668720606823,6.378103939748469,4098500,sony
2017-03-31,6.41806173324585,6.42757582872296,6.391422991761207,6.414256457980638,3235000,sony
2017-04-03,6.282965183258057,6.282965183258057,6.2392013403763515,6.27345108740431,4156500,sony
2017-04-04,6.303895950317383,6.315312684587725,6.277257206124643,6.305798588143411,2958000,sony
2017-04-05,6.233492851257324,6.279159330950708,6.229687122259105,6.26393732227193,3573500,sony
2017-04-06,6.128839492797852,6.149770319840804,6.121228489171782,6.145964591199265,2592500,sony
2017-04-07,6.104104518890381,6.115521253267954,6.085076779480122,6.106007610391371,2617500,sony
2017-04-10,6.075562477111816,6.098395489731388,6.054631648472572,6.090784485524864,2652500,sony
2017-04-11,6.060340404510498,6.073659776142147,6.031799023487556,6.073659776142147,4652000,sony
2017-04-12,5.989937782287598,6.018479616801369,5.96710431467658,6.007062882995861,3091000,sony
2017-04-13,5.959493160247803,5.9842292649857,5.959493160247803,5.963298889306348,2704000,sony
2017-04-17,6.058437824249268,6.058437824249268,6.031799080733151,6.0470210902689105,2577000,sony
2017-04-18,6.0279927253723145,6.0279927253723145,5.995645618226024,6.0279927253723145,2755000,sony
2017-04-19,6.083173751831055,6.128840232757984,6.075562747286076,6.109812494567008,4593500,sony
2017-04-20,6.246811866760254,6.2544228706665015,6.2106590311342975,6.227784130166123,6205000,sony
2017-04-21,6.408547878265381,6.475145183418877,6.334339569177577,6.475145183418877,10805000,sony
2017-04-24,6.435186386108398,6.465630854401501,6.406645008972809,6.461825125743484,7361500,sony
2017-04-25,6.4028401374816895,6.440895614528412,6.3933260413914725,6.435187247605697,4462000,sony
2017-04-26,6.389521598815918,6.408549339819727,6.364785490145254,6.3838132311490625,4326000,sony
2017-04-27,6.416159152984619,6.425673248546802,6.366686944838179,6.4028397821232,3589500,sony
2017-04-28,6.568381309509277,6.581701134548471,6.501784452598625,6.536034199915951,4884000,sony
2017-05-01,6.598825931549072,6.629270404111227,6.581701284329233,6.591214926822802,4152500,sony
2017-05-02,6.6102423667907715,6.6102423667907715,6.543645057716614,6.551256515756043,4932500,sony
2017-05-03,6.585505962371826,6.610242065730744,6.558867221418232,6.595020057659271,4279500,sony
2017-05-04,6.581700801849365,6.585506077105013,6.555061606774628,6.564575702227828,3288500,sony
2017-05-05,6.617853164672852,6.631172535340661,6.564575682001613,6.564575682001613,4407500,sony
2017-05-08,6.690158843994141,6.709186581201377,6.671131106786905,6.680644748562003,4140500,sony
2017-05-09,6.737727165222168,6.758657991240498,6.7225051587151885,6.7225051587151885,5080500,sony
2017-05-10,6.773880481719971,6.798616584303869,6.766269477922698,6.796713946768806,4469500,sony
2017-05-11,6.771978855133057,6.785298227180907,6.737728652446796,6.76627048801868,3481000,sony
2017-05-12,6.76436710357666,6.777686474154374,6.749144641732819,6.762464012310533,2647000,sony
2017-05-15,6.728213787078857,6.73392215315594,6.699671956693444,6.728213787078857,3840000,sony
2017-05-16,6.749144554138184,6.775783748604907,6.730116817323113,6.77197801977908,3713500,sony
2017-05-17,6.728213787078857,6.832866560282704,6.7244080584751345,6.80242209242393,7167500,sony
2017-05-18,6.720602035522461,6.73582404092913,6.682546568348835,6.711087941900578,4744500,sony
2017-05-19,6.785297393798828,6.810033497037301,6.7396309161497365,6.751047648976267,4855000,sony
2017-05-22,6.760561466217041,6.768172470413471,6.732020087066166,6.747242095459027,3222500,sony
2017-05-23,6.76436710357666,6.804325215309801,6.756756099483257,6.7872001158568676,2688500,sony
2017-05-24,6.853797435760498,6.859505802255935,6.787200129085097,6.79671422446317,5235500,sony
2017-05-25,6.882339954376221,6.88995095924324,6.8119369117993145,6.846187114186525,8592000,sony
2017-05-26,6.979381561279297,7.0060203061886615,6.89756223501689,6.89756223501689,13544000,sony
2017-05-30,6.941324710845947,6.983185911476508,6.924199612362034,6.952741443168556,10339500,sony
2017-05-31,6.9679646492004395,6.977478745658337,6.935617537826347,6.969867740686272,5235000,sony
2017-06-01,6.947033882141113,6.950839611242055,6.910881043481885,6.924200414849587,5660500,sony
2017-06-02,7.182977199554443,7.182977199554443,7.0764217897764805,7.103060528806721,6876000,sony
2017-06-05,7.167756080627441,7.20771465030948,7.165853442813991,7.182978544106294,3587000,sony
2017-06-06,7.255282402038574,7.276212775007826,7.215324293554459,7.221032659574618,4417000,sony
2017-06-07,7.200102806091309,7.247672378136322,7.196297530668226,7.247672378136322,5302000,sony
2017-06-08,7.209616184234619,7.217227187980157,7.122088507018395,7.150629884478416,5717000,sony
2017-06-09,7.0345611572265625,7.167755316772565,7.023144424248355,7.093547006071253,11427000,sony
2017-06-12,7.049783706665039,7.049783706665039,6.956547651727638,7.034561697296802,6318500,sony
2017-06-13,7.030755519866943,7.0383665240658075,6.998408411778986,7.015533511469213,4085500,sony
2017-06-14,7.051685810089111,7.104963289070473,7.026949708088621,7.104963289070473,3742500,sony
2017-06-15,7.122089862823486,7.1335065974436604,7.070715010689802,7.099256393583137,4981500,sony
2017-06-16,7.103061199188232,7.120186298891213,7.070714091076188,7.120186298891213,4045500,sony
2017-06-19,7.352325439453125,7.38847782560998,7.3237836044271045,7.327589333649599,6999000,sony
2017-06-20,7.260993003845215,7.323784595744595,7.257187274107592,7.3180762279667295,2816500,sony
2017-06-21,7.257185935974121,7.260991665010017,7.232450285040498,7.238158198108758,2432000,sony
2017-06-22,7.308560848236084,7.333296951512661,7.302852481814026,7.302852481814026,2007000,sony
2017-06-23,7.329492092132568,7.333297821417736,7.278117241896781,7.318075357934152,2419000,sony
2017-06-26,7.359936237335205,7.407505356165185,7.34851950364575,7.34851950364575,5326000,sony
2017-06-27,7.339005470275879,7.409408052733294,7.339005470275879,7.358033207525371,5337000,sony
2017-06-28,7.39608907699585,7.397991714725293,7.308561390242561,7.361838875923485,4234000,sony
2017-06-29,7.283824443817139,7.3941851315477845,7.22864387312331,7.3789631241563205,4013000,sony
2017-06-30,7.26669979095459,7.319977273749447,7.264797153328214,7.319977273749447,4629500,sony
2017-07-03,7.26669979095459,7.300949536514564,7.255283057882251,7.293338532352018,3163500,sony
2017-07-05,7.217227935791016,7.221033664886622,7.162047359018571,7.175366730367599,5106500,sony
2017-07-06,7.143019199371338,7.163950027676527,7.1220888247231855,7.15253329472043,3234000,sony
2017-07-07,7.190589427947998,7.203908799732056,7.101159101022425,7.15253395037724,5707000,sony
2017-07-10,7.25908899307251,7.262894268433397,7.196297413047352,7.198200050727795,4022500,sony
2017-07-11,7.392282962799072,7.3979913293471045,7.327588746797428,7.354227488250218,6454000,sony
2017-07-12,7.559727668762207,7.573047040097781,7.514060734289313,7.5311858347166485,4996000,sony
2017-07-13,7.573046684265137,7.582560326061933,7.5197687477691355,7.550213218101559,2618500,sony
2017-07-14,7.652962684631348,7.652962684631348,7.593976836977162,7.60919929852655,2647000,sony
2017-07-17,7.635838508605957,7.685310717783147,7.626324412845548,7.651060517434144,2678500,sony
2017-07-18,7.6815056800842285,7.687213593328621,7.630130831628149,7.630130831628149,2371000,sony
2017-07-19,7.717657566070557,7.742392761055468,7.654865084252612,7.670087998985825,5767000,sony
2017-07-20,7.730976581573486,7.753809137998564,7.708143117834424,7.717657212278031,3972000,sony
2017-07-21,7.765225887298584,7.76712852472878,7.7252677793225235,7.730976598927096,3054000,sony
2017-07-24,7.727169990539551,7.732878809829238,7.668184604201051,7.696725978707676,3832000,sony
2017-07-25,7.645352363586426,7.677699017913345,7.6206162597768605,7.67199110502533,4153000,sony
2017-07-26,7.76332426071167,7.76332426071167,7.70624150111726,7.7252687852106945,2471500,sony
2017-07-27,7.856559753417969,7.925059237570473,7.826114832550421,7.833726289595805,7278500,sony
2017-07-28,7.795672416687012,7.799477692332585,7.759519576111544,7.797575054509799,2915500,sony
2017-07-31,7.814699172973633,7.864171382272244,7.801379801802016,7.826115906451321,2892500,sony
2017-08-01,7.746201038360596,7.92125643931015,7.668187435338664,7.8946176922936,5565500,sony
2017-08-02,7.574949264526367,7.649157575338958,7.557824165033376,7.641546117570715,5469500,sony
2017-08-03,7.649158000946045,7.652963276384859,7.56543604375033,7.5996857909849655,3369500,sony
2017-08-04,7.675795555114746,7.692921106565913,7.6491568165395805,7.679600829964346,2732500,sony
2017-08-07,7.609199047088623,7.620615779459155,7.586365582347561,7.590171311023409,3989000,sony
2017-08-08,7.717657566070557,7.740490123542323,7.673893274012115,7.677698549038405,3984500,sony
2017-08-09,7.614908218383789,7.6529636968049015,7.580658469267623,7.6529636968049015,4626500,sony
2017-08-10,7.39799165725708,7.525477457280743,7.386574923654978,7.525477457280743,5004000,sony
2017-08-11,7.4208245277404785,7.445560630670275,7.377060688222918,7.390380058468651,2356000,sony
2017-08-14,7.449366569519043,7.464589032339764,7.4208251889229215,7.439852927206024,2189500,sony
2017-08-15,7.405603408813477,7.443658888887958,7.399895041436594,7.439853613074774,2569500,sony
2017-08-16,7.4950337409973145,7.502645199937262,7.445561979830304,7.4474646177367365,2346000,sony
2017-08-17,7.4208245277404785,7.506449115556905,7.418921436521784,7.485518741407472,3290500,sony
2017-08-18,7.377061367034912,7.40750538545107,7.346616894961688,7.390380738506248,2524000,sony
2017-08-21,7.325685977935791,7.34851944513289,7.2971445975964775,7.32378334022172,2972500,sony
2017-08-22,7.3656439781188965,7.3694492532539,7.312366043315613,7.323782776034676,2462000,sony
2017-08-23,7.38467264175415,7.4017977429824375,7.373255907601958,7.377061636871717,1567000,sony
2017-08-24,7.26669979095459,7.384671943273681,7.255283057882251,7.384671943273681,6878500,sony
2017-08-25,7.325685977935791,7.363741454159582,7.2971445975964775,7.310463968909098,5329500,sony
2017-08-28,7.321881294250488,7.3447143096358545,7.314270289122033,7.339006396032336,941000,sony
2017-08-29,7.352325439453125,7.365644811246242,7.327589333649599,7.329491971432309,1693000,sony
2017-08-30,7.458881378173828,7.466492383482876,7.418922806401388,7.42463117379745,2603500,sony
2017-08-31,7.540699481964111,7.550213123641885,7.502644007938949,7.506449283147244,2342000,sony
2017-09-01,7.55782413482666,7.578754963120118,7.533088484978363,7.578754963120118,1974500,sony
2017-09-05,7.483616352081299,7.53308855958191,7.422727411517925,7.53308855958191,2774500,sony
2017-09-06,7.483616352081299,7.508352455831604,7.470296981393755,7.498838360393622,1376500,sony
2017-09-07,7.502644062042236,7.527380165702673,7.487421600128178,7.495032604256688,1857500,sony
2017-09-08,7.597782611846924,7.597782611846924,7.569240779804401,7.569240779804401,2896500,sony
2017-09-11,7.677699565887451,7.704338309227619,7.618714165911711,7.618714165911711,6650500,sony
2017-09-12,7.645352363586426,7.677699017913345,7.618713622147522,7.677699017913345,2496000,sony
2017-09-13,7.561629772186279,7.588268512975174,7.54640776420892,7.586365875392262,1644500,sony
2017-09-14,7.299046039581299,7.316171137173691,7.262893206994133,7.291435036314787,5725000,sony
2017-09-15,7.3561296463012695,7.359935374970859,7.2990464381994995,7.3161715367271345,2791000,sony
2017-09-18,7.304755687713623,7.3751582741869735,7.289533678508546,7.358033627245527,3494500,sony
2017-09-19,7.1658525466918945,7.266699596706713,7.11828297804776,7.255282863939558,8230500,sony
2017-09-20,7.184880256652832,7.226741458757447,7.150630058478958,7.215324726032822,3447500,sony
2017-09-21,7.127798080444336,7.154436824893908,7.125894988942872,7.141117452669122,2757500,sony
2017-09-22,7.135408401489258,7.144922497113294,7.074519459735166,7.112574934917212,3659000,sony
2017-09-25,7.0345611572265625,7.114477834416979,7.030755428348148,7.114477834416979,6891500,sony
2017-09-26,6.937519550323486,7.002214220897335,6.928005908380214,6.994603216611307,4773000,sony
2017-09-27,6.943227767944336,6.990797337610952,6.922297393192684,6.950839225724062,4241500,sony
2017-09-28,7.008310794830322,7.010219692945874,6.949144964156068,6.968230760022725,2900500,sony
2017-09-29,7.12664270401001,7.140002715224095,7.067476875056028,7.094196897484197,3042500,sony
2017-10-02,7.122826099395752,7.138094554231891,7.098014519006072,7.117100315071882,3140500,sony
2017-10-03,7.166723251342773,7.183900148735019,7.132368546475766,7.1419116717303535,3292000,sony
2017-10-04,7.162905693054199,7.172448362978197,7.153362568088958,7.166723034048545,2025500,sony
2017-10-05,7.054117202758789,7.059842532090253,7.023579837784597,7.025488280895085,4924000,sony
2017-10-06,7.0770182609558105,7.0770182609558105,7.000675093562555,7.0178524427383895,3748500,sony
2017-10-09,7.069386005401611,7.105649156531986,7.06556866395162,7.0884718025689715,2001500,sony
2017-10-10,7.006402492523193,7.029305630039839,6.9892251393857086,7.023579845660677,2442000,sony
2017-10-11,6.989225387573242,7.014036969083576,6.98159115981036,6.985408501212447,2929000,sony
2017-10-12,6.931967735290527,6.956779315864877,6.91860772344915,6.928150849073719,4357000,sony
2017-10-13,7.027395725250244,7.052207302325397,7.01785305601276,7.033121508809218,2896500,sony
2017-10-16,7.071292877197266,7.111373360870799,7.056024424872908,7.092287567944754,3205500,sony
2017-10-17,7.052207946777344,7.07892842417476,7.02930526548974,7.075111083106199,2809500,sony
2017-10-18,7.149546146392822,7.170540385621877,7.117100338478367,7.155271930735523,3485000,sony
2017-10-19,7.145728588104248,7.147637031146757,7.067476962866295,7.115191224217818,3921000,sony
2017-10-20,7.166723251342773,7.191534375913935,7.1419116717303535,7.153362784978099,2785500,sony
2017-10-23,7.159089088439941,7.208712251264424,7.153363303880094,7.187718011239178,1830500,sony
2017-10-24,7.195350646972656,7.197259089723258,7.14763593787809,7.1648132877570765,1614500,sony
2017-10-25,7.092288017272949,7.155271183423285,7.04839064525783,7.1419111730327565,2579500,sony
2017-10-26,7.225889682769775,7.248792821255841,7.159089165546282,7.174358076217424,4087000,sony
2017-10-27,7.220162868499756,7.223980209383484,7.174357053101168,7.195351290358597,2796000,sony
2017-10-30,7.414837837219238,7.456826764988559,7.2201625612577836,7.2392483547818,11001500,sony
2017-10-31,8.285151481628418,8.636330465942754,8.187813610738962,8.246979892467401,34069000,sony
2017-11-01,8.30996322631836,8.386306406167549,8.269883193409909,8.315688555269928,11447500,sony
2017-11-02,8.567620277404785,8.605791863081738,8.42256861586532,8.42256861586532,8410000,sony
2017-11-03,8.552352905273438,8.584799166733738,8.508455985738038,8.567621359456076,6814500,sony
2017-11-06,8.75466251373291,8.77184032118287,8.693587786307246,8.693587786307246,5114500,sony
2017-11-07,8.78138256072998,8.785200356886417,8.716490947060773,8.752754095010555,3913000,sony
2017-11-08,9.060036659240723,9.082938886988243,9.01423038358055,9.052401976603171,6621500,sony
2017-11-09,8.758480072021484,8.775656968922451,8.624879052525941,8.687862221272805,6997500,sony
2017-11-10,8.821462631225586,8.846274208413943,8.75466167105236,8.760387909678673,3576500,sony
2017-11-13,8.7947416305542,8.808101640465182,8.672593098522693,8.687861551266328,4864500,sony
2017-11-14,8.789017677307129,8.804286132439877,8.750846084433975,8.769931425829272,4589500,sony
2017-11-15,8.634421348571777,8.661141367889169,8.546626609350746,8.579071957057977,5742000,sony
2017-11-16,8.798561096191406,8.806194868970838,8.726034794291259,8.777566400882787,4470000,sony
2017-11-17,8.811920166015625,8.861543324104042,8.798560154998166,8.84436551702267,3273500,sony
2017-11-20,8.964606285095215,8.976057852813893,8.934069377900386,8.941703149657858,5461000,sony
2017-11-21,8.991326332092285,8.998961013954032,8.935977846362645,8.935977846362645,3761000,sony
2017-11-22,9.012321472167969,9.04094993792678,8.977966767207887,9.027589926567167,2794000,sony
2017-11-24,9.1401948928833,9.166914911615768,9.102023307539437,9.123017998007397,2012000,sony
2017-11-27,9.165007591247559,9.224173874305142,9.134469773183245,9.21653919226844,4039500,sony
2017-11-28,9.218448638916016,9.22035708211235,9.144013893763436,9.165008589088295,3308000,sony
2017-11-29,9.040949821472168,9.17264240041492,9.010412913067112,9.166916161287407,4369000,sony
2017-11-30,8.932161331176758,8.943612900570189,8.874904394292205,8.935979127696303,5571500,sony
2017-12-01,8.6954984664917,8.771841659904325,8.651600629733979,8.752755406509843,10963500,sony
2017-12-04,8.7374849319458,8.844365014006758,8.731758693216854,8.827188117984802,4964000,sony
2017-12-05,8.75466251373291,8.817645684190232,8.727942491124653,8.733668730302146,2774500,sony
2017-12-06,8.571440696716309,8.590526040355542,8.521817529138563,8.586709153644229,4853500,sony
2017-12-07,8.731758117675781,8.750844365404307,8.62869492817242,8.62869492817242,4046000,sony
2017-12-08,8.739392280578613,8.75275228916344,8.691677574168944,8.724123829350571,3113500,sony
2017-12-11,8.56952953338623,8.57334732937389,8.517997933336346,8.521815729324006,4752000,sony
2017-12-12,8.517997741699219,8.537083990960689,8.468374585718342,8.49318616370878,4566500,sony
2017-12-13,8.521815299987793,8.535175310065323,8.498912165545617,8.516089061336034,3671000,sony
2017-12-14,8.483642578125,8.538991053890015,8.483642578125,8.521814160396602,2589500,sony
2017-12-15,8.55807876586914,8.586707229955664,8.504637813469843,8.53135783462826,3690500,sony
2017-12-18,8.727940559387207,8.775655264948144,8.714580551040022,8.758478371382424,5215000,sony
2017-12-19,8.653508186340332,8.693588222262601,8.626788162392153,8.676411324033788,3741000,sony
2017-12-20,8.594340324401855,8.66304972489391,8.567620305349077,8.66304972489391,2239500,sony
2017-12-21,8.666866302490234,8.714581010567207,8.657323178858368,8.693586320593573,3210000,sony
2017-12-22,8.718401908874512,8.737488164923226,8.6725965325066,8.727945036898868,2266500,sony
2017-12-26,8.628697395324707,8.676412118206423,8.613428938825697,8.655417421718633,2919500,sony
2017-12-27,8.638239860534668,8.640148303690594,8.60197671032434,8.626788291516535,1930500,sony
2017-12-28,8.643963813781738,8.668775391023637,8.621061589474348,8.645873166716246,2706500,sony
2017-12-29,8.579073905944824,8.643965526182958,8.579073905944824,8.643965526182958,2177500,sony
2018-01-02,8.739392280578613,8.743209165865041,8.634420654543202,8.672592237654472,4221000,sony
2018-01-03,8.836732864379883,8.848184433857165,8.760389674586404,8.76611500428374,3062500,sony
2018-01-04,9.018045425415039,9.019953868163455,8.932159131159654,8.934068483990448,3853000,sony
2018-01-05,9.29478931427002,9.311967118557916,9.19363457155238,9.195543014232737,6780500,sony
2018-01-08,9.352048873901367,9.353957316934515,9.300517271676297,9.313877282990852,3094500,sony
2018-01-09,9.457021713256836,9.504736435429114,9.43221013053386,9.500919548881773,5286500,sony
2018-01-10,9.5009183883667,9.537181536384866,9.441752103696794,9.493283706121947,5256500,sony
2018-01-11,9.59634780883789,9.60398249179697,9.508553050180206,9.520004619577522,4301500,sony
2018-01-12,9.548632621765137,9.699410549704197,9.491375687657046,9.535272609801078,5217000,sony
2018-01-16,9.342504501342773,9.62115716879509,9.313876039502679,9.504733968573964,6942000,sony
2018-01-17,9.508550643920898,9.537180015210465,9.382584322510406,9.436024359452464,3922500,sony
2018-01-18,9.384492874145508,9.41884757404222,9.355864412606108,9.41884757404222,2853000,sony
2018-01-19,9.521912574768066,9.546724155510143,9.491375664662074,9.520004131646761,2610500,sony
2018-01-22,9.695594787597656,9.697503230944857,9.561994652466947,9.571536869202951,4000500,sony
2018-01-23,9.623067855834961,9.913172157697003,9.521913084332063,9.842555208016883,12159000,sony
2018-01-24,9.38067626953125,9.523819491597031,9.338687797343967,9.523819491597031,8712500,sony
2018-01-25,9.237533569335938,9.374951470718713,9.197452627617345,9.256618908651134,6088000,sony
2018-01-26,9.443660736083984,9.447477622241632,9.300517494264353,9.308151266579646,5564500,sony
2018-01-29,9.13637924194336,9.279522478804743,9.077212958136586,9.275705592779309,15403000,sony
2018-01-30,9.03713321685791,9.115384843404808,8.964606919534306,9.073396365519711,4554000,sony
2018-01-31,9.149739265441895,9.186002412979901,9.111567674888597,9.147830822426606,4260500,sony
2018-02-01,9.38067626953125,9.474197248147922,9.25470994288699,9.271886838308513,9050500,sony
2018-02-02,9.922715187072754,10.289162674792102,9.84255511197504,10.115482512080387,19771000,sony
2018-02-05,9.352048873901367,9.67459849856634,9.220356293706455,9.672690055533192,12982000,sony
2018-02-06,9.689868927001953,9.768120560448628,9.313878305710235,9.353958344054925,13337000,sony
2018-02-07,9.565811157226562,9.724222869711298,9.529548004829632,9.638337462020422,5658500,sony
2018-02-08,8.96269702911377,9.30624129926243,8.96269702911377,9.269978156456602,12890500,sony
2018-02-09,8.979875564575195,9.119201922870129,8.651599686668018,9.056218749666048,10518000,sony
2018-02-12,9.212721824645996,9.254710298446446,9.021863884531522,9.1077492750212,6063500,sony
2018-02-13,9.012321472167969,9.035224608808024,8.932160493927777,8.985601449448744,6546000,sony
2018-02-14,9.273797988891602,9.292883330828191,8.993235908738264,8.998962148377052,6717000,sony
2018-02-15,9.315786361694336,9.338689499819962,9.166916873960341,9.338689499819962,3118000,sony
2018-02-16,9.457021713256836,9.493284865704462,9.395946978086235,9.409306991084557,4412000,sony
2018-02-20,9.43030071258545,9.521912350831455,9.409306018579736,9.428392269509027,3493000,sony
2018-02-21,9.447478294372559,9.645970950012293,9.44556985115796,9.552450861918818,4591000,sony
2018-02-22,9.514278411865234,9.590621594080034,9.479923706843818,9.542906877675154,4428500,sony
2018-02-23,9.586804389953613,9.594439072679588,9.470381166398596,9.573444377745089,7188500,sony
2018-02-26,9.718497276306152,9.731857288923438,9.644062530260165,9.674599441933214,4389500,sony
2018-02-27,9.594438552856445,9.718496452416025,9.584895427486664,9.69559331556156,4297000,sony
2018-02-28,9.630699157714844,9.733762336258284,9.626882272607986,9.701316992685424,4317500,sony
2018-03-01,9.29861068725586,9.531457165326762,9.222266580092601,9.504737137356836,5937500,sony
2018-03-02,9.481830596923828,9.491373720658306,9.24516640678652,9.287155787185275,4216000,sony
2018-03-05,9.644061088562012,9.68032423455438,9.418848440872019,9.418848440872019,5541500,sony
2018-03-06,9.573444366455078,9.636427541101723,9.552450581627912,9.575353719696253,5421000,sony
2018-03-07,9.712770462036133,9.750942050834158,9.59062101384946,9.600164138569584,6154500,sony
2018-03-08,9.787203788757324,9.810106922887574,9.741398430579242,9.766210007539943,4007500,sony
2018-03-09,9.81010627746582,9.817740958367747,9.707043090742795,9.766209365006233,6445500,sony
2018-03-12,9.544814109802246,9.617340396729915,9.527637214511968,9.546722552603121,6926500,sony
2018-03-13,9.556266784667969,9.659329988523854,9.533363648237213,9.607798386595912,6289000,sony
2018-03-14,9.724222183227539,9.760485333064462,9.682233703981789,9.726131536446378,4637500,sony
2018-03-15,9.798656463623047,9.846371180108452,9.756667986358801,9.792931134484409,2684500,sony
2018-03-16,9.665055274963379,9.691775294804561,9.609705882364569,9.68604905622007,4820000,sony
2018-03-19,9.226083755493164,9.289066934345925,9.105842727645785,9.283340694405146,9195500,sony
2018-03-20,9.319601058959961,9.33105262533294,9.235624119001262,9.25280101351955,4739500,sony
2018-03-21,9.29288387298584,9.388313318484013,9.281432303122754,9.306243886145667,3119500,sony
2018-03-22,9.186002731323242,9.327237530256717,9.161191151099622,9.268071244319808,7908000,sony
2018-03-23,9.1401948928833,9.331052819602624,9.132560211781575,9.315784367481553,4579000,sony
2018-03-26,9.289064407348633,9.290972850115509,9.147829631693602,9.25280126453084,4657000,sony
2018-03-27,9.13637924194336,9.39594569332307,9.075304515123868,9.390220364284916,7365500,sony
2018-03-28,9.202988624572754,9.365687120804035,9.160877845706624,9.308263746310935,14049500,sony
2018-03-29,9.25275707244873,9.300609741858977,9.12451257558317,9.225959796630294,10684500,sony
2018-04-02,9.185762405395508,9.292952414792355,9.132167857053933,9.268069101246097,10892000,sony
2018-04-03,9.34846019744873,9.365687667158424,9.202989161436006,9.283380977702489,9535000,sony
2018-04-04,9.373344421386719,9.384829098073132,9.141738752423796,9.160879271758672,4536000,sony
2018-04-05,9.407796859741211,9.438422963294585,9.363773033819784,9.388656343644717,4412500,sony
2018-04-06,9.271897315979004,9.398227848333576,9.231701403450499,9.33506258215629,4463000,sony
2018-04-09,9.29677963256836,9.402055673374603,9.29677963256836,9.363773725639685,3055500,sony
2018-04-10,9.52264404296875,9.545613395708095,9.463306700511055,9.518816121750088,5251500,sony
2018-04-11,9.446080207824707,9.534128785460382,9.400141502027417,9.451823002406217,2749000,sony
2018-04-12,9.405884742736816,9.434595978865069,9.340805514913033,9.37143071175467,3895500,sony
2018-04-13,9.35802936553955,9.40588202037907,9.304434830221757,9.402054100060221,3499500,sony
2018-04-16,9.446080207824707,9.492018913621997,9.403970335986322,9.467135600100749,3410000,sony
2018-04-17,9.526471138000488,9.570494962120334,9.484360361427086,9.526471138000488,5131000,sony
2018-04-18,9.65854263305664,9.687253859737528,9.62026069324431,9.627917446292152,9850000,sony
2018-04-19,9.518815994262695,9.55135514961289,9.42885345783322,9.547527228445498,9606000,sony
2018-04-20,9.524558067321777,9.570496773107918,9.482448195493614,9.570496773107918,6708500,sony
2018-04-23,9.457564353942871,9.526472408774799,9.442251757106991,9.526472408774799,4648500,sony
2018-04-24,9.453734397888184,9.570494178609156,9.40396778434917,9.566666258402602,6284500,sony
2018-04-25,9.490103721618652,9.513072158823348,9.421195671863826,9.499673523489951,4011000,sony
2018-04-26,9.604950904846191,9.660459414334808,9.532214924147263,9.568582914496726,5637000,sony
2018-04-27,8.709152221679688,9.063260484345241,8.523484355038253,9.061346523768577,33381500,sony
2018-04-30,8.772317886352539,8.814427759110233,8.701495865487868,8.75509041494561,5566000,sony
2018-05-01,8.871850967407227,8.87950680991359,8.734035762441984,8.804856869194346,9939000,sony
2018-05-02,8.931187629699707,8.954156983242893,8.856537687041214,8.892905678032305,6854500,sony
2018-05-03,9.015408515930176,9.032635075165363,8.89481986314262,8.938844610663512,7339500,sony
2018-05-04,9.105371475219727,9.124512908768285,8.929274302513663,8.950329696874318,5206500,sony
2018-05-07,9.080487251281738,9.134081799516748,9.034548545529617,9.076659330040293,6069000,sony
2018-05-08,9.070915222167969,9.091970611374887,9.038376070899348,9.072829182511587,4592500,sony
2018-05-09,9.05560302734375,9.122596205902086,9.011579199352159,9.038376470775495,5536000,sony
2018-05-10,8.973299026489258,8.996267468882806,8.906304921973907,8.91970356033422,4190000,sony
2018-05-11,9.202988624572754,9.227871934734168,9.034547334535377,9.038376167977301,8240500,sony
2018-05-14,9.25275707244873,9.269983631842369,9.193419725871474,9.225959796630294,4211500,sony
2018-05-15,9.093884468078613,9.269981595674372,9.034547134534908,9.22595777013221,4540500,sony
2018-05-16,9.15322494506836,9.181936185182689,9.113029026365522,9.155138906047465,3132500,sony
2018-05-17,9.340803146362305,9.375256255894424,9.291036529578678,9.336974313192673,5725500,sony
2018-05-18,9.302523612976074,9.329320888536333,9.23552951136168,9.29869477881479,3275500,sony
2018-05-21,9.262325286865234,9.317833784249949,9.243183859186258,9.312090990860854,3120500,sony
2018-05-22,9.00775146484375,9.166622065053328,9.00009562219646,9.166622065053328,5236500,sony
2018-05-23,8.894817352294922,8.894817352294922,8.804854834637089,8.892903392110593,5350500,sony
2018-05-24,8.892904281616211,8.929272266896586,8.82591110489635,8.929272266896586,4030500,sony
2018-05-25,8.881420135498047,8.927358838106304,8.852708902724704,8.85653682370418,3810500,sony
2018-05-29,8.919702529907227,8.986696626683246,8.866107982657354,8.973297989870778,5647500,sony
2018-05-30,9.03646183013916,9.051774425126485,9.0000938465983,9.007749687735195,3735500,sony
2018-05-31,9.013492584228516,9.053688488796828,8.969467846334497,9.044117774552884,3544500,sony
2018-06-01,9.12451171875,9.145566197650945,9.06326041718231,9.06326041718231,2197500,sony
2018-06-04,9.394399642944336,9.407798280048759,9.247013722081983,9.256584437931913,6795500,sony
2018-06-05,9.438425064086914,9.45373766291508,9.363775117996624,9.413541748723484,4972000,sony
2018-06-06,9.604950904846191,9.620263502700254,9.555184277285209,9.57432479642436,12920000,sony
2018-06-07,9.547525405883789,9.597292022414477,9.514986256745111,9.578151507517637,3444000,sony
2018-06-08,9.562838554382324,9.570495308412768,9.459477394895886,9.503502133322218,2912500,sony
2018-06-11,9.666200637817383,9.69873978887909,9.606863303974752,9.616434018345542,2985000,sony
2018-06-12,9.54178524017334,9.599207707897898,9.509245172472733,9.524557769685037,2644500,sony
2018-06-13,9.536041259765625,9.603035347397046,9.480532759507042,9.536041259765625,4176500,sony
2018-06-14,9.403970718383789,9.46330715095213,9.402056757683356,9.4556513081504,3656500,sony
2018-06-15,9.402056694030762,9.42694000839539,9.371430584889982,9.371430584889982,2600000,sony
2018-06-18,9.258499145507812,9.283382461096926,9.191505954580883,9.283382461096926,3889500,sony
2018-06-19,9.233616828918457,9.237445663609796,9.099630432568393,9.18959298803597,3560500,sony
2018-06-20,9.486274719238281,9.55135393437217,9.335060899801412,9.375256805085854,6405000,sony
2018-06-21,9.421196937561035,9.507331554969594,9.358031673156587,9.493932917836148,3806500,sony
2018-06-22,9.641319274902344,9.700655708012912,9.532215299557079,9.551355819450047,5874000,sony
2018-06-25,9.480533599853516,9.570496132064154,9.42119626097319,9.564754250582334,3232500,sony
2018-06-26,9.570496559143066,9.631747861250643,9.51307317819419,9.562839804111992,3189500,sony
2018-06-27,9.62600326538086,9.84803907987965,9.62600326538086,9.67768475491997,6492000,sony
2018-06-28,9.895894050598145,9.922691325388563,9.800188715449176,9.844213461686092,6422500,sony
2018-06-29,9.811674118041992,9.878667309974187,9.800189440465932,9.832729512383734,5237500,sony
2018-07-02,9.750420570373535,9.754249403829187,9.62409005874929,9.647059408628895,2400000,sony
2018-07-03,9.75616455078125,9.830814490612378,9.74659383504846,9.761906432592712,2905500,sony
2018-07-05,9.390572547912598,9.446081061841413,9.285296489728122,9.323578443782354,8549000,sony
2018-07-06,9.490103721618652,9.492017681992913,9.413539830366785,9.426938465700184,2238000,sony
2018-07-09,9.878667831420898,9.884410626868956,9.777220601405618,9.842300748676484,4261500,sony
2018-07-10,9.89206600189209,9.909292560403062,9.813587226486378,9.815501187130518,2448000,sony
2018-07-11,9.945657730102539,10.001166223894723,9.882492483191612,9.890148323596907,5180500,sony
2018-07-12,9.993512153625488,10.029879227419183,9.951401373083552,9.959058127558524,5057000,sony
2018-07-13,10.204061508178711,10.238515531215935,10.13706833508983,10.154294890251677,4339000,sony
2018-07-16,10.196405410766602,10.238515273833379,10.183006776485648,10.211718005271473,2234500,sony
2018-07-17,10.265315055847168,10.341878959831634,10.194493946654088,10.198321868039192,4020500,sony
2018-07-18,10.158123970031738,10.179178446248615,10.098786636590969,10.179178446248615,3151500,sony
2018-07-19,10.073904037475586,10.121756699666658,10.049020726153318,10.093044554723846,2952000,sony
2018-07-20,10.135156631469727,10.217462417774282,10.077733246955368,10.104530522157491,4721000,sony
2018-07-23,10.17343521118164,10.221287863628636,10.148551904926277,10.15429378511747,2292500,sony
2018-07-24,10.081561088562012,10.161952906254013,10.039450306492602,10.104529527392838,4594000,sony
2018-07-25,10.271059036254883,10.286371636276606,10.16578297158864,10.200237006172893,3410500,sony
2018-07-26,10.271059036254883,10.301684236298328,10.238518962584116,10.255745523519325,2532500,sony
2018-07-27,10.22128963470459,10.305509368382358,10.200234244928353,10.282540930924341,3266000,sony
2018-07-30,10.018396377563477,10.188750737551894,9.987770269586818,10.188750737551894,5342000,sony
2018-07-31,10.3399658203125,10.623253017723949,10.242346515529826,10.454811685409963,8415500,sony
2018-08-01,10.527545928955078,10.550515280710401,10.460552746930096,10.495005861849428,6262000,sony
2018-08-02,10.58113956451416,10.623250343348278,10.433754576735463,10.439496457823621,5261500,sony
2018-08-03,10.519890785217285,10.567743456583738,10.477780909025977,10.51223494193548,4615000,sony
2018-08-06,10.424182891845703,10.489262101687958,10.382072116931576,10.483520221134297,3057500,sony
2018-08-07,10.63282299041748,10.684503584894497,10.560087913602972,10.58497123040404,4430500,sony
2018-08-08,10.487350463867188,10.529460335392816,10.46246715053075,10.516061698420403,3878500,sony
2018-08-09,10.602195739746094,10.63856372747401,10.556257036781647,10.60985249447805,3074500,sony
2018-08-10,10.460552215576172,10.491177407885198,10.420355395689366,10.422270268833087,6102000,sony
2018-08-13,10.368674278259277,10.447153040840124,10.330392333491316,10.343790968524424,5047000,sony
2018-08-14,10.389730453491211,10.405043050014342,10.345706624398003,10.405043050014342,3685500,sony
2018-08-15,10.280627250671387,10.307425437456699,10.160039517349107,10.282542124002527,5809500,sony
2018-08-16,10.305508613586426,10.372502698799094,10.286368098321036,10.309337446810321,7402000,sony
2018-08-17,10.50266170501709,10.523717094417421,10.338049248677553,10.361018598439083,6365500,sony
2018-08-20,10.449069023132324,10.491178896711542,10.389731677810087,10.443326228313406,2852000,sony
2018-08-21,10.41652774810791,10.483521841201112,10.403129112031996,10.43184034466415,2318000,sony
2018-08-22,10.454809188842773,10.472036657757513,10.391643932487094,10.39930068675071,3187500,sony
2018-08-23,10.414616584777832,10.454812503801366,10.361022026079786,10.380162548737427,8760500,sony
2018-08-24,10.439497947692871,10.485436653808556,10.41652859463503,10.458639379478974,3497500,sony
2018-08-27,10.722784996032715,10.761066946469283,10.607938232009321,10.619422908411659,4526000,sony
2018-08-28,10.674931526184082,10.732353991159238,10.548601007982388,10.694072043604592,7806500,sony
2018-08-29,10.9237642288208,10.9486475415057,10.766808510478302,10.80509045978479,5466000,sony
2018-08-30,10.849115371704102,10.916108555850823,10.797433872260997,10.868255890297302,3563000,sony
2018-08-31,10.877825736999512,10.952475670248473,10.839543790157501,10.88165365786963,2465500,sony
2018-09-04,10.753409385681152,10.801262048320297,10.659618020874248,10.795519254192515,2998000,sony
2018-09-05,10.623249053955078,10.720867409600384,10.56391172634496,10.718953449469971,3716500,sony
2018-09-06,10.787863731384277,10.833801522197133,10.711299833982533,10.828059640613146,5743000,sony
2018-09-07,10.820402145385742,10.860598051864146,10.718954942634419,10.741924292825962,4365500,sony
2018-09-10,10.849115371704102,10.887397321604181,10.826146019221317,10.87591264536279,5358000,sony
2018-09-11,10.881654739379883,10.887397533969436,10.810832719962152,10.810832719962152,3307000,sony
2018-09-12,11.000328063964844,11.007983905518554,10.885481313523357,10.908450663611655,3041000,sony
2018-09-13,11.055837631225586,11.120916854269904,11.029040357778731,11.048180876220625,3127500,sony
2018-09-14,11.37740421295166,11.390803760489844,11.318067792748348,11.36592045114215,6271000,sony
2018-09-17,11.348694801330566,11.465454612856837,11.339124085575643,11.425258701942582,3692000,sony
2018-09-18,11.452054977416992,11.473110367699336,11.3869757588422,11.417601864045027,5719500,sony
2018-09-19,11.293184280395508,11.434827380015623,11.275956812563834,11.411858031382408,5529500,sony
2018-09-20,11.312326431274414,11.32189714670754,11.251075130301539,11.283615197688698,3391500,sony
2018-09-21,10.910364151000977,11.109430626184606,10.841457016437014,10.986928039500288,18428000,sony
2018-09-24,10.881654739379883,10.933335327117367,10.84337278873309,10.898881297721145,6383500,sony
2018-09-25,11.203222274780273,11.254902855228263,11.16302545646422,11.235761426247898,5773500,sony
2018-09-26,11.37932014465332,11.446313325009294,11.35252287251093,11.429086767978795,5344000,sony
2018-09-27,11.419988632202148,11.471784218156044,11.354764594880375,11.393131729466397,3043000,sony
2018-09-28,11.634845733642578,11.70198799604967,11.600315035228338,11.70198799604967,7923000,sony
2018-10-01,11.621417045593262,11.705825112868869,11.611825032659619,11.665538841496504,3161500,sony
2018-10-02,11.47562026977539,11.542763439092663,11.454518941049475,11.52933498817813,3636000,sony
2018-10-03,11.1878662109375,11.255009379643917,11.176356894325135,11.251172026028524,4896500,sony
2018-10-04,10.94807243347168,11.159092141916727,10.877093733947714,11.155255702684265,9180000,sony
2018-10-05,10.978765487670898,11.109213554716952,10.894357430599845,11.078520214733617,3877000,sony
2018-10-08,10.94807243347168,10.997949802472423,10.829134584563201,10.915460870506386,4688500,sony
2018-10-09,11.120725631713867,11.170603003523869,11.084276712718502,11.090032286636054,5348500,sony
2018-10-10,10.761991500854492,11.105377483993307,10.750481269293086,11.099621910840293,8057000,sony
2018-10-11,10.650728225708008,10.861747951427352,10.58934061923994,10.74089095826447,6484000,sony
2018-10-12,10.648807525634766,10.77541914862728,10.529868779948128,10.692929314377222,7059000,sony
2018-10-15,10.790767669677734,10.863665505060151,10.631543546578744,10.658401365991773,7016500,sony
2018-10-16,11.030561447143555,11.036316105557647,10.894357802485857,10.915460046160106,6697500,sony
2018-10-17,11.107297897338867,11.149501478236846,11.013298721556385,11.105379677490522,5801500,sony
2018-10-18,10.748563766479492,10.973011010030255,10.667992140177581,10.973011010030255,8777000,sony
2018-10-19,10.679502487182617,10.871338170148816,10.6756660479467,10.834889253173534,3846000,sony
2018-10-22,10.700603485107422,10.769663957027044,10.641134110159562,10.742807056016936,2515000,sony
2018-10-23,10.564401626586914,10.598932325739295,10.23444405178347,10.455054869976745,7309000,sony
2018-10-24,10.182647705078125,10.552890610722345,10.180729485502743,10.550972391146964,7949500,sony
2018-10-25,10.259383201599121,10.334199262440581,10.09824084634484,10.165383113223799,9093000,sony
2018-10-26,10.054118156433105,10.119342197732802,9.925587378723607,9.981220321850333,13636500,sony
2018-10-29,9.783629417419434,10.161546141443681,9.651263110398114,10.10207675689692,12843500,sony
2018-10-30,10.24979019165039,10.529870380261245,10.167301259608347,10.359136942578473,13546000,sony
2018-10-31,10.384075164794922,10.45121742215907,10.301585321680697,10.412850287273178,8834500,sony
2018-11-01,10.677584648132324,10.683339307191305,10.531788975034788,10.644972169230593,7691500,sony
2018-11-02,10.293912887573242,10.533707719639661,10.22101505372224,10.495340583098821,7817000,sony
2018-11-05,10.22868824005127,10.309259869533397,10.199913115465726,10.309259869533397,4794500,sony
2018-11-06,10.26321792602539,10.334197535395921,10.211422340982699,10.286238389320948,3555000,sony
2018-11-07,10.600851058959961,10.641136419216783,10.40901535672882,10.45313715660683,8080500,sony
2018-11-08,10.43779182434082,10.552893260466812,10.372567768677248,10.539464805322691,5383000,sony
2018-11-09,10.372565269470215,10.424360857509832,10.313095888306526,10.393667514502903,4789000,sony
2018-11-12,9.885302543640137,10.11358715760407,9.869955871009104,10.107832498396712,8250000,sony
2018-11-13,9.829669952392578,9.960118034442711,9.800894828505427,9.871873528410045,4749000,sony
2018-11-14,9.81048583984375,9.910240577497675,9.729915127774666,9.89681212548616,4359500,sony
2018-11-15,9.90832233428955,9.933261018643636,9.70689463985189,9.726078665391043,3564000,sony
2018-11-16,9.747179985046387,9.779792462529121,9.59946701343436,9.609058111448677,4174500,sony
2018-11-19,9.781709671020508,9.988892002628797,9.768281220443845,9.952444004452559,7899000,sony
2018-11-20,9.501629829406738,9.612894791272272,9.461344476337654,9.536160524070791,7064000,sony
2018-11-21,9.691549301147461,9.768283584367971,9.66085503901237,9.695385740885044,3915500,sony
2018-11-23,9.532323837280273,9.649344380482331,9.52656917847264,9.564936314757583,1813000,sony
2018-11-26,9.787467002868652,9.80856833485573,9.67428380495704,9.695385136944116,6402000,sony
2018-11-27,9.854608535766602,9.902567684915518,9.760608457075579,9.808567606224493,4785000,sony
2018-11-28,10.15003490447998,10.151953123994211,9.869954731020362,9.940934341514703,5210000,sony
2018-11-29,9.952445030212402,10.023423729220383,9.900648527227276,9.996566825299018,5500000,sony
2018-11-30,10.132769584655762,10.222932301215723,10.086728659287015,10.142361596565019,4047500,sony
2018-12-03,10.391749382019043,10.424361862509627,10.334199129646533,10.374484489256243,5413500,sony
2018-12-04,9.881464958190918,10.207586058816831,9.868036506853002,10.18456559516765,5566000,sony
2018-12-06,9.94860553741455,9.960115767298365,9.71264811165757,9.718402769227234,3917000,sony
2018-12-07,9.808568000793457,10.036852608591019,9.78554753509636,9.975465004980332,3175000,sony
2018-12-10,9.804732322692871,9.837343889341879,9.62248771739479,9.716487807165588,5120000,sony
2018-12-11,9.81240463256836,9.93709806191876,9.764446395294524,9.904486497162342,9071500,sony
2018-12-12,10.094404220581055,10.226770532093521,10.057955300734708,10.082893987221958,4634000,sony
2018-12-13,10.013833045959473,10.1289353848251,9.981221478901551,10.088649108849728,3101000,sony
2018-12-14,9.839262008666992,9.958199858737915,9.812404189543205,9.900648695965081,3753000,sony
2018-12-17,9.687710762023926,9.837341941556563,9.641669836171044,9.820077051734039,3557500,sony
2018-12-18,9.474774360656738,9.632079357792692,9.445998320044623,9.595630438146488,5819500,sony
2018-12-19,9.353918075561523,9.587958283944708,9.273347351144022,9.474775076932602,7140500,sony
2018-12-20,9.259917259216309,9.43832448511682,9.154406950480602,9.323223078559865,6573000,sony
2018-12-21,8.964489936828613,9.190856322035229,8.956817058191264,9.089183362132657,6203000,sony
2018-12-24,8.801429748535156,8.933796972852441,8.755389730518285,8.837878667847315,4038000,sony
2018-12-26,9.135223388671875,9.144815400763793,8.795673844472772,8.974081061557202,5758500,sony
2018-12-27,9.309793472290039,9.309793472290039,9.027794192190859,9.131386268515108,4030000,sony
2018-12-28,9.234977722167969,9.344323545184999,9.17934478622136,9.325140436570175,3039000,sony
2018-12-31,9.261834144592285,9.363507084808608,9.192772761759763,9.34816041576067,4293500,sony
2019-01-02,9.34624195098877,9.396118395398403,9.093017801998455,9.125630273270207,3899000,sony
2019-01-03,9.020122528076172,9.261835575853627,8.995183843990217,9.252243563187182,8092500,sony
2019-01-04,9.440241813659668,9.505465846411276,9.211957241656751,9.231140350233304,5925000,sony
2019-01-07,9.538079261779785,9.651262449263342,9.482446320451958,9.488201893914331,3370000,sony
2019-01-08,9.570690155029297,9.641669762720998,9.478609218769618,9.620567519408416,5165000,sony
2019-01-09,9.578364372253418,9.616731506958285,9.461344748615275,9.55534390848157,3294500,sony
2019-01-10,9.41914176940918,9.422979123815804,9.304040346851131,9.338571048041985,5335000,sony
2019-01-11,9.396121978759766,9.415306007940346,9.355836615174375,9.376938864324043,2955000,sony
2019-01-14,9.288694381713867,9.350081994707871,9.26567391249801,9.342408200054297,3679500,sony
2019-01-15,9.5610990524292,9.616731075092318,9.515058126953097,9.522731919447315,4929000,sony
2019-01-16,9.516977310180664,9.576446692485696,9.492038625479653,9.511222651285676,4404000,sony
2019-01-17,9.497795104980469,9.545753344580191,9.373101669582663,9.405713235920684,3543500,sony
2019-01-18,9.626324653625488,9.660854438607386,9.551508594923455,9.612896200633694,4447000,sony
2019-01-22,9.298284530639648,9.4287326103619,9.242651588739953,9.407630365357395,4509000,sony
2019-01-23,9.296367645263672,9.422979303972678,9.225388021694,9.403795275807163,4016000,sony
2019-01-24,9.279101371765137,9.286775165595584,9.204285312211132,9.234979572788161,4434500,sony
2019-01-25,9.353918075561523,9.401877232129248,9.33473496178133,9.386530558156128,3911000,sony
2019-01-28,9.367345809936523,9.386529836987632,9.246489732595663,9.307877338516551,3719000,sony
2019-01-29,9.357752799987793,9.421058618923972,9.328977677219891,9.407630167315974,3371000,sony
2019-01-30,9.438324928283691,9.449835160954304,9.267590572623522,9.357753299589401,4610500,sony
2019-01-31,9.614813804626465,9.69538451741728,9.532323957464225,9.599467132867932,7918000,sony
2019-02-01,8.853224754333496,9.599467068835255,8.655634412927935,9.59179327563483,34814000,sony
2019-02-04,8.880083084106445,8.905021770011894,8.788001219381867,8.803348806665792,9886000,sony
2019-02-05,8.79759407043457,8.86665547555387,8.778410956620206,8.862818120995135,8047500,sony
2019-02-06,8.482982635498047,8.56930892942052,8.43694170147412,8.534778228902576,14112500,sony
2019-02-07,8.260453224182129,8.277718116306666,8.139596235076166,8.23551453847739,15245500,sony
2019-02-08,8.496410369873047,8.536695726362845,8.377472520034875,8.517512615305908,10392500,sony
2019-02-11,8.553960800170898,8.576981263264045,8.47914475249048,8.538614129690341,10224500,sony
2019-02-12,8.494492530822754,8.534777889117468,8.446533378914634,8.446533378914634,5770500,sony
2019-02-13,8.644123077392578,8.697836878706884,8.532858121281105,8.542450132871394,7351000,sony
2019-02-14,8.655634880065918,8.711266910851185,8.62110418091744,8.632614413966932,3650500,sony
2019-02-15,8.784164428710938,8.834041798527561,8.732368839246707,8.738123498189529,7227000,sony
2019-02-19,8.866653442382812,8.91844902697287,8.84746941822262,8.866653442382812,8314500,sony
2019-02-20,8.993265151977539,9.112202992661611,8.949142444876516,9.102610980499046,11134000,sony
2019-02-21,9.139060974121094,9.217713470703746,9.100693835684819,9.179346332267471,11075000,sony
2019-02-22,9.187019348144531,9.236896715363896,9.16591710363029,9.188937567692252,5948000,sony
2019-02-25,9.296367645263672,9.350081460535417,9.282939191445735,9.313632538816787,4984000,sony
2019-02-26,9.244571685791016,9.277184169717112,9.204286321937506,9.24073524582731,6528500,sony
2019-02-27,9.290611267089844,9.300203280342698,9.234979236763808,9.27718281443374,4332000,sony
2019-02-28,9.206201553344727,9.254160696301716,9.192773103086116,9.24840603822427,4004500,sony
2019-03-01,9.187019348144531,9.219631824689754,9.148652212956147,9.17359089656583,4845000,sony
2019-03-04,9.135223388671875,9.183182534386846,9.060407340895226,9.16591672967247,6154500,sony
2019-03-05,9.14289665222168,9.188937580409322,9.117957968577482,9.160162457664375,3191500,sony
2019-03-06,9.117958068847656,9.17167279057216,9.116039849276186,9.146734106653712,3427000,sony
2019-03-07,8.901183128356934,9.01628452786972,8.851305763760266,9.01628452786972,6801000,sony
2019-03-08,8.814857482910156,8.824449495577712,8.66906273229095,8.68632762329681,5370500,sony
2019-03-11,8.843633651733398,8.858980323381699,8.663307286945622,8.690165105761011,7778000,sony
2019-03-12,8.883918762207031,8.94914280096744,8.855143639318987,8.866653871423138,6451000,sony
2019-03-13,8.95106029510498,8.985590988618954,8.912693162782094,8.933795405720288,4603000,sony
2019-03-14,8.8474702835083,8.870490748854095,8.814857805144307,8.868572529199398,3890500,sony
2019-03-15,8.87240982055664,8.926123635025343,8.834042679544027,8.8647360264562,4240000,sony
2019-03-18,8.839797019958496,8.87816415958612,8.820613907517066,8.87240950027712,3164000,sony
2019-03-19,8.734288215637207,8.887756784707209,8.726614421285776,8.862818096496092,11158000,sony
2019-03-20,8.302655220031738,8.461878402466281,8.25085963878247,8.448449952318121,18645000,sony
2019-03-21,8.442695617675781,8.463797860750283,8.258532832489585,8.266206624901567,6962000,sony
2019-03-22,8.062862396240234,8.197146930602809,8.060944176427167,8.197146930602809,7895500,sony
2019-03-25,8.085882186889648,8.149188009147602,8.039841256249426,8.076290173882152,4774500,sony
2019-03-26,8.197144508361816,8.30073658035926,8.149186282972341,8.200981861598805,6589000,sony
2019-03-27,8.208656311035156,8.26045281432828,8.166452735299869,8.224003897434068,8481500,sony
2019-03-28,8.168776512145996,8.230427783901536,8.122538747334598,8.22464840780274,4891500,sony
2019-03-29,8.137950897216797,8.161070237713904,8.08785929903094,8.14951056746535,4543500,sony
2019-04-01,8.280518531799316,8.288225284477505,8.213087890891094,8.222721102070436,5003000,sony
2019-04-02,8.12446403503418,8.193821131591497,8.103271155045826,8.151436290288332,6629000,sony
2019-04-03,8.166849136352539,8.216940731611789,8.159143302419468,8.199601686588808,5052500,sony
2019-04-04,8.191895484924316,8.215014825625556,8.097492582180168,8.101345499405829,11892000,sony
2019-04-05,8.297857284545898,8.34024212140572,8.28822407477257,8.332535369852366,6061000,sony
2019-04-08,8.977945327758789,9.039596581431312,8.276664039746482,8.284370790958075,41655500,sony
2019-04-09,8.898956298828125,9.01647852982356,8.825745367254495,8.98372689952778,21366500,sony
2019-04-10,8.877764701843262,8.906664338171154,8.83537985470549,8.83537985470549,5160500,sony
2019-04-11,8.910517692565918,8.943270247874425,8.86042608954921,8.8758386784758,5788000,sony
2019-04-12,9.053083419799805,9.08390950839972,9.00684566491015,9.02803762473202,4924000,sony
2019-04-15,9.114736557006836,9.182167204290286,9.041525614999852,9.060792039180077,8523000,sony
2019-04-16,9.238038063049316,9.272717071478848,9.193725843610432,9.226478393572807,5331500,sony
2019-04-17,9.197580337524414,9.301616451585705,9.164827785217815,9.270790357884147,11747500,sony
2019-04-18,9.220699310302734,9.253451864565971,9.164828332724277,9.205286721868024,5381500,sony
2019-04-22,9.172534942626953,9.182167236076742,9.107030753800032,9.172534942626953,6718000,sony
2019-04-23,9.305468559265137,9.326661439424178,9.174460198783095,9.193725701831136,10406500,sony
2019-04-24,8.950973510742188,9.004918015819978,8.93748738447274,8.970239930369086,10594500,sony
2019-04-25,8.989507675170898,9.031893441460497,8.945196368846123,9.022260229242526,8844500,sony
2019-04-26,9.679229736328125,9.81023810601385,9.286203708597334,9.315102424536382,19266500,sony
2019-04-29,9.68115520477295,9.729320338861077,9.577119103093645,9.63106361230906,5990500,sony
2019-04-30,9.704273223876953,9.738951307275164,9.638768135961673,9.658034554448143,7436000,sony
2019-05-01,9.89500904083252,9.993264862006075,9.70812877299392,9.70812877299392,10925000,sony
2019-05-02,9.914273262023926,9.972071607000535,9.835282956117169,9.877667796650996,6749000,sony
2019-05-03,10.066473007202148,10.108858760129522,9.921978544179588,9.947024336846349,13525000,sony
2019-05-06,9.868035316467285,9.921979824967355,9.748585712018834,9.854548270668758,11141500,sony
2019-05-07,9.41913890838623,9.488496931784056,9.365194391525911,9.442258249518838,16553500,sony
2019-05-08,9.392166137695312,9.45574386300555,9.324735495297668,9.372899714911071,6102000,sony
2019-05-09,9.392166137695312,9.461523238636662,9.266937145618543,9.27079006270595,9516500,sony
2019-05-10,9.57519245147705,9.60601854384524,9.324735388856073,9.438404709699487,10740000,sony
2019-05-13,9.253451347351074,9.374827426671777,9.222626172204604,9.344001332851672,7378500,sony
2019-05-14,9.332441329956055,9.351707752741296,9.2573039347061,9.276570357491341,5730500,sony
2019-05-15,9.621430397033691,9.648402651628158,9.446109823496139,9.532806881077507,10889500,sony
2019-05-16,10.018310546875,10.081888274517254,9.681156403846437,9.81023831774531,26507500,sony
2019-05-17,10.135830879211426,10.328490466962904,10.091518668758228,10.253353089938821,16591500,sony
2019-05-20,10.056842803955078,10.187852099424825,10.020238251738203,10.122347911026786,10099500,sony
2019-05-21,9.831430435180664,9.86996236049195,9.740880456632821,9.86996236049195,7256500,sony
2019-05-22,9.72739315032959,9.77170536852497,9.704274730698891,9.754366324133562,5639000,sony
2019-05-23,9.313176155090332,9.357487459185146,9.272717768219335,9.34014841300433,9472500,sony
2019-05-24,9.436479568481445,9.475012422740452,9.376755665462364,9.376755665462364,4071000,sony
2019-05-28,9.4730806350708,9.580970555687482,9.457668051746527,9.57711763952476,4397500,sony
2019-05-29,9.291980743408203,9.33821941220077,9.24959590946394,9.33629295411331,4348000,sony
2019-05-30,9.34977912902832,9.399870714261697,9.305466918088,9.35363204522369,3065500,sony
2019-05-31,9.24767017364502,9.266935674697688,9.191798291378023,9.243816338495721,5426000,sony
2019-06-03,9.205286026000977,9.317028891384457,9.18987343873137,9.249598247908915,4248000,sony
2019-06-04,9.27271842956543,9.28042426456266,9.1108839518655,9.176388142710454,5070500,sony
2019-06-05,9.268863677978516,9.344001073822964,9.195652740693113,9.344001073822964,3821000,sony
2019-06-06,9.141709327697754,9.201434143591605,9.11858998485667,9.17831480075052,5799500,sony
2019-06-07,9.413359642028809,9.459597406158666,9.274644512291909,9.274644512291909,5731500,sony
2019-06-10,9.55978012084961,9.594459131190687,9.473083054333726,9.56748687381661,8556000,sony
2019-06-11,9.598313331604004,9.656111689899939,9.569414611792906,9.609873003263191,5320500,sony
2019-06-12,9.513544082641602,9.542442803824619,9.440333131549094,9.473084770576838,7899500,sony
2019-06-13,9.569412231445312,9.606017696148339,9.515467722903383,9.519320639606804,5993500,sony
2019-06-14,9.889227867126465,9.933540086519761,9.715834662504326,9.737026624294822,18680500,sony
2019-06-17,10.037574768066406,10.147391153053661,9.96821676112495,9.96821676112495,12775500,sony
2019-06-18,10.058769226074219,10.128126325240446,10.037576345288683,10.074181812702983,8478500,sony
2019-06-19,10.207115173339844,10.243720635510257,10.130051332562166,10.19748288224772,11402000,sony
2019-06-20,10.392069816589355,10.426748823458537,10.26684083512303,10.413262696121665,8393500,sony
2019-06-21,10.257207870483398,10.336198178018096,10.155098224481584,10.209042735122495,12391500,sony
2019-06-24,10.2398681640625,10.351611013648121,10.234087870482586,10.315005549886962,7651500,sony
2019-06-25,10.124274253845215,10.220603617325736,10.116567500550364,10.126200712500513,9343000,sony
2019-06-26,10.10693359375,10.182070988182895,10.020237448179975,10.145465520227875,5403000,sony
2019-06-27,10.15317153930664,10.16858412504933,10.058768647793324,10.122346367821258,5138000,sony
2019-06-28,10.0934476852417,10.180144751373494,10.054915757924636,10.180144751373494,4431000,sony
2019-07-01,10.347755432128906,10.368948307223027,10.207113894398224,10.31885672512662,9217000,sony
2019-07-02,10.34197998046875,10.34583289788408,10.236017402157733,10.262989661412403,6934500,sony
2019-07-03,10.542344093322754,10.559683136596542,10.440234454621988,10.444087371199833,3920500,sony
2019-07-05,10.602069854736328,10.617483361127512,10.476841775691877,10.478768234322365,7343500,sony
2019-07-08,10.530784606933594,10.580876198005317,10.530784606933594,10.577022362687378,8455000,sony
2019-07-09,10.476841926574707,10.501887726479024,10.384364561590361,10.428676785424303,6536000,sony
2019-07-10,10.553905487060547,10.634822260464306,10.532712605070863,10.617483214355966,4169500,sony
2019-07-11,10.600142478942871,10.636747945775818,10.575096681566306,10.594363103551462,13985000,sony
2019-07-12,10.744638442993164,10.787023287407571,10.702252679905145,10.727298478575843,3850500,sony
2019-07-15,10.744638442993164,10.798582957461248,10.72151910288581,10.788949745970916,4588500,sony
2019-07-16,10.401707649230957,10.501890878921081,10.343909278765912,10.436385752836053,7307000,sony
2019-07-17,10.474912643432617,10.557756781379451,10.43638072125754,10.55390386476399,5128500,sony
2019-07-18,10.393997192382812,10.41326361523517,10.28996108126618,10.336198842499348,3950000,sony
2019-07-19,10.338126182556152,10.467208091712616,10.336198805338961,10.463355174625438,2003500,sony
2019-07-22,10.36509895324707,10.41326409391844,10.34197961223092,10.40748379932758,4826000,sony
2019-07-23,10.482621192932129,10.494180863434293,10.409410252642978,10.457575393289718,3651000,sony
2019-07-24,10.615555763244629,10.636747724579328,10.548124206372417,10.571243544804402,5578500,sony
2019-07-25,10.50959300994873,10.550051395670762,10.4652817071123,10.49995979848912,6907000,sony
2019-07-26,10.557757377624512,10.582803174386438,10.517298994856834,10.557757377624512,8159000,sony
2019-07-29,10.538490295410156,10.565463467571089,10.403629027972913,10.403629027972913,15010000,sony
2019-07-30,11.000875473022461,11.060600280049732,10.792803255689956,10.800509089710518,15987000,sony
2019-07-31,10.95463752746582,11.037481679447211,10.842894658625788,10.981609785690372,7215500,sony
2019-08-01,10.760049819946289,11.037480032683586,10.723444355339083,10.875645588807911,11218000,sony
2019-08-02,10.592437744140625,10.682987732049618,10.532712932197974,10.654089014746965,6330500,sony
2019-08-05,10.336198806762695,10.370877816572875,10.272621081447502,10.370877816572875,9366500,sony
2019-08-06,10.596290588378906,10.596290588378906,10.467208672065516,10.553905742049128,5974000,sony
2019-08-07,10.698399543762207,10.758124351371256,10.582803764265513,10.688766332469084,11949500,sony
2019-08-08,10.837115287780762,10.85445433416931,10.654088856025757,10.675280819684284,7499500,sony
2019-08-09,10.810141563415527,10.902617996068386,10.733077716425893,10.881425116610503,2131000,sony
2019-08-12,10.711884498596191,10.798581553389285,10.677205492944255,10.788948343151498,2524000,sony
2019-08-13,10.83903980255127,10.912250729593142,10.694545325430505,10.73115078895144,5704000,sony
2019-08-14,10.465280532836914,10.646380478323614,10.430601526677703,10.640600184626994,6363500,sony
2019-08-15,10.600142478942871,10.638674404239621,10.51537279449416,10.538491214733359,4364000,sony
2019-08-16,10.736930847167969,10.78124306534062,10.56546410573431,10.56546410573431,6273500,sony
2019-08-19,10.735004425048828,10.785096018627154,10.713811545096908,10.735004425048828,4674000,sony
2019-08-20,10.723445892333984,10.79280391479617,10.709959763300834,10.788950078876956,1890500,sony
2019-08-21,10.914177894592285,10.99509466003164,10.827480835236667,10.852526631968878,5264000,sony
2019-08-22,10.551979064941406,10.66950130824568,10.478768125699938,10.62904292140391,7918000,sony
2019-08-23,10.372804641723633,10.607850047179497,10.338126549361425,10.557758448574491,6518000,sony
2019-08-26,10.69647216796875,10.78702214154242,10.682986040784309,10.698398626327453,5873000,sony
2019-08-27,10.694546699523926,10.785096681479128,10.656014772762699,10.733078626285153,3631500,sony
2019-08-28,10.713811874389648,10.733078296515107,10.623261895216562,10.638674481712785,2505000,sony
2019-08-29,10.927663803100586,11.097205001584578,10.85252641441022,10.85252641441022,4580000,sony
2019-08-30,10.96427059173584,11.014362190242554,10.898766405690207,11.002802519919955,1777000,sony
2019-09-03,11.064454078674316,11.129958266436374,10.98160992563718,11.023995690821897,4289500,sony
2019-09-04,11.272526741027832,11.2879402482301,11.158857407784836,11.180050291182685,4628500,sony
2019-09-05,11.470965385437012,11.567295660470995,11.45940571568599,11.472891843949919,6479000,sony
2019-09-06,11.405463218688965,11.447848069485707,11.366931285599087,11.432435479984505,3398500,sony
2019-09-09,11.555736541748047,11.680965537794256,11.49793819023686,11.655919738585014,5722500,sony
2019-09-10,11.413168907165527,11.442068545616184,11.35151854995443,11.390050482548235,3799500,sony
2019-09-11,11.56922435760498,11.588489865135461,11.455555015286476,11.484453735919079,3655000,sony
2019-09-12,11.60775375366211,11.644359220508505,11.559588617355082,11.586560873205363,3116000,sony
2019-09-13,11.628945350646973,11.661697899536906,11.576927299042724,11.578854676120336,3306500,sony
2019-09-16,11.553808212280273,11.607752719173268,11.497936328420971,11.544175002142671,2004000,sony
2019-09-17,11.548028945922852,11.588487329691363,11.417020583622845,11.588487329691363,9273500,sony
2019-09-18,11.388120651245117,11.436285786277654,11.286011005939434,11.390048028332192,4083000,sony
2019-09-19,11.434357643127441,11.51720177341799,11.41316476635403,11.44206439431961,3097500,sony
2019-09-20,11.39004898071289,11.478672505860557,11.320690959985004,11.426654449651451,3136000,sony
2019-09-23,11.39004898071289,11.41894769667937,11.341883841653017,11.363075804647412,2131500,sony
2019-09-24,11.349589347839355,11.515277641897008,11.312984798632636,11.496011219360595,4939000,sony
2019-09-25,11.671330451965332,11.702155622039106,11.53454180758181,11.636651446627225,7612500,sony
2019-09-26,11.44591999053955,11.575001902186283,11.411240980065116,11.542250268966221,4127500,sony
2019-09-27,11.357792854309082,11.477613561106287,11.334601690314294,11.369388436306476,7508500,sony
2019-09-30,11.427367210388184,11.437030349704639,11.228310779496562,11.303681607415077,3333500,sony
2019-10-01,11.201253890991211,11.394512055264345,11.141343537531872,11.30561320754594,4942000,sony
2019-10-02,10.982872009277344,11.064040161000761,10.921029213023859,11.064040161000761,5026000,sony
2019-10-03,11.195457458496094,11.208985485003623,11.015726383705736,11.083367437771074,4119000,sony
2019-10-04,11.35392951965332,11.375188243142706,11.187727383673073,11.187727383673073,3159500,sony
2019-10-07,11.222513198852539,11.286288442476312,11.222513198852539,11.22831052939667,3307000,sony
2019-10-08,11.056309700012207,11.133612960140931,11.021522956496016,11.122017378968867,3152500,sony
2019-10-09,11.183858871459961,11.228307826180208,11.149072131987086,11.166465040959801,1617500,sony
2019-10-10,11.07950210571289,11.123951995812366,11.029254884658387,11.042783833275582,3606500,sony
2019-10-11,11.236042022705078,11.384850320707006,11.20898596852291,11.20898596852291,6890000,sony
2019-10-14,11.178064346313477,11.282423677986504,11.174199458926402,11.236042264758353,2307000,sony
2019-10-15,11.30561351776123,11.340400264743195,11.237973388791557,11.24570316265801,4715000,sony
2019-10-16,11.386783599853516,11.409973845028924,11.303682072755247,11.305614516392554,3738000,sony
2019-10-17,11.603233337402344,11.643817419712757,11.54912030612737,11.601299972173296,3798000,sony
2019-10-18,11.442827224731445,11.570377709741075,11.32493987865349,11.55684968384779,5395000,sony
2019-10-21,11.437029838562012,11.51433310658345,11.423500891206997,11.487276133401066,2821500,sony
2019-10-22,11.396445274353027,11.514333545881932,11.390647943717678,11.495007267375406,3248500,sony
2019-10-23,11.321075439453125,11.365525330998473,11.25536774552013,11.357794634612572,2945500,sony
2019-10-24,11.33073616027832,11.431230584199222,11.27662406171401,11.431230584199222,3637500,sony
2019-10-25,11.307544708251953,11.32880342708433,11.214780981440065,11.253432611072313,3418500,sony
2019-10-28,11.413838386535645,11.456354906418897,11.342332450728353,11.373254310075136,4374500,sony
2019-10-29,11.448622703552246,11.467948978289897,11.369387004488377,11.375185255520673,7482000,sony
2019-10-30,11.802286148071289,11.937567312864404,11.568443926478269,11.634151604854052,6325500,sony
2019-10-31,11.755906105041504,11.806153321645462,11.674737028166376,11.804219956637299,3309000,sony
2019-11-01,11.873791694641113,11.908578436727394,11.811948904774674,11.840937395749485,3068500,sony
2019-11-04,11.898918151855469,11.953030260388543,11.854468261612062,11.943367120571141,3031000,sony
2019-11-05,11.873791694641113,11.89891529922662,11.794555994495289,11.896982856031967,3318000,sony
2019-11-06,11.736579895019531,11.827411189822241,11.726916756033459,11.796490250899994,2283000,sony
2019-11-07,11.672804832458496,11.734647632785892,11.638018084487898,11.674737275980029,3247500,sony
2019-11-08,11.674736976623535,11.705658836758188,11.624489760241413,11.643816038016528,4709000,sony
2019-11-11,11.92790699005127,11.958828854043526,11.78876090590552,11.866064183594519,6993500,sony
2019-11-12,12.007142066955566,12.078648009667216,11.96462554296707,11.982018456978794,5340500,sony
2019-11-13,12.03806209564209,12.094106637886897,12.026466514224618,12.094106637886897,5446500,sony
2019-11-14,11.953027725219727,12.001342492531714,11.854465747347678,11.983949581771515,2120500,sony
2019-11-15,11.993613243103027,12.020669294891071,11.927905557113828,11.982017660689916,1626000,sony
2019-11-18,12.067052841186523,12.177210424453735,12.045794117697831,12.177210424453735,4135500,sony
2019-11-19,11.962693214416504,12.043861375955514,11.933704716942247,12.028400905404425,7562500,sony
2019-11-20,11.881522178649902,11.95882636175603,11.837073217929637,11.927904504208065,4262500,sony
2019-11-21,11.889253616333008,11.912444780561216,11.781029411971533,11.808085463061902,5748500,sony
2019-11-22,11.827411651611328,11.924041202189544,11.821614320909926,11.912445619259051,3036000,sony
2019-11-25,11.943367004394531,11.972356423564747,11.900850479750362,11.92597409011458,4397000,sony
2019-11-26,12.204265594482422,12.213928733688572,12.101838714869183,12.175277098391646,11108500,sony
2019-11-27,12.314422607421875,12.320219937764222,12.213928175933459,12.229388645040684,7827000,sony
2019-11-29,12.26803970336914,12.291230866706446,12.21779248998084,12.225523184935806,4764000,sony
2019-12-02,12.229390144348145,12.283502253621325,12.115367673220945,12.264176895249939,7577000,sony
2019-12-03,12.482559204101562,12.490288979152696,12.35114289142667,12.445840008025327,8240500,sony
2019-12-04,12.617836952209473,12.67001753097849,12.577252876746991,12.613972065459027,5619000,sony
2019-12-05,12.600443840026855,12.61783675165501,12.523140577081039,12.592713145121241,5782000,sony
2019-12-06,12.617836952209473,12.652623697546284,12.590780901901152,12.627500090613188,4999000,sony
2019-12-09,12.741522789001465,12.813028724428078,12.679679992164754,12.679679992164754,6616000,sony
2019-12-10,12.814961433410645,12.890332257224113,12.762781774082494,12.865208649286291,4364500,sony
2019-12-11,12.859410285949707,12.86134365091309,12.793702601495877,12.847814703807545,6875500,sony
2019-12-12,13.010152816772461,13.023680843270089,12.91545663128907,12.932849544920964,5761500,sony
2019-12-13,13.058466911315918,13.100983432159522,12.986960973893469,13.025612607804284,5096000,sony
2019-12-16,13.189881324768066,13.232398764052697,13.141567477032694,13.180219108137537,5547000,sony
2019-12-17,13.091320991516113,13.158961119324326,13.081657852821332,13.149297980629546,3738000,sony
2019-12-18,13.08359146118164,13.124175541480064,13.025613545378388,13.108715071108431,2788500,sony
2019-12-19,13.118376731872559,13.182151971303112,13.106781150019039,13.153163477433116,3338000,sony
2019-12-20,13.122241973876953,13.124174417316917,12.932848693845926,12.994691491562959,7972000,sony
2019-12-23,13.157029151916504,13.174422064974289,13.064265413062214,13.104849491215488,3007000,sony
2019-12-24,13.095186233520508,13.14156856329123,13.095186233520508,13.137702754791903,1322500,sony
2019-12-26,13.14543342590332,13.147365869385577,13.112579122121998,13.141568538938806,2590000,sony
2019-12-27,13.099050521850586,13.160893318209379,13.08938738333536,13.147365292899106,1755500,sony
2019-12-30,13.087454795837402,13.100982820998723,12.996623506460645,13.099050377622477,4969500,sony
2019-12-31,13.141568183898926,13.147365514189072,13.046871083605513,13.087455160219422,2748500,sony
2020-01-02,13.346421241760254,13.346421241760254,13.195679603680018,13.199544490340257,4282500,sony
2020-01-03,13.157029151916504,13.26718580382858,13.133837986821016,13.23819730822305,2593000,sony
2020-01-06,13.356083869934082,13.373477703496244,13.184084428395368,13.18988175856435,3777500,sony
2020-01-07,13.56673812866211,13.640176518886305,13.49136729472587,13.626648491374244,6581000,sony
2020-01-08,13.616983413696289,13.744533895819297,13.599590501235017,13.682691098194864,8201000,sony
2020-01-09,13.727142333984375,13.848894576247856,13.642108363693255,13.79864735582961,11886500,sony
2020-01-10,13.694287300109863,13.810242205330605,13.67109613476018,13.810242205330605,5602500,sony
2020-01-13,13.8450288772583,13.856624459869408,13.736803746730512,13.79671410329996,6361500,sony
2020-01-14,14.005434036254883,14.098197778050071,13.916535181588918,14.09626533448546,9704000,sony
2020-01-15,13.837298393249512,13.937792829730583,13.808309897042335,13.837298393249512,5429500,sony
2020-01-16,14.03442096710205,14.053746322119924,13.95325189574974,13.959050147324412,5794500,sony
2020-01-17,14.007366180419922,14.053747589562295,13.945523380035755,14.053747589562295,3902500,sony
2020-01-21,13.939725875854492,14.011231819219413,13.935860988600513,14.011231819219413,4836000,sony
2020-01-22,13.98803997039795,14.046017884018456,13.947455891627433,14.02475916210299,3804000,sony
2020-01-23,14.028624534606934,14.059546396783762,13.918467877207686,14.059546396783762,2898500,sony
2020-01-24,13.891410827636719,14.046017362851272,13.814106638501801,14.038286667479488,3391500,sony
2020-01-27,13.781253814697266,13.856624641895738,13.750331953485555,13.806377423763424,6336500,sony
2020-01-28,13.918468475341797,13.955187669895423,13.78898553332665,13.856625669858202,4063000,sony
2020-01-29,13.875948905944824,13.918466346571291,13.84696041208322,13.895275182870964,3065000,sony
2020-01-30,13.748398780822754,13.781253083831386,13.568668639812756,13.649837714852117,4354500,sony
2020-01-31,13.562870025634766,13.719408987529754,13.51069037166977,13.719408987529754,4787000,sony
2020-02-03,13.62084674835205,13.702015814152508,13.576397789781879,13.584127562649288,9055500,sony
2020-02-04,14.107861518859863,14.274063652362113,13.752266085035938,13.947456716298605,7893500,sony
2020-02-05,13.626646041870117,13.732937799147729,13.595724183452612,13.655634535395357,8995000,sony
2020-02-06,13.827634811401367,13.827634811401367,13.715544803189852,13.715544803189852,3313000,sony
2020-02-07,13.545478820800781,13.769658869232593,13.472041355270385,13.721344092403426,7312000,sony
2020-02-10,13.560940742492676,13.568670517309478,13.456580488716028,13.553210046148116,4646500,sony
2020-02-11,13.58992862701416,13.692355510930419,13.564805016939316,13.649838986775956,4260000,sony
2020-02-12,13.676894187927246,13.680759074920086,13.58606289290188,13.58606289290188,2939500,sony
2020-02-13,13.450780868530273,13.512623664178983,13.43338795662466,13.512623664178983,4551500,sony
2020-02-14,13.301973342895508,13.437254532982864,13.230468321379044,13.427591393363542,7426000,sony
2020-02-18,12.878737449645996,12.965703860933212,12.774378124712413,12.836220926550604,11728500,sony
2020-02-19,12.961836814880371,13.019814724046281,12.923185182612299,12.940579016125874,6174500,sony
2020-02-20,12.898062705993652,12.981164229493501,12.760849998409132,12.930917010988404,6630500,sony
2020-02-21,12.74345588684082,12.94830964352319,12.70673669553561,12.938647425964712,4534500,sony
2020-02-24,12.35500717163086,12.480625215945228,12.273838092943599,12.368535197824125,7069000,sony
2020-02-25,12.287364959716797,12.65842172707649,12.200399480192187,12.610106957433318,11132000,sony
2020-02-26,12.356939315795898,12.52893876509418,12.326017455583496,12.438107470989113,7767000,sony
2020-02-27,11.767500877380371,12.121162891214935,11.7655675125053,11.964623921737624,10030000,sony
2020-02-28,12.020669937133789,12.070917156432674,11.46988388995791,11.496939943191508,13613000,sony
2020-03-02,12.399457931518555,12.418784212607063,12.041930025131363,12.291233706311873,10589500,sony
2020-03-03,12.210062980651855,12.46709732415012,12.090243187144441,12.324085443525803,8572500,sony
2020-03-04,12.521210670471191,12.552131613302913,12.285435025650173,12.32601910868972,6119000,sony
2020-03-05,12.260309219360352,12.366601899563905,12.159814790854682,12.339545849047395,6299500,sony
2020-03-06,12.198468208312988,12.221659375443013,12.012940714328273,12.13662632466991,5828000,sony
2020-03-09,11.31141185760498,11.686332617343584,11.208984980857245,11.245703250063567,6874000,sony
2020-03-10,11.659276008605957,11.817747424861793,11.413838189137305,11.806152764525848,15586500,sony
2020-03-11,11.168400764465332,11.46988408539568,11.100760630228798,11.392580811546008,6749000,sony
2020-03-12,10.15959358215332,10.720042843779776,9.952807346532152,10.538380221170216,10360500,sony
2020-03-13,10.884309768676758,10.95194989352655,10.298737043687963,10.890108020251075,10061500,sony
2020-03-16,9.987592697143555,10.40889580609654,9.844580814536492,10.049434577535298,7294500,sony
2020-03-17,10.667861938476562,10.700716244582226,10.175052876057899,10.321929649432327,8512000,sony
2020-03-18,10.588624954223633,11.228309791964021,10.06489501349939,10.586692510835839,18132500,sony
2020-03-19,10.706511497497559,10.830197080383746,10.358646832348635,10.602152190105636,11914500,sony
2020-03-20,10.254289627075195,10.99640143346938,10.207907293602663,10.915232349892447,8065000,sony
2020-03-23,10.223367691040039,10.513255430111998,9.968266701823367,10.42435657261141,7963000,sony
2020-03-24,11.015726089477539,11.015726089477539,10.737434870958184,10.88044582801556,11409500,sony
2020-03-25,11.147143363952637,11.466019610429868,10.884311670496837,11.282423637289797,6125000,sony
2020-03-26,11.692132949829102,11.694065393654597,11.208986975398608,11.336537483159368,7327000,sony
2020-03-27,11.507452964782715,11.755759006177632,11.391059421158817,11.561769766804469,9717000,sony
2020-03-30,11.672344207763672,11.726661010521884,11.47253477974267,11.627726173345375,6076000,sony
2020-03-31,11.480294227600098,11.736360201077153,11.369719948139139,11.497752934877667,5289500,sony
2020-04-01,11.028299331665039,11.334802625913428,10.989501481444245,11.2378084628683,5554500,sony
2020-04-02,11.427916526794434,11.503572468481075,11.233927288500604,11.323162430617131,5539500,sony
2020-04-03,11.1505126953125,11.35420163340584,11.012780007885002,11.251387287512149,3339000,sony
2020-04-06,11.808135986328125,11.87797266710713,11.542370313666387,11.606386808540314,5984000,sony
2020-04-07,11.767400741577148,12.201937092287558,11.72860288615707,12.17283893197596,6735500,sony
2020-04-08,12.048684120178223,12.099121419265126,11.779038915449679,11.84887467763953,5563000,sony
2020-04-09,11.945869445800781,12.114640047800744,11.833355402796235,12.07196269011504,5696500,sony
2020-04-13,11.65682601928711,11.848875535480477,11.544312890113993,11.83335657887182,7758500,sony
2020-04-14,11.916770935058594,12.037043989512894,11.813956588907983,11.988546446985922,8812500,sony
2020-04-15,12.040925025939941,12.066143677255289,11.879914348321806,12.066143677255289,11036500,sony
2020-04-16,12.073902130126953,12.118520165423528,11.947808889089274,12.108820471879008,13701000,sony
2020-04-17,12.500678062438965,12.500678062438965,12.31638851618375,12.442481753100964,15911500,sony
2020-04-20,12.328028678894043,12.498739034548624,12.260132672386035,12.335788618929406,12184500,sony
2020-04-21,12.037044525146484,12.153438077382374,11.912891032756043,12.068083360750958,11018500,sony
2020-04-22,12.159256935119629,12.217453242371647,12.11851933504049,12.161196688692879,4186500,sony
2020-04-23,12.038983345031738,12.318328218733749,12.01958488367075,12.304749018276961,4927500,sony
2020-04-24,12.213574409484863,12.258191519173623,12.075841723030555,12.258191519173623,5790500,sony
2020-04-27,12.308627128601074,12.390103247108474,12.26401002502498,12.320266574102131,6166500,sony
2020-04-28,12.205815315246582,12.423083467726896,12.199996053802472,12.392045556664169,4860500,sony
2020-04-29,12.527838706970215,12.5802157608923,12.382346068285534,12.49486011653117,5968000,sony
2020-04-30,12.463820457458496,12.50067762541007,12.298929378409388,12.446360825256564,5544500,sony
2020-05-01,12.168954849243164,12.341605855340468,12.05838150321642,12.26594992120977,3126000,sony
2020-05-04,12.015704154968262,12.130157941716925,11.90125129323323,12.085540834177769,3840500,sony
2020-05-05,12.296990394592285,12.36488639903427,12.178656168975802,12.199995309663434,4786000,sony
2020-05-06,12.405623435974121,12.46576042288817,12.267890754661009,12.403683682366191,4568000,sony
2020-05-07,12.487099647521973,12.529777930402746,12.395924745479702,12.467701184860116,4502000,sony
2020-05-08,12.708248138427734,12.78196433105943,12.529777843116106,12.609313297001705,4788500,sony
2020-05-11,12.79748249053955,12.813001444598946,12.663629314869837,12.758684642884235,4584000,sony
2020-05-12,12.723767280578613,12.880898436909417,12.716007340445575,12.787783780381577,5701000,sony
2020-05-13,12.178654670715332,12.425021860121287,12.085540029648227,12.353245432103028,12719000,sony
2020-05-14,12.34936809539795,12.34936809539795,12.099121355099495,12.209695646745233,6649500,sony
2020-05-15,12.417264938354492,12.523958804563314,12.314450580003795,12.322210520733842,6206000,sony
2020-05-18,12.428902626037598,12.504558568635021,12.161197196465249,12.221334184815074,9884500,sony
2020-05-19,12.231032371520996,12.481279081292687,12.221333603710947,12.471579388469015,10592000,sony
2020-05-20,12.254311561584473,12.38622498215122,12.232973346871074,12.265951008252529,10732500,sony
2020-05-21,12.170896530151367,12.295049085477649,12.062262003600528,12.221333823726107,6073000,sony
2020-05-22,12.267889976501465,12.283408929394172,12.141796749847744,12.260130962561902,4243500,sony
2020-05-26,12.062261581420898,12.25237130247079,12.05838207436282,12.18059487181472,7175500,sony
2020-05-27,12.215514183044434,12.22715363015907,12.03122463292112,12.124339284824522,7623000,sony
2020-05-28,12.527838706970215,12.67333042064114,12.333848522057307,12.333848522057307,8034500,sony
2020-05-29,12.56275463104248,12.56275463104248,12.347426254427662,12.454121028433864,5884000,sony
2020-06-01,12.704366683959961,12.735405516525113,12.523956649409389,12.591853575325489,7118000,sony
2020-06-02,12.948795318603516,12.96237452002289,12.787783730329537,12.799423177976674,7103000,sony
2020-06-03,12.956554412841797,13.001172449930678,12.79748350238204,12.803302763734296,13616000,sony
2020-06-04,12.838220596313477,13.076827877527437,12.814941701802795,12.997291500446991,5837000,sony
2020-06-05,13.057428359985352,13.1039861485416,12.909996904580037,12.915816165642727,6372500,sony
2020-06-08,13.29991626739502,13.344534306025075,13.055489706896532,13.094287558959564,6963000,sony
2020-06-09,13.278576850891113,13.346473784360121,13.17188299117373,13.27663709708007,4933500,sony
2020-06-10,13.678194999694824,13.695653708067637,13.414369070313928,13.579260160550277,9316500,sony
2020-06-11,13.069066047668457,13.61611628950162,13.016689005100911,13.61223678264878,13922000,sony
2020-06-12,13.247538566589355,13.546281920388092,12.972073182880957,13.524943704054142,11803500,sony
2020-06-15,13.526881217956543,13.577318507325735,13.169940685501823,13.261115572050693,8200500,sony
2020-06-16,13.453166961669922,13.676255288871307,13.34647310736455,13.674314610144963,5146000,sony
2020-06-17,13.885764122009277,13.924561973069107,13.72087302375157,13.765491061227928,6876500,sony
2020-06-18,13.87994384765625,13.938140157491993,13.854725200057116,13.89934230926361,4600000,sony
2020-06-19,13.769371032714844,13.938141644260234,13.72475299373532,13.912922993971051,7569500,sony
2020-06-22,13.910982131958008,13.930381519102996,13.765490428425368,13.821746986121187,3029500,sony
2020-06-23,13.8974027633667,14.033195696702947,13.887703069911177,13.930381351109997,5948500,sony
2020-06-24,13.705354690551758,13.866365363503734,13.63745867936802,13.848906653488994,3232500,sony
2020-06-25,13.773249626159668,13.796528521037283,13.524943572497072,13.61029828703006,3411500,sony
2020-06-26,13.517182350158691,13.66073428826695,13.424067704495714,13.62969638138383,4766500,sony
2020-06-29,13.330955505371094,13.356174156221941,13.22038120740651,13.334835013190059,4860500,sony
2020-06-30,13.410490036010742,13.427948744999483,13.280517282948388,13.313494947150867,3683500,sony
2020-07-01,13.654916763305664,13.7635503762188,13.418249224437607,13.418249224437607,7748500,sony
2020-07-02,13.623876571655273,13.676254544113016,13.573440202831836,13.676254544113016,5435000,sony
2020-07-06,13.682072639465332,13.73638943588963,13.637455535263536,13.680132886023545,6987500,sony
2020-07-07,13.416308403015137,13.590899181319342,13.394970187898782,13.54434139376791,4540000,sony
2020-07-08,13.538521766662598,13.550161213235649,13.381389700433205,13.491963980370386,2667500,sony
2020-07-09,13.876065254211426,13.901283905152592,13.672376292765666,13.835327646925032,4748000,sony
2020-07-10,14.34358024597168,14.376557912745,14.085574473508602,14.161230426713928,8334500,sony
2020-07-13,14.425053596496582,14.86734980999,14.386255747945489,14.646202165750129,9073000,sony
2020-07-14,14.456092834472656,14.47355154305393,14.186447640752437,14.236884937780227,3788000,sony
2020-07-15,14.904208183288574,15.107897123240317,14.721858384193352,14.764535740892702,9926000,sony
2020-07-16,14.898387908935547,14.950764958897194,14.772294668282065,14.801393748826959,4677000,sony
2020-07-17,14.758715629577637,14.82661255991495,14.634563066273554,14.735437659905038,5458500,sony
2020-07-20,15.166091918945312,15.228168656585485,14.91584613988035,14.972102691953278,4375000,sony
2020-07-21,14.997323036193848,15.183553270205358,14.966285126365449,15.179672837716529,3491000,sony
2020-07-22,15.005083084106445,15.05358062794921,14.900328981414852,14.9895641290806,2085000,sony
2020-07-23,14.82467269897461,15.129235306374209,14.780054663646292,15.03030139219353,3040500,sony
2020-07-24,14.83243179321289,14.849891426701658,14.61516365157182,14.714098491295854,2677500,sony
2020-07-27,15.233990669250488,15.249509624268407,15.059399881511208,15.067159821527023,4556000,sony
2020-07-28,15.057458877563477,15.228169218614184,15.051638691781429,15.228169218614184,2396000,sony
2020-07-29,15.199071884155273,15.274727828305208,15.045820242161358,15.05939944303337,2652000,sony
2020-07-30,15.232050895690918,15.278607760684126,15.001202624418047,15.02642127316951,3121500,sony
2020-07-31,15.123416900634766,15.125356654452025,14.919727949602708,14.933307151337262,5564500,sony
2020-08-03,15.765522956848145,15.792681362542934,15.261150847490667,15.268909863395569,10748500,sony
2020-08-04,16.172901153564453,16.324213066320226,16.00607120874819,16.209759254749617,8477500,sony
2020-08-05,15.761640548706055,15.866394644257694,15.656886453154417,15.848935936670303,5895500,sony
2020-08-06,15.610328674316406,15.736422834786607,15.588990459479362,15.685985540603987,5649000,sony
2020-08-07,15.524974822998047,15.660766834061295,15.346503604860908,15.616149723287284,5508000,sony
2020-08-10,15.528853416442871,15.606449111058591,15.466776675747566,15.606449111058591,3223000,sony
2020-08-11,15.389181137084961,15.581229696943481,15.367841997094613,15.503634926555065,5198000,sony
2020-08-12,15.662707328796387,15.709263267737276,15.414400354317227,15.424100047854564,6168000,sony
2020-08-13,16.037105560302734,16.137980146397602,15.765519709271803,15.821777188062818,8971000,sony
2020-08-14,16.087543487548828,16.219455986097582,16.07784379426957,16.1767777056743,7097000,sony
2020-08-17,16.188417434692383,16.23885472772501,16.04680524848854,16.203935463301033,6187000,sony
2020-08-18,16.09724235534668,16.275712632472832,16.02934450587372,16.26601293969098,3991000,sony
2020-08-19,15.73254108428955,15.920711055960984,15.717023055714948,15.810136777244315,6771500,sony
2020-08-20,15.404702186584473,15.435740098961766,15.299948076043881,15.338745929022389,6123500,sony
2020-08-21,15.276667594909668,15.311585936473074,15.169973741537447,15.228170052462772,6685000,sony
2020-08-24,15.474536895751953,15.573470806921696,15.39694027471584,15.501695296858443,4242500,sony
2020-08-25,15.396941184997559,15.445438729132226,15.356203580929376,15.360084013469477,3180000,sony
2020-08-26,15.736422538757324,15.753881246025323,15.546311887325002,15.596749180558811,4503000,sony
2020-08-27,15.600629806518555,15.751941697071244,15.513335338904648,15.751941697071244,5164000,sony
2020-08-28,15.400819778442383,15.451257070317252,15.286365994958148,15.338743040364573,5050000,sony
2020-08-31,15.255328178405762,15.321284427934996,15.216530330152468,15.257267932066377,3886000,sony
2020-09-01,15.422159194946289,15.540492494721445,15.276667493584291,15.369782145455423,5309500,sony
2020-09-02,15.420218467712402,15.519153299399452,15.28636622191173,15.43961785334319,4444500,sony
2020-09-03,15.01090145111084,15.31740472592012,14.880928707365022,15.296066510910913,5346500,sony
2020-09-04,15.065218925476074,15.222351002180584,14.665600983206424,15.088497820174053,6207500,sony
2020-09-08,14.745135307312012,14.910026386285859,14.717976907247655,14.880928232647422,6311500,sony
2020-09-09,15.030302047729492,15.121476951056515,14.849891994867594,14.910028062479073,4441500,sony
2020-09-10,14.840192794799805,15.119537700468115,14.82079340620523,15.086559109862842,4898500,sony
2020-09-11,14.941067695617676,15.012843214826516,14.789755791589743,14.97210560797602,4130500,sony
2020-09-14,15.076858520507812,15.181613547674827,14.989564052055858,15.001202574505154,3381000,sony
2020-09-15,14.83243179321289,14.995383130697117,14.787814682659395,14.911967245730224,6918000,sony
2020-09-16,14.935246467590332,15.131176397613112,14.915848004972325,15.107897502460533,8946000,sony
2020-09-17,15.055519104003906,15.187431598049315,14.882868084579105,14.968223717498056,7307500,sony
2020-09-18,15.317404747009277,15.552132512542965,15.195191942652686,15.53467380478164,6060000,sony
2020-09-21,15.183554649353027,15.19907360567684,14.937187402030627,15.082680045727564,3812500,sony
2020-09-22,15.2669677734375,15.340683963337735,15.096257424470242,15.33874420965831,3654000,sony
2020-09-23,15.001201629638672,15.235929392841975,14.93524538151179,15.228169453350839,4365500,sony
2020-09-24,15.088497161865234,15.22429009166969,14.900328108796035,14.93136601703003,4173500,sony
2020-09-25,14.98762321472168,15.012841863122402,14.818852615814418,14.925546470580386,3088500,sony
2020-09-28,15.038021087646484,15.197585577270507,14.975751724317812,15.197585577270507,3951000,sony
2020-09-29,15.076940536499023,15.143101450393852,14.999104058048163,15.067210744721661,2245500,sony
2020-09-30,14.934889793395996,15.069157401843908,14.843431044359104,14.934889793395996,3533500,sony
2020-10-01,14.87651252746582,14.967970352063107,14.818134699061114,14.966024579096969,3598500,sony
2020-10-02,14.399763107299805,14.584624520323208,14.325818170936818,14.399763107299805,6960000,sony
2020-10-05,14.6079740524292,14.637162498053582,14.50678645118845,14.565164270321175,4231000,sony
2020-10-06,14.310251235961914,14.479545540222125,14.288845878361126,14.465924202080917,4254000,sony
2020-10-07,14.277170181274414,14.39587067766143,14.22463060208862,14.39587067766143,6192000,sony
2020-10-08,14.425058364868164,14.458138355652139,14.308303655032352,14.351113436940297,3724500,sony
2020-10-09,14.50678825378418,14.563220307271983,14.386141983097136,14.467870012154417,3778500,sony
2020-10-12,14.514572143554688,14.571003268654122,14.41143875776326,14.413384530644748,3854500,sony
2020-10-13,14.53403091430664,14.629381209320355,14.450357112441617,14.553490499042363,4535000,sony
2020-10-14,14.479544639587402,14.57489400064509,14.45230196499949,14.518462878696418,4714000,sony
2020-10-15,14.257711410522461,14.321926554333839,14.123442876434641,14.321926554333839,5645500,sony
2020-10-16,14.140955924987793,14.212954156355941,14.098145212833971,14.15846880766999,5313000,sony
2020-10-19,14.191548347473145,14.372518186490717,14.1681972209127,14.341383041782153,4111000,sony
2020-10-20,14.70527172088623,14.763648618536411,14.512626288449331,14.522355152801657,6079000,sony
2020-10-21,14.524301528930664,14.678028716870209,14.477599269547092,14.658569132832376,4366000,sony
2020-10-22,14.516518592834473,14.588517760108756,14.440627879615887,14.57100394759117,3309500,sony
2020-10-23,14.678027153015137,14.705269825458332,14.499003081630763,14.631324898607408,3756000,sony
2020-10-26,14.827863693237305,14.872620180584619,14.70137917840888,14.740297419288083,4212500,sony
2020-10-27,15.074994087219238,15.234558582517726,14.973806484197183,15.041913167814347,7336500,sony
2020-10-28,15.878655433654785,15.946762115968466,15.39412278319071,15.937032324813954,13637000,sony
2020-10-29,16.23476219177246,16.322326619255698,16.065466016589387,16.29897734243904,9225500,sony
2020-10-30,16.27951431274414,16.355404085767763,16.069356019697903,16.199731138639592,7396500,sony
2020-11-02,16.6375675201416,16.719295563864172,16.3534642124764,16.36903039846062,10388500,sony
2020-11-03,16.81464195251465,16.97809986660664,16.734860624138168,16.734860624138168,5297000,sony
2020-11-04,16.81464195251465,16.981991412409375,16.573349410831618,16.61421342541258,5196000,sony
2020-11-05,17.589111328125,17.684462530040662,17.264144128773967,17.269982374063602,9116500,sony
2020-11-06,17.39452362060547,17.546305029835626,17.252472003017143,17.338091571390052,6972500,sony
2020-11-09,16.853561401367188,17.513225747950525,16.851614700549487,17.513225747950525,9424500,sony
2020-11-10,16.717348098754883,16.82048242714526,16.594756038773447,16.74459077875076,6500500,sony
2020-11-11,17.14155387878418,17.25830951777019,16.78545242747072,16.828261281958984,6737000,sony
2020-11-12,16.950855255126953,17.15128375934831,16.902206298726085,17.020906783115507,6045000,sony
2020-11-13,17.458740234375,17.52295538001655,17.22912232839805,17.312797058965685,5474500,sony
2020-11-16,17.60079002380371,17.727273601063178,17.522953548005276,17.647492280436364,5755500,sony
2020-11-17,17.456790924072266,17.6494363321996,17.419818460546743,17.559925224149104,8757500,sony
2020-11-18,17.17268943786621,17.4529011375398,17.17074459292924,17.291389930903875,3732000,sony
2020-11-19,17.289445877075195,17.31668855358388,17.2096626925751,17.29333742289527,4499500,sony
2020-11-20,17.50933074951172,17.565762792879404,17.291387522008527,17.301117312642116,3119500,sony
2020-11-23,17.47235870361328,17.670842354577296,17.41008841322856,17.532682293517784,3714000,sony
2020-11-24,17.668895721435547,17.81483887343641,17.51906102422728,17.71754282017988,6044500,sony
2020-11-25,18.141754150390625,18.19429465403315,17.884893589844953,18.174835070775327,8248500,sony
2020-11-27,18.305212020874023,18.388886752610322,18.25656491364753,18.287699136503214,3334500,sony
2020-11-30,18.15343475341797,18.291593000837043,18.02305774298885,18.2234862997802,4848500,sony
2020-12-01,18.42391014099121,18.451152811697167,18.28380338670249,18.31882914739079,6201000,sony
2020-12-02,18.023054122924805,18.165105743959366,17.933541151109136,17.978298564900996,5942000,sony
2020-12-03,18.25851058959961,18.34996840797413,18.209861629335663,18.25267234321432,3773000,sony
2020-12-04,18.369426727294922,18.37137342807534,18.252672930441395,18.27213251517303,2850500,sony
2020-12-07,18.167051315307617,18.21764511646666,18.085321439767682,18.096997931602502,4507000,sony
2020-12-08,18.168996810913086,18.25267153424409,18.126186098931825,18.17483505703962,3589500,sony
2020-12-09,18.316884994506836,18.414181046031487,18.14564401805416,18.406396099987393,9943500,sony
2020-12-10,18.30910301208496,18.328560738952984,18.161213153280336,18.233211382111875,3627000,sony
2020-12-11,18.42391014099121,18.482287027394296,18.32272254814972,18.351910063467386,4538000,sony
2020-12-14,18.168996810913086,18.495910757479056,18.16315856478655,18.47839787486745,4278500,sony
2020-12-15,18.320777893066406,18.416127251181877,18.2040222514581,18.252671208698214,4121500,sony
2020-12-16,18.507583618164062,18.556232571603996,18.301316880575083,18.34412758844866,4284000,sony
2020-12-17,18.879255294799805,19.025200316427455,18.830608191435946,18.88898508662618,5998500,sony
2020-12-18,19.208120346069336,19.33265911188132,19.097202920778887,19.284010141612637,6448000,sony
2020-12-21,19.342382431030273,19.36768026068233,19.03298321939001,19.243141524611325,4695000,sony
2020-12-22,18.96487808227539,19.130280843663964,18.929850458031776,19.062172295988997,3715000,sony
2020-12-23,18.96487808227539,19.095253219420346,18.922067366319048,19.095253219420346,3348000,sony
2020-12-24,18.84423065185547,18.98433557981516,18.785853753186277,18.96487785077086,1509000,sony
2020-12-28,19.060224533081055,19.126386369815265,19.036873405749443,19.106926787744275,4818000,sony
2020-12-29,19.54281234741211,19.620648823681734,19.33265404706092,19.45913762508607,4944000,sony
2020-12-30,19.61092185974121,19.644002784473308,19.39297858130173,19.420221259135634,3081000,sony
2020-12-31,19.673189163208008,19.73156791725805,19.57783979633499,19.64011009616808,3353500,sony
2021-01-04,19.472761154174805,19.77437730170288,19.35406065368358,19.751026170616456,5320000,sony
2021-01-05,20.06431770324707,20.144100884699267,19.848321144455113,19.85221269012652,5593500,sony
2021-01-06,19.669300079345703,19.846379352899397,19.51362709393028,19.54865286612982,4907500,sony
2021-01-07,19.84832000732422,19.865832889726274,19.62648707061823,19.669295926319258,3803500,sony
2021-01-08,20.23555564880371,20.23750049346182,20.031233757866403,20.09934229202404,7002000,sony
2021-01-11,20.206369400024414,20.432095751694945,20.10712848985641,20.301718764506937,5183000,sony
2021-01-12,20.243343353271484,20.330909632809213,20.097400172631346,20.295883863301412,5961500,sony
2021-01-13,20.216096878051758,20.303663141139904,20.08182836054755,20.08961330679548,3972000,sony
2021-01-14,20.1246395111084,20.233610203290628,20.089613747412088,20.169395066002114,4155500,sony
2021-01-15,19.858051300048828,19.984536743409613,19.756863687667447,19.807457493858138,5138000,sony
2021-01-19,19.893075942993164,19.93394181040124,19.78994349145435,19.854158631998445,3505000,sony
2021-01-20,20.02150535583496,20.159665422622435,19.931994245391206,19.931994245391206,4370000,sony
2021-01-21,19.955347061157227,20.08183064681334,19.828861619733022,20.02540045075672,3246000,sony
2021-01-22,19.675138473510742,19.83470300638745,19.659570432545635,19.77437939932919,3798000,sony
2021-01-25,19.319034576416016,19.447464867456258,19.03492946202964,19.400762606029232,7289000,sony
2021-01-26,19.402706146240234,19.494163962147624,19.34043770570381,19.429948820945924,3875000,sony
2021-01-27,18.8753604888916,19.241191690687042,18.853956064031564,19.027141874783528,5576000,sony
2021-01-28,19.001846313476562,19.151681002253053,18.719687960487555,18.75471372115101,7198500,sony
2021-01-29,18.624340057373047,18.892875240075465,18.503692874537517,18.875362358385644,4296000,sony
2021-02-01,19.173093795776367,19.194500086207157,18.86369449282944,18.99406965779908,7497500,sony
2021-02-02,19.31124496459961,19.42605388964026,19.297623629620812,19.361838759630537,6338500,sony
2021-02-03,21.65996551513672,21.850666090631425,20.81349405708941,21.074246163065272,15131000,sony
2021-02-04,21.576292037963867,21.628830684340425,21.212405635643183,21.59574976489892,6912000,sony
2021-02-05,22.71076011657715,23.059080366067143,22.424712021485153,22.967622546744327,10132500,sony
2021-02-08,22.498655319213867,22.50254686463839,22.25346939978921,22.25346939978921,5339000,sony
2021-02-09,21.918771743774414,22.072499846154773,21.79228817012539,21.905150407292705,5071500,sony
2021-02-10,22.049150466918945,22.280713205470047,21.84872009334567,22.280713205470047,3032000,sony
2021-02-11,22.177581787109375,22.327416507287616,22.074447472347103,22.18731157950341,2351500,sony
2021-02-12,22.091957092285156,22.109471829467527,21.947960639972294,21.951852185201307,2788500,sony
2021-02-16,22.37217140197754,22.553142194738975,22.265147400364043,22.54341240263446,4247000,sony
2021-02-17,22.36244010925293,22.43833174026825,22.15617335547565,22.43833174026825,2961000,sony
2021-02-18,22.090015411376953,22.15812210205889,21.877910391990252,22.037474903840522,2836000,sony
2021-02-19,22.48308563232422,22.924808481541014,22.165901506395496,22.185361087858467,9943000,sony
2021-02-22,22.04331398010254,22.3604981707326,21.994666872289574,22.091961087915504,5482000,sony
2021-02-23,21.877906799316406,21.961581515171368,21.315538626519132,21.593803590115314,5336500,sony
2021-02-24,21.32721710205078,21.39921533965963,21.037275595039123,21.07813961009562,7374000,sony
2021-02-25,20.836843490600586,21.227972545627,20.792087937374834,21.157919165077228,6690000,sony
2021-02-26,20.5897159576416,20.819333861055323,20.504094527229885,20.807657367922754,5014500,sony
2021-03-01,21.031436920166016,21.12484144168945,20.79209108135644,20.885493747111745,4678000,sony
2021-03-02,20.581932067871094,20.871873585319634,20.57804052188299,20.85630740136721,5412500,sony
2021-03-03,20.338693618774414,20.737605862750854,20.33480207263229,20.70647163784556,5263500,sony
2021-03-04,19.81718635559082,20.2413963696791,19.601189802986756,20.103236295577616,8212500,sony
2021-03-05,20.26474380493164,20.28615008722162,19.708213869213672,20.16161136176013,5269500,sony
2021-03-08,19.507783889770508,20.042911264959063,19.498055954451207,19.914480991836673,6213000,sony
2021-03-09,19.75491714477539,19.846374957055428,19.476650306759144,19.507784525792523,6442500,sony
2021-03-10,19.651782989501953,19.982588476688697,19.558378475925657,19.93977776533823,5367000,sony
2021-03-11,20.081830978393555,20.169397252896747,19.803565971894688,19.90280688363985,4577500,sony
2021-03-12,20.346473693847656,20.352310083778875,19.947561545410654,20.07599181618323,4350500,sony
2021-03-15,20.50798225402832,20.51771204457087,20.270581303247038,20.40874135972278,4377500,sony
2021-03-16,20.735654830932617,20.869923339501604,20.655871663633885,20.673384543932503,4119500,sony
2021-03-17,20.613067626953125,20.685065865336124,20.387341263427178,20.581931548297817,3595500,sony
2021-03-18,20.49825668334961,20.65198293780869,20.4204202058,20.615010471790022,4303000,sony
2021-03-19,20.482688903808594,20.589714757701852,20.336745738533807,20.589714757701852,3113500,sony
2021-03-22,20.79987335205078,20.90300580604212,20.531336291152478,20.626687509681446,10410500,sony
2021-03-23,20.453500747680664,20.807657395627224,20.43404301871404,20.690903598754907,3806000,sony
2021-03-24,19.916427612304688,20.39512298417423,19.908644521048164,20.39512298417423,6353500,sony
2021-03-25,19.97480583190918,20.031236025667802,19.743241243399755,19.918373782382545,4856000,sony
2021-03-26,20.513824462890625,20.529392501920093,20.25696388139737,20.268640374611508,4119500,sony
2021-03-29,20.797298431396484,20.883142160766592,20.492947450363424,20.66073139910714,4085500,sony
2021-03-30,20.38954734802246,20.465634163431965,20.235420101607524,20.35442878195276,3475500,sony
2021-03-31,20.682191848754883,20.836319097605244,20.535869759480168,20.59439822307279,2987500,sony
2021-04-01,20.8480224609375,20.89874762168397,20.584641603917042,20.78949400179501,2250500,sony
2021-04-05,21.7318115234375,21.81960514781301,21.42551064592207,21.616704492419498,4162000,sony
2021-04-06,21.441118240356445,21.51525516485696,21.329912853605677,21.48404010732684,2195500,sony
2021-04-07,21.62841033935547,21.722055503427715,21.39039112844629,21.567930124312408,2446500,sony
2021-04-08,21.42551040649414,21.452823812831404,21.26552975727729,21.324060079931083,2812500,sony
2021-04-09,21.809850692749023,21.862527613055164,21.560126516087198,21.755223877964188,4116000,sony
2021-04-12,21.7318115234375,21.90934866661368,21.68108635958912,21.75132163120679,2223500,sony
2021-04-13,21.82740592956543,21.92105294758968,21.747417473873615,21.846916035084828,2674000,sony
2021-04-14,21.807899475097656,22.008848368804692,21.794240911643833,21.946416398134065,2054000,sony
2021-04-15,22.00104522705078,22.143465660995822,21.874231390445,21.997141717129733,2541000,sony
2021-04-16,21.675233840942383,21.786439227068414,21.59914702235352,21.782537577472365,3212000,sony
2021-04-19,21.456724166870117,21.702544809065174,21.345518793244956,21.665476351190122,2068500,sony
2021-04-20,21.189441680908203,21.48013594011916,21.070433008869966,21.392342321952462,2445500,sony
2021-04-21,21.15627670288086,21.185541864997546,20.81680900890707,20.920209232664,2796000,sony
2021-04-22,21.253826141357422,21.470383511226693,21.175787566846914,21.271384495019667,4532500,sony
2021-04-23,21.448925018310547,21.525011843066938,21.341621273082627,21.41965985308843,2142500,sony
2021-04-26,21.249923706054688,21.402099199811808,21.23626700253493,21.265530304027944,2684500,sony
2021-04-27,20.81095314025879,21.011903880611232,20.55537745281173,20.7777863325709,7796000,sony
2021-04-28,20.385644912719727,20.762181046991266,20.120312295054198,20.758279397708662,8676000,sony
2021-04-29,20.455881118774414,20.580743215826523,20.31151077264109,20.567086511176438,4544000,sony
2021-04-30,19.540876388549805,19.958382649866348,19.50966133230476,19.76914055737424,5402500,sony
2021-05-03,19.386749267578125,19.741825384642326,19.246278736161326,19.698903523278396,5133000,sony
2021-05-04,18.883398056030273,19.359434566497537,18.824869602153363,19.29895435790413,6892500,sony
2021-05-05,19.04728126525879,19.133124994829494,18.967292800696516,19.0589880741031,4860500,sony
2021-05-06,19.07069206237793,19.172142384519194,18.936076791548548,19.154584032722855,4130500,sony
2021-05-07,18.932178497314453,19.109715662230105,18.873648166839537,18.924373336899226,4392500,sony
2021-05-10,19.00240707397461,19.41016008578223,18.965338618355734,19.363336577570383,5229000,sony
2021-05-11,18.73902702331543,18.77219383140831,18.42297112048084,18.641480214457946,4881000,sony
2021-05-12,18.153736114501953,18.59660392144983,18.112766014138998,18.561487224163255,5496000,sony
2021-05-13,18.138132095336914,18.21422077217906,17.90011473199889,17.984006707793867,6209500,sony
2021-05-14,18.368345260620117,18.397610421140197,18.1654446130878,18.27469823542483,3483500,sony
2021-05-17,18.32347297668457,18.461991755563243,18.235679358232087,18.391756488684024,3313000,sony
2021-05-18,18.5341796875,18.746835414222197,18.370299234202033,18.370299234202033,4562000,sony
2021-05-19,18.594661712646484,18.60831841841178,18.30591913621457,18.442486193867513,2672000,sony
2021-05-20,18.904861450195312,18.98290002290851,18.727324301963353,18.727324301963353,2593500,sony
2021-05-21,18.80341148376465,19.01021565907533,18.79950983414138,18.986803900749337,2459500,sony
2021-05-24,18.881450653076172,18.924370656641873,18.840478683311982,18.893155601161478,1902000,sony
2021-05-25,19.1877498626709,19.27359172295291,19.103857896607742,19.21896491544744,4477500,sony
2021-05-26,19.2014102935791,19.40626086150786,19.199458538395113,19.211165348326155,2889000,sony
2021-05-27,19.42576789855957,19.468689760540652,19.21506395899091,19.35358273755216,2748500,sony
2021-05-28,19.433576583862305,19.613065502099133,19.41211471868425,19.527221762559893,2128000,sony
2021-06-01,19.34968376159668,19.482349154446272,19.275546835471765,19.482349154446272,2734500,sony
2021-06-02,19.131175994873047,19.308715023417417,19.03948070826159,19.261891502469744,2725500,sony
2021-06-03,19.26578712463379,19.375040732271074,18.943877844569677,19.07459331126854,3773500,sony
2021-06-04,19.64427947998047,19.714512894989735,19.427722109000328,19.45308376206781,4457000,sony
2021-06-07,19.538925170898438,19.570140225029537,19.43552309464309,19.451131552001726,6030500,sony
2021-06-08,19.433576583862305,19.63647540133366,19.382851414347844,19.564290227227634,4799000,sony
2021-06-09,19.064844131469727,19.28140151936152,19.043382265797412,19.24043140387783,2578000,sony
2021-06-10,19.23652458190918,19.27554479598797,19.088252605933945,19.13312436365558,2847000,sony
2021-06-11,19.431623458862305,19.455035217032986,19.236526094302068,19.310663018411503,3009500,sony
2021-06-14,19.398454666137695,19.4842983908624,19.27749423803499,19.291150940524897,2432000,sony
2021-06-15,19.32431983947754,19.507710395771326,19.25408642512596,19.507710395771326,2969500,sony
2021-06-16,18.893156051635742,19.10191011245084,18.826822429145327,19.08434989902482,2957500,sony
2021-06-17,18.748783111572266,18.764391569356096,18.456138947668617,18.48735400265006,3671000,sony
2021-06-18,18.489309310913086,18.60831801005425,18.42102578358509,18.53418107735912,3315500,sony
2021-06-21,18.90681266784668,18.93217618006535,18.729275524661112,18.73317717409792,5314000,sony
2021-06-22,19.060937881469727,19.164338092568972,19.021917670090783,19.05118282862499,3586500,sony
2021-06-23,18.756589889526367,18.85218681766391,18.73707978075933,18.82682330414949,2610000,sony
2021-06-24,18.879499435424805,18.953636357167134,18.846332624026452,18.861941082504,1895000,sony
2021-06-25,19.16823959350586,19.22091650634326,19.03362247010901,19.070690926398196,2617500,sony
2021-06-28,19.211164474487305,19.265791290116884,19.12532260143887,19.20531106978803,4108000,sony
2021-06-29,19.486251831054688,19.54868381135933,19.363341486279698,19.412114901022836,2988500,sony
2021-06-30,18.967294692993164,19.144831853096402,18.9048627142962,19.103861739226424,3910500,sony
2021-07-01,19.16823959350586,19.2365231023054,19.03362247010901,19.101907839494622,2499500,sony
2021-07-02,19.831573486328125,19.849131841672943,19.626722906327633,19.74768149902892,3677000,sony
2021-07-06,19.720367431640625,19.931071409934777,19.507711698112466,19.85303283054485,3165000,sony
2021-07-07,19.65403175354004,19.796452179115672,19.513561222224112,19.679393403019063,2649000,sony
2021-07-08,19.380897521972656,19.43162268589362,19.12922345738209,19.28334884357292,3448000,sony
2021-07-09,19.907657623291016,19.970087730377674,19.566238207408887,19.616963367136595,4373500,sony
2021-07-12,20.34857940673828,20.42856788010554,20.182747194350796,20.307609292445825,5077500,sony
2021-07-13,20.344675064086914,20.38954682228902,20.21395957822678,20.32906660617103,3046500,sony
2021-07-14,20.401254653930664,20.541725213269963,20.3544311341509,20.481244988603304,3210500,sony
2021-07-15,20.06958770751953,20.27248836071094,19.9778924347026,20.27248836071094,2193000,sony
2021-07-16,19.802305221557617,20.01301103448239,19.77499181516508,19.942775763507463,2919000,sony
2021-07-19,19.20726203918457,19.339927423227607,19.07264490012616,19.26188885257957,3562000,sony
2021-07-20,19.330171585083008,19.41016190750115,19.096055882637152,19.181897748691437,2770000,sony
2021-07-21,19.599403381347656,19.671590402945498,19.402356144135922,19.453081304448872,2097500,sony
2021-07-22,19.41796875,19.64818284517551,19.412115344709353,19.626722839891876,1744500,sony
2021-07-23,19.638425827026367,19.677446044281865,19.45893692094108,19.525270546040883,2428500,sony
2021-07-26,19.37114143371582,19.5818453770331,19.277494409758724,19.55843362104383,2619500,sony
2021-07-27,19.437477111816406,19.499907227344707,19.25603644882276,19.496005577697485,3763000,sony
2021-07-28,20.12031364440918,20.165187265634096,19.769140997802744,19.782797701500847,4304500,sony
2021-07-29,20.65292739868164,20.703652560463954,20.305654564760804,20.387594781350806,4086500,sony
2021-07-30,20.34857940673828,20.43246952995437,20.21591400894559,20.29004907724636,3141000,sony
2021-08-02,20.368085861206055,20.55342816709236,20.344675964175874,20.442222783560577,2037000,sony
2021-08-03,20.227619171142578,20.465636559701906,20.028620142068245,20.405156334942987,3666000,sony
2021-08-04,19.950578689575195,20.258831313522116,19.85108011965934,20.005205501339685,3098500,sony
2021-08-05,20.063737869262695,20.28809854348768,19.921317421041294,20.284196893761763,2101500,sony
2021-08-06,20.020811080932617,20.321260363029243,20.003252731187782,20.188593141432783,2066000,sony
2021-08-09,20.02276611328125,20.04617787247763,19.913512477422437,20.024717868458634,1934500,sony
2021-08-10,19.68134880065918,19.802307387663255,19.564290002896318,19.74377891907506,2556000,sony
2021-08-11,19.853031158447266,19.87449302186778,19.665738955803203,19.72231752578625,2260500,sony
2021-08-12,19.548681259155273,19.6052579663301,19.267742035929043,19.548681259155273,2952000,sony
2021-08-13,19.888147354125977,19.942774162525676,19.63256980272896,19.718413525002305,2462000,sony
2021-08-16,19.558433532714844,19.689149014682442,19.39455310211622,19.505758477416506,3944000,sony
2021-08-17,19.21311378479004,19.365289278239455,19.12727191435177,19.254085755852767,3877500,sony
2021-08-18,19.179950714111328,19.38675304180246,19.177998958884128,19.347732821950384,1808500,sony
2021-08-19,18.848281860351562,18.922418772186944,18.655136282860248,18.82291835128817,2707000,sony
2021-08-20,19.04923439025879,19.088254608431082,18.885353939342544,18.885353939342544,2095000,sony
2021-08-23,19.767189025878906,19.79450243297547,19.435524630632376,19.4901514448255,2713500,sony
2021-08-24,20.311506271362305,20.395398235872673,20.003253677154063,20.09494893956761,3168000,sony
2021-08-25,20.553428649902344,20.563183704187228,20.313459524135997,20.329067983109084,2041500,sony
2021-08-26,19.831573486328125,20.118366158915368,19.796456775638486,20.118366158915368,2922500,sony
2021-08-27,20.143726348876953,20.196403271665854,19.938875783778833,20.01886425466106,2015500,sony
2021-08-30,19.989599227905273,20.055930988728495,19.968137365374186,20.046175934957322,1961000,sony
2021-08-31,20.184696197509766,20.268588177607185,20.048129155899826,20.087147513251352,1906500,sony
2021-09-01,20.442222595214844,20.545624678783863,20.258832046063894,20.29004710240285,2750000,sony
2021-09-02,20.567087173461914,20.672439164238806,20.498803648012682,20.498803648012682,1757000,sony
2021-09-03,21.11920738220215,21.127012541467376,20.80900486297049,20.967031894444382,3479500,sony
2021-09-07,21.140668869018555,21.22846062906374,20.99239503323343,21.119207007153104,2549500,sony
2021-09-08,21.039220809936523,21.179689501712584,20.879240148537093,21.125062684878205,1996000,sony
2021-09-09,21.45087242126465,21.640116374428324,21.343568688501005,21.347472198546402,3275500,sony
2021-09-10,21.523056030273438,21.81960369474199,21.511351082743122,21.62060470203736,2536000,sony
2021-09-13,21.67718505859375,21.798145496004125,21.480137804480922,21.798145496004125,2584500,sony
2021-09-14,21.710350036621094,21.827406954059533,21.624506312541005,21.778633548557877,2696500,sony
2021-09-15,21.79033851623535,21.80789872839491,21.536712714102446,21.644016439008794,2193000,sony
2021-09-16,21.907400131225586,21.92105683539403,21.66743100041833,21.79034133793434,2037500,sony
2021-09-17,21.59719467163086,21.796193680232044,21.521107855140404,21.714253459215765,1938500,sony
2021-09-20,21.1796875,21.339666285693276,20.961180253313813,21.246021120221865,3588500,sony
2021-09-21,21.93081283569336,22.028361524211977,21.782538977991976,21.948371190297685,4812000,sony
2021-09-22,22.36002540588379,22.475132446211738,22.06542945285101,22.10834946071131,4162000,sony
2021-09-23,22.53365707397461,22.613645531730285,22.436108404446745,22.453666755632817,2771000,sony
2021-09-24,22.945310592651367,22.996035753508398,22.67607819154017,22.800940269079483,4318500,sony
2021-09-27,22.683883666992188,22.929706196456614,22.623403447021325,22.84191256883263,3155500,sony
2021-09-28,22.19228744506836,22.56968703357379,22.09451507681264,22.489515146189298,4516500,sony
2021-09-29,21.79924201965332,22.125800102085712,21.74840054104903,22.055405643135682,3365000,sony
2021-09-30,21.623252868652344,21.90092571226524,21.537214157683977,21.803153347842745,2451000,sony
2021-10-01,21.41402244567871,21.566546889890603,21.210656520062855,21.50397175478038,3053000,sony
2021-10-04,20.91733741760254,21.185232818392787,20.7863240627794,21.140258168148392,4436500,sony
2021-10-05,20.866497039794922,21.03270949626559,20.796102580002323,20.897785538427968,2565500,sony
2021-10-06,20.64162254333496,20.698330850882854,20.35417413906543,20.532118389327522,3549000,sony
2021-10-07,20.743303298950195,20.886050303058997,20.62988856076812,20.74917012510605,2581000,sony
2021-10-08,21.019023895263672,21.216524873086037,20.9016985388782,21.02098012597303,3259500,sony
2021-10-11,21.343624114990234,21.705381277721727,21.29473886874258,21.29473886874258,3838000,sony
2021-10-12,21.30451774597168,21.376868437518183,21.1774131132829,21.314293304006753,2775000,sony
2021-10-13,21.412063598632812,21.502014761595554,21.363178353771087,21.402286176689955,1873500,sony
2021-10-14,21.828575134277344,21.85204057645524,21.634986634949247,21.634986634949247,2746500,sony
2021-10-15,21.998699188232422,22.08864849994619,21.92634849273632,21.998699188232422,2882000,sony
2021-10-18,21.930255889892578,21.93612271606021,21.607608423461254,21.65258307275712,3295500,sony
2021-10-19,21.996740341186523,22.028028838355,21.85790579373161,21.93807767248771,2759000,sony
2021-10-20,21.990877151489258,22.17468822911354,21.97132230539661,22.035851805620144,1845500,sony
2021-10-21,21.95372200012207,21.97132061430982,21.711246402882683,21.742534900163818,3331500,sony
2021-10-22,22.090600967407227,22.104288984895064,21.83248300057801,21.961541983992618,2328000,sony
2021-10-25,22.546220779418945,22.679190374927437,22.325256242131513,22.395652568525215,3595500,sony
2021-10-26,22.786741256713867,22.921667089233644,22.68896888728138,22.878646799118666,3166000,sony
2021-10-27,22.14144515991211,22.565775618982236,22.123846544531826,22.464092658059773,2934500,sony
2021-10-28,23.130897521972656,23.2560440536268,22.579462458141233,22.59901730303194,4322500,sony
2021-10-29,22.642038345336914,22.720255862660483,22.438672427325088,22.65963696038549,3827500,sony
2021-11-01,23.70775032043457,23.739038817927575,23.465276586405892,23.465276586405892,5650500,sony
2021-11-02,24.114484786987305,24.130129037451482,23.73317459734478,23.85636677587184,4015500,sony
2021-11-03,24.079286575317383,24.102752017633,23.856365805745412,24.05191053675796,2262500,sony
2021-11-04,23.983470916748047,24.09884190006948,23.854411913875012,24.034312398632963,2955000,sony
2021-11-05,24.094928741455078,24.25723060564203,24.003023203575612,24.245498817017154,3005000,sony
2021-11-08,24.120351791381836,24.370648611532136,24.118395560739614,24.370648611532136,2113500,sony
2021-11-09,23.948272705078125,24.2024801238961,23.80161508091276,24.2024801238961,2623500,sony
2021-11-10,23.748817443847656,24.024534054902727,23.703840925741844,23.82507873132668,3997500,sony
2021-11-11,23.66082191467285,23.87396338712354,23.62562282029776,23.87200902151267,2122000,sony
2021-11-12,24.0323543548584,24.08906265937343,23.834855269128226,23.909162188188567,2293500,sony
2021-11-15,24.042133331298828,24.23767806408102,24.00693609993326,24.149683120814313,1546000,sony
2021-11-16,24.458637237548828,24.527077319547285,24.28851235034248,24.32566580412055,2567000,sony
2021-11-17,24.292430877685547,24.364781573174696,24.167282468695646,24.300252070480905,1579500,sony
2021-11-18,24.47428321838379,24.519257869617768,24.24940809736125,24.511436677625593,2974000,sony
2021-11-19,24.489931106567383,24.591614076986932,24.417580407756407,24.509485954306435,1759000,sony
2021-11-22,23.934585571289062,24.486020720175592,23.92285378145668,24.486020720175592,2337500,sony
2021-11-23,23.81334686279297,23.995201705706414,23.510252349849353,23.85049845872518,3755500,sony
2021-11-24,23.89938735961914,23.922852803177264,23.535675781747496,23.744906678265888,2220000,sony
2021-11-26,23.713621139526367,23.852457576650085,23.60020637778943,23.719487966900694,1701500,sony
2021-11-29,23.74686050415039,23.88374069033399,23.660821796385367,23.821167423750822,2046500,sony
2021-11-30,23.82703399658203,24.05386348417055,23.58064779922206,23.92285012589043,3232000,sony
2021-12-01,23.342082977294922,24.17901013912285,23.322528133784754,24.102748860226722,4380500,sony
2021-12-02,23.49656105041504,23.668640311333863,23.074186886621742,23.25408733876564,3183500,sony
2021-12-03,23.469188690185547,23.811391035359694,23.1700066331887,23.75468272796954,3268500,sony
2021-12-06,23.66082191467285,23.71752835503088,23.379238483935534,23.48092144128103,2058000,sony
2021-12-07,24.39606475830078,24.482105326290323,23.954135725377263,24.110570748273155,3117000,sony
2021-12-08,24.62681007385254,24.638543727847672,24.313939985157162,24.493840472642287,1756500,sony
2021-12-09,24.022579193115234,24.3706483801622,23.96196028686896,24.257231760458577,2863000,sony
2021-12-10,24.102752685546875,24.120351301558074,23.899386756411214,24.012801510035573,2009000,sony
2021-12-13,23.58064842224121,24.01671065930615,23.570870999523486,23.958047987852492,2444500,sony
2021-12-14,23.584558486938477,23.666686598093587,23.363593960084305,23.58260412135059,1742500,sony
2021-12-15,24.218122482299805,24.24745288592939,23.707751453882903,23.932628449208483,4096500,sony
2021-12-16,23.897428512573242,24.24940826255599,23.774236346020345,24.17705757400387,3902000,sony
2021-12-17,23.68623924255371,23.98151066107437,23.643218960532344,23.739036946164138,3053500,sony
2021-12-20,23.25995635986328,23.36750427634191,23.02334758687554,23.19933746001666,2563000,sony
2021-12-21,23.57282829284668,23.69797669848242,23.27169000006233,23.42616881032098,4182500,sony
2021-12-22,24.07146453857422,24.165324439691982,23.760548837436584,23.760548837436584,3333000,sony
2021-12-23,24.220077514648438,24.300251265128683,24.07341989790537,24.19856830274764,2572000,sony
2021-12-27,24.875150680541992,24.91230414346901,24.392157527343553,24.458643260429643,2741000,sony
2021-12-28,24.927946090698242,25.088291716743495,24.88883640076627,25.02962904669819,2078500,sony
2021-12-29,24.773466110229492,24.859506684514262,24.69720482355037,24.83408501238608,1295500,sony
2021-12-30,24.62289810180664,24.773466310744617,24.591611467655632,24.68742760061616,1161000,sony
2021-12-31,24.716758728027344,24.79302001180301,24.540768854880255,24.59943152431174,1375000,sony
2022-01-03,24.69133758544922,24.86732746236383,24.570099783156454,24.71675925715375,1868500,sony
2022-01-04,25.139137268066406,25.2857948993691,24.996390233420016,25.13327044065547,3543500,sony
2022-01-05,25.145002365112305,26.15400896226901,25.090250285985913,26.116855499311413,12972000,sony
2022-01-06,24.073415756225586,24.69915580792951,23.928714394937902,24.521211586803254,9182500,sony
2022-01-07,24.30807113647461,24.58770020025049,24.110572049275472,24.54076931787883,2874000,sony
2022-01-10,24.085153579711914,24.188790907921735,23.69406411480295,24.149683080342506,5156000,sony
2022-01-11,24.70111656188965,24.71284835082404,24.218123417647142,24.29829530416414,3996000,sony
2022-01-12,24.86341667175293,24.961189032035204,24.689383026659126,24.703071045207487,1728000,sony
2022-01-13,24.403886795043945,24.834084055330734,24.345224125639767,24.798886826658755,2752500,sony
2022-01-14,24.401933670043945,24.442997727199778,24.10861844325864,24.268964075703238,2223500,sony
2022-01-18,22.651813507080078,23.79770207392434,22.53448816557308,23.645177638083098,15215500,sony
2022-01-19,21.51766014099121,22.219663469475393,21.51374954464006,21.99869892438638,19807500,sony
2022-01-20,22.219663619995117,22.632262307908103,22.194243811114024,22.424985781070404,8734500,sony
2022-01-21,21.828575134277344,22.047583441467392,21.58805575059345,21.883327211074857,8768000,sony
2022-01-24,21.615432739257812,21.652586202268445,20.85085613131135,21.531348389828192,9229500,sony
2022-01-25,21.494190216064453,21.738620153144677,21.02097458889929,21.218473649846082,3712000,sony
2022-01-26,21.515705108642578,22.033895473745527,21.35535760924353,21.93221251235466,5123000,sony
2022-01-27,20.135162353515625,20.686597405327937,20.1234305657485,20.555582185239015,8099500,sony
2022-01-28,20.891918182373047,20.893874412807797,20.182093721866607,20.453899725990617,4824500,sony
2022-01-31,21.834444046020508,22.15513534498689,21.341671578082227,21.35731582931229,9391000,sony
2022-02-01,22.01043128967285,22.029986136793372,21.695606829355647,21.863773665974676,5095500,sony
2022-02-02,21.949811935424805,23.269732274536125,21.824663537829167,23.035079728364053,7856000,sony
2022-02-03,21.124614715576172,21.55676631183641,21.0952824504562,21.423796733360376,5100000,sony
2022-02-04,21.337757110595703,21.451173715519605,21.026843291944513,21.26540642459431,4076000,sony
2022-02-07,21.460952758789062,21.666273044648275,21.28300664619168,21.392510798649926,3316500,sony
2022-02-08,21.464860916137695,21.48832635540586,21.21652037080653,21.318203319351063,3000000,sony
2022-02-09,21.795333862304688,21.88723940719754,21.316251290453984,21.386647622133474,4847000,sony
2022-02-10,21.492237091064453,21.897012657583602,21.384687315789556,21.429661964324456,2654500,sony
2022-02-11,21.077686309814453,21.62520893564614,20.98969136898491,21.490283111060478,3803500,sony
2022-02-14,20.94471549987793,21.0952837004065,20.753081379807128,20.929071251249812,3987500,sony
2022-02-15,21.20870018005371,21.2517204686667,20.944717216111247,20.946671581817018,3165500,sony
2022-02-16,20.829345703125,20.889962740954683,20.655310187406883,20.729617109091595,2588000,sony
2022-02-17,20.494966506958008,20.725708486311195,20.463679869809912,20.657268384783197,4354000,sony
2022-02-18,20.381549835205078,20.577092697669023,20.279866875376847,20.45194429596868,3058000,sony
2022-02-22,20.078454971313477,20.40305869084096,19.965040224952922,19.965040224952922,4950000,sony
2022-02-23,19.81056022644043,20.3111538414202,19.75580814946191,20.232936322186205,4126500,sony
2022-02-24,19.943531036376953,19.966996477866314,19.020563220637786,19.02251758626449,5434000,sony
2022-02-25,20.35417366027832,20.40110267885421,19.976772227204055,20.117564877489865,3182000,sony
2022-02-28,20.049123764038086,20.160584140303918,19.822292415561538,20.047167533639335,3546500,sony
2022-03-01,19.722566604614258,20.01783805792096,19.618927415442435,19.9845951935723,3199000,sony
2022-03-02,19.894643783569336,19.978728126246192,19.667812427329466,19.667812427329466,2443000,sony
2022-03-03,19.59937286376953,19.94744203212459,19.509423556968787,19.94744203212459,2697000,sony
2022-03-04,19.255216598510742,19.358853926762748,19.09878155842459,19.30801244549211,2766000,sony
2022-03-07,18.737022399902344,19.159398455771324,18.729201208173176,19.055759273523226,3801000,sony
2022-03-08,19.049894332885742,19.3940529109706,18.674450984787597,18.758535331182983,4706500,sony
2022-03-09,19.229793548583984,19.372540559063143,18.932567739642955,18.932567739642955,4368500,sony
2022-03-10,19.589595794677734,19.703012410339042,19.396007293655263,19.568086582848384,4085000,sony
2022-03-11,19.028385162353516,19.6287055123257,19.01665337357308,19.62088431980541,2561000,sony
2022-03-14,18.535615921020508,19.098782849336978,18.44566474122202,18.96776760860426,3738000,sony
2022-03-15,19.182863235473633,19.225881653355803,18.891502407787026,18.967763686652706,4131000,sony
2022-03-16,20.092144012451172,20.15471914782075,19.624795119593642,19.72452185224627,4304500,sony
2022-03-17,20.457813262939453,20.483234937982484,19.99828552997818,20.06085880494838,2314000,sony
2022-03-18,20.751127243041992,20.764815261422772,20.420656706630815,20.420656706630815,2328000,sony
2022-03-21,20.42456817626953,20.721795862226124,20.31310779403581,20.678775574823796,3049500,sony
2022-03-22,20.674863815307617,20.794145383137966,20.555582247477272,20.555582247477272,2869000,sony
2022-03-23,20.36590576171875,20.663133451432937,20.363949531190528,20.547762471586417,2099000,sony
2022-03-24,20.99555778503418,21.02488818816856,20.715928718478292,20.727662371614198,2753000,sony
2022-03-25,20.78437042236328,20.88409902233338,20.510610026020665,20.743306362911888,3896500,sony
2022-03-28,20.53798484802246,20.551672867028074,20.342440120925676,20.401102793113623,3549500,sony
2022-03-29,20.741281509399414,20.943204526686127,20.535437929098244,20.87458999991907,2905000,sony
2022-03-30,20.62169647216797,20.843224180018762,20.557002506696396,20.688351654001696,1775000,sony
2022-03-31,20.135509490966797,20.50602978492888,20.125707149161865,20.50602978492888,2456500,sony
2022-04-01,20.176677703857422,20.249214657491937,20.006121073818193,20.19824360313507,2887500,sony
2022-04-04,20.592288970947266,20.594250187264333,20.237452777192487,20.255096245623527,3732500,sony
2022-04-05,19.819881439208984,20.290384512625955,19.74538513483134,20.260977486285647,3390500,sony
2022-04-06,19.480730056762695,19.568949269260024,19.319973884012935,19.488571182885142,3345000,sony
2022-04-07,19.251359939575195,19.36898618300323,19.09060563156164,19.261162282328005,4687500,sony
2022-04-08,19.26508331298828,19.53366152819429,19.206271124650005,19.245480496612696,2995500,sony
2022-04-11,18.198610305786133,18.49855484500445,18.179005623190122,18.478950162408438,5780500,sony
2022-04-12,17.806528091430664,18.231940031736535,17.74183412695655,18.228019468678355,5862500,sony
2022-04-13,17.994728088378906,18.030015025278587,17.732031669133526,17.800646196219375,4094000,sony
2022-04-14,17.475215911865234,18.02021532819045,17.453651879454487,18.02021532819045,6653500,sony
2022-04-18,17.345827102661133,17.51050383604938,17.238005076443972,17.326224287643413,4209500,sony
2022-04-19,17.5105037689209,17.518344894897925,17.161547488464443,17.24780735263424,5374000,sony
2022-04-20,17.46149253845215,17.692822587596066,17.42424438462699,17.65557443377091,3923500,sony
2022-04-21,17.2811336517334,17.85553821491895,17.271333178736622,17.79672602890987,3315000,sony
2022-04-22,16.781225204467773,17.19879410431616,16.77142286306965,17.15762539220732,4398500,sony
2022-04-25,17.169389724731445,17.18311262938716,16.836117580573617,16.94198025500421,5501000,sony
2022-04-26,16.51460838317871,16.95766379834052,16.506767256951008,16.916495081236555,5406000,sony
2022-04-27,16.75181770324707,16.902769643347636,16.469516635678517,16.51656712520751,5455000,sony
2022-04-28,17.1144962310791,17.234083679733047,16.789067082260203,16.940019033425227,3680000,sony
2022-04-29,16.86944580078125,17.349751274164184,16.851802330694156,17.07137070734971,3220500,sony
2022-05-02,16.879247665405273,16.955705193088882,16.542054917994157,16.804751354167195,3114500,sony
2022-05-03,16.92433738708496,17.002754254982072,16.80474993415668,16.86552333395792,2706500,sony
2022-05-04,17.353670120239258,17.390918273228515,16.71457160971193,16.910614716982302,2233000,sony
2022-05-05,16.64987564086914,17.1399814804147,16.506764825462895,17.067446399478843,3367000,sony
2022-05-06,16.400901794433594,16.655757049691736,16.289157351404405,16.551853731561145,4126500,sony
2022-05-09,15.848065376281738,16.193101133784293,15.787293838499997,16.167614666993316,5499000,sony
2022-05-10,16.075471878051758,16.428348696490772,15.82453716851266,16.265633191561427,5797500,sony
2022-05-11,15.695149421691895,16.204859971733754,15.671625110369217,16.01861921890971,5605000,sony
2022-05-12,16.447952270507812,16.65967759945166,16.161730646267916,16.342089606035888,8492500,sony
2022-05-13,17.057645797729492,17.108616855110355,16.753778800109572,16.753778800109572,4422000,sony
2022-05-16,16.930217742919922,17.087051482847603,16.851800872956083,16.91649483741639,2730500,sony
2022-05-17,17.190954208374023,17.2399640492639,17.01843635272004,17.14782427705913,2811500,sony
2022-05-18,17.069408416748047,17.49286102022144,17.043923821471612,17.40856236888117,5333000,sony
2022-05-19,17.390918731689453,17.59088053763411,17.226241993751543,17.27133314355214,3892500,sony
2022-05-20,17.632049560546875,17.741832796365088,17.294854988352917,17.632049560546875,4030500,sony
2022-05-23,17.598722457885742,17.69478279187531,17.43796816249016,17.543830838463133,3436000,sony
2022-05-24,17.453651428222656,17.522265956488155,17.26153074907926,17.43600795946948,3237500,sony
2022-05-25,17.30858039855957,17.437968322559293,17.065486802193067,17.238004657394562,4139500,sony
2022-05-26,17.74967384338379,17.820249581642834,17.408560579539994,17.434045172196992,2820500,sony
2022-05-27,18.086868286132812,18.106472971360162,17.773200800917962,17.792805486145312,3247000,sony
2022-05-31,18.44170379638672,18.5965781864219,18.320158865671623,18.329961207917385,4387000,sony
2022-06-01,18.439743041992188,18.761251616844184,18.3142756882726,18.67107306643648,4071500,sony
2022-06-02,18.396615982055664,18.402497761792418,17.988847486281774,18.141760672196984,3221500,sony
2022-06-03,18.161365509033203,18.255466507179452,18.11235566310207,18.255466507179452,2309000,sony
2022-06-06,18.094707489013672,18.28879123468644,18.02217240490938,18.204492592853867,2339500,sony
2022-06-07,18.161365509033203,18.17704963192617,17.863382130913045,17.898669070414996,2208500,sony
2022-06-08,18.086868286132812,18.220176780388556,18.02609488369144,18.067263600905463,2491500,sony
2022-06-09,17.551671981811523,18.006490928348697,17.551671981811523,17.951597439265466,2144500,sony
2022-06-10,17.26348876953125,17.4869776755167,17.179190125736156,17.400719685124937,2639500,sony
2022-06-13,16.453834533691406,16.74789919450589,16.379338227735964,16.663600546229404,3863000,sony
2022-06-14,16.271514892578125,16.363654659457723,16.055867118072513,16.330327072168075,4655000,sony
2022-06-15,16.53421401977539,16.67340430115774,16.1931007043679,16.314645646314037,3168000,sony
2022-06-16,16.008817672729492,16.216622441557053,15.922557819521943,16.14604670791598,5893000,sony
2022-06-17,16.467554092407227,16.55773450167059,16.23622409553826,16.296997483814717,4143500,sony
2022-06-21,16.634193420410156,16.755740220942023,16.614590605490193,16.665561663493335,3546000,sony
2022-06-22,16.418548583984375,16.596946363976752,16.32837002057888,16.36953873903866,2900500,sony
2022-06-23,16.418548583984375,16.504806584146902,16.23426902432467,16.43031027371328,2750500,sony
2022-06-24,16.7890682220459,16.798870564548846,16.391102090533398,16.471480177294175,4549500,sony
2022-06-27,16.555776596069336,16.74985848633675,16.518528443213633,16.747899139642335,2337500,sony
2022-06-28,16.308765411376953,16.847881186735567,16.29896306842061,16.783187218908303,3340500,sony
2022-06-29,16.351892471313477,16.400904183081263,16.17349470145339,16.395022403748,2679000,sony
2022-06-30,16.03038215637207,16.09115555071028,15.675545066452228,15.961767636830686,3408000,sony
2022-07-01,16.012741088867188,16.051948590362514,15.75592456913021,15.785331597455993,2798500,sony
2022-07-05,15.869629859924316,15.883352765551543,15.497149256837217,15.61281428129688,3948000,sony
2022-07-06,15.748082160949707,15.897074767637394,15.675546139040787,15.897074767637394,3336500,sony
2022-07-07,16.371498107910156,16.41462804285239,16.01274133101779,16.01274133101779,3253000,sony
2022-07-08,16.189178466796875,16.263672901754052,16.026462952599534,16.159771440383487,2607000,sony
2022-07-11,16.07351303100586,16.220544420056157,16.042144789134543,16.140166338369923,2425500,sony
2022-07-12,16.08527374267578,16.265632709258032,16.020579785853947,16.03038212714276,2078500,sony
2022-07-13,15.981372833251953,16.028421455589083,15.728476906461722,15.881390070472502,2503000,sony
2022-07-14,15.899033546447754,15.940202259519216,15.557920284081062,15.791211527758183,2505000,sony
2022-07-15,16.10487937927246,16.116641067752518,15.871588129832013,15.979412020790809,2307500,sony
2022-07-18,16.116641998291016,16.369537946072075,16.085275624260966,16.126444340726465,3118000,sony
2022-07-19,16.66752052307129,16.69888689563216,16.408744677634356,16.408744677634356,2724500,sony
2022-07-20,16.86748504638672,16.977268290750775,16.777304617369342,16.891010294408396,2306000,sony
2022-07-21,17.10665512084961,17.110575683667022,16.80279000203633,16.84591993223896,1833000,sony
2022-07-22,17.047842025756836,17.30073607517967,16.981186852616336,17.239962680752846,2117000,sony
2022-07-25,16.759660720825195,16.873366394960968,16.669482163716033,16.873366394960968,2998500,sony
2022-07-26,16.71653175354004,16.81063086852399,16.673401824002283,16.749857471777087,1599000,sony
2022-07-27,16.989028930664062,17.07332569618584,16.69300496932422,16.716530213304004,2547000,sony
2022-07-28,17.165468215942383,17.20271636909863,16.85964373424586,16.90865357648036,2696000,sony
2022-07-29,16.740055084228516,16.82043316414564,16.451874091522303,16.451874091522303,8536000,sony
2022-08-01,16.875324249267578,16.9949098224788,16.56949792944603,16.71064940148926,8417500,sony
2022-08-02,16.7204532623291,16.987070240943574,16.718492046036893,16.796908914429718,7336500,sony
2022-08-03,17.0831298828125,17.1419439339195,16.906691468702586,16.93021671522428,7620000,sony
2022-08-04,16.849842071533203,16.98118935143039,16.716533575241044,16.86160376108587,5156000,sony
2022-08-05,16.92237663269043,17.102735620737132,16.849841542047344,16.873366790019144,4082000,sony
2022-08-08,16.630273818969727,17.059606339033152,16.577343411217022,17.053726429020003,3854500,sony
2022-08-09,16.373458862304688,16.540094948090427,16.27347608906983,16.495003797993594,3020500,sony
2022-08-10,16.72829246520996,16.77926351728597,16.55381528027473,16.567538183925755,3055500,sony
2022-08-11,16.82435417175293,16.989030898687716,16.747898522165947,16.857681760385432,3417500,sony
2022-08-12,17.016477584838867,17.020398147890734,16.8341573808846,16.89296956587393,1933000,sony
2022-08-15,17.040002822875977,17.106656133930397,16.953742957362277,17.010595795595535,1715000,sony
2022-08-16,16.881206512451172,16.955702813233152,16.71653165994711,16.885127075186197,2448500,sony
2022-08-17,17.08704948425293,17.228200955441384,16.947861098772012,17.08509013775626,3210500,sony
2022-08-18,17.03215789794922,17.13410000411438,16.965504594444578,16.965504594444578,1764500,sony
2022-08-19,17.00275421142578,17.130180920330055,16.92041491117998,17.085091642065983,2999500,sony
2022-08-22,16.708690643310547,16.904733760118845,16.66556257851307,16.902772543716356,3478000,sony
2022-08-23,16.471479415893555,16.669481864325636,16.383260207050654,16.510686914487298,2101500,sony
2022-08-24,16.498926162719727,16.57930238072376,16.369538231683297,16.369538231683297,2127000,sony
2022-08-25,16.714570999145508,16.714570999145508,16.398942318419948,16.43619047004857,2837000,sony
2022-08-26,16.018619537353516,16.66556101425559,15.997055506978812,16.632233425781564,4539000,sony
2022-08-29,15.946083068847656,16.06566863806106,15.855904522728194,15.887270892265164,2819000,sony
2022-08-30,15.828460693359375,16.118602919637407,15.771607856116473,16.095077672143987,2296500,sony
2022-08-31,15.555960655212402,15.86374727768018,15.552040092318125,15.836301467814653,3234000,sony
2022-09-01,15.46381950378418,15.52263261596457,15.299143724481794,15.497147089820185,2606000,sony
2022-09-02,15.140351295471191,15.459900546083517,15.079577895709877,15.352076651693729,2533000,sony
2022-09-06,14.775711059570312,14.965871427986382,14.711017104331217,14.94234711819255,3210500,sony
2022-09-07,14.605154037475586,14.650244247067453,14.320892680283466,14.399309541936276,4219000,sony
2022-09-08,14.54438304901123,14.685533601229361,14.426757744629924,14.618878420757413,4615000,sony
2022-09-09,14.77767276763916,14.836484950006234,14.71493908759224,14.726701711026212,2553000,sony
2022-09-12,14.824723243713379,14.897259270243227,14.734543748342439,14.77571340030972,2528500,sony
2022-09-13,14.117010116577148,14.513015007559826,14.105247493252607,14.513015007559826,2941500,sony
2022-09-14,14.12289047241211,14.220912018459043,14.018988082307676,14.14053393938735,2581000,sony
2022-09-15,14.087601661682129,14.393427967488652,14.04251238918133,14.166018519355184,3894000,sony
2022-09-16,14.09152603149414,14.228755092994877,14.048396096620019,14.075841908920166,3228500,sony
2022-09-19,14.209150314331055,14.222873219488644,13.962137086691634,13.981740836286988,2943500,sony
2022-09-20,13.952333450317383,14.075839585279645,13.87391658960406,13.983699820681625,3150000,sony
2022-09-21,13.705321311950684,14.015068216309393,13.705321311950684,13.89548169983468,3292500,sony
2022-09-22,13.601418495178223,13.850391992859004,13.534763319128878,13.771975128474462,3847000,sony
2022-09-23,13.415178298950195,13.475951698556068,13.287750655326334,13.432822701792146,3672000,sony
2022-09-26,13.07602310180664,13.33283862735911,13.04661701508308,13.21129184857714,4557500,sony
2022-09-27,12.917230606079102,13.128955950666635,12.82705111953205,13.054459649866299,5165000,sony
2022-09-28,13.1328763961792,13.191689510707858,12.856457094901364,12.856457094901364,7732500,sony
2022-09-29,12.805793762207031,12.99865812821825,12.693617290779544,12.978977650388794,4283500,sony
2022-09-30,12.605057716369629,12.876642111706362,12.581441518789596,12.662129411840692,4619500,sony
2022-10-03,13.020306587219238,13.087218523311277,12.851058417662845,12.882546056382566,8731500,sony
2022-10-04,13.429651260375977,13.474915799038758,13.268275461564238,13.331251680598564,5722500,sony
2022-10-05,13.30566692352295,13.392258399041664,13.1305142355378,13.228914748574423,3175000,sony
2022-10-06,13.266308784484863,13.459173179222558,13.22694876138025,13.370612892632936,4298000,sony
2022-10-07,13.069506645202637,13.36864392205655,13.0262109049081,13.280083642821316,4022500,sony
2022-10-10,12.914034843444824,13.069507067584144,12.79989143912334,13.049827526238584,3716000,sony
2022-10-11,12.628673553466797,12.845154123301603,12.577505435840694,12.786114565066475,4424500,sony
2022-10-12,12.43187427520752,12.55979457764056,12.416130454542742,12.494850496283549,3933500,sony
2022-10-13,12.825474739074707,12.927810037152494,12.146513242209537,12.160289201859442,4742000,sony
2022-10-14,12.640481948852539,13.024242840036448,12.62473812884889,12.96717114061689,3704500,sony
2022-10-17,13.00653076171875,13.055730080422107,12.80579401296169,12.80579401296169,4487500,sony
2022-10-18,12.84515380859375,12.978977679837072,12.732977336911741,12.953393621650834,4762000,sony
2022-10-19,12.71920108795166,12.904194009769116,12.650321293795423,12.764465622980625,3626000,sony
2022-10-20,12.738882064819336,12.977010032821834,12.683778227333939,12.734946344546621,2562000,sony
2022-10-21,12.799891471862793,12.805795052756483,12.465330822380203,12.583410886006366,5046500,sony
2022-10-24,12.81956958770752,12.862865324697497,12.614897124815219,12.774305990638473,4633500,sony
2022-10-25,13.232851028442383,13.254499367446027,12.994723053069817,13.00653115267027,4188000,sony
2022-10-26,13.248594284057617,13.417842453231767,13.140354470484088,13.15609828980839,3591500,sony
2022-10-27,13.158066749572754,13.374547325002295,13.128546969692279,13.23285106779238,2855000,sony
2022-10-28,13.352898597717285,13.356835256425942,13.128546587998011,13.150194926436635,3658500,sony
2022-10-31,13.278117179870605,13.317477203848533,13.120676145541905,13.221044535131567,5029500,sony
2022-11-01,14.565189361572266,14.639973681226115,13.888196641039722,13.894100221762283,17435500,sony
2022-11-02,14.045636177062988,14.478596381031974,14.045636177062988,14.342804645505785,10002500,sony
2022-11-03,14.19520378112793,14.232595939266176,13.876387914502132,13.974787491019276,6281000,sony
2022-11-04,14.679333686828613,14.858422106406442,14.464820967699621,14.474661207311094,6988000,sony
2022-11-07,14.858421325683594,14.858421325683594,14.643908617825986,14.681300775651325,9284500,sony
2022-11-08,15.116230010986328,15.515733777323533,14.988309715985011,15.094581672319377,7983000,sony
2022-11-09,14.854484558105469,15.074900844753868,14.813156680312051,15.006021048431506,3855000,sony
2022-11-10,15.842423439025879,15.854230600379976,15.39371846297888,15.41536680229518,7009500,sony
2022-11-11,16.352136611938477,16.371817091963287,16.056936918901854,16.216343927334727,5682000,sony
2022-11-14,16.220277786254883,16.387558093598038,16.200599185322606,16.29506210029852,3102000,sony
2022-11-15,16.271448135375977,16.54696923140957,16.243896213456008,16.501705627803037,4566000,sony
2022-11-16,15.968374252319336,16.068741682531662,15.915237339549895,16.068741682531662,4257000,sony
2022-11-17,15.907366752624512,15.917206991696016,15.547222072992325,15.637750207933104,3043000,sony
2022-11-18,15.820773124694824,15.958534592469045,15.763702366638688,15.925078155573862,1859000,sony
2022-11-21,15.564932823181152,15.688917388194998,15.535413046146157,15.572805201651654,3604500,sony
2022-11-22,15.988051414489746,16.007731889807005,15.842420401542253,15.909331390054136,3126000,sony
2022-11-23,16.176984786987305,16.180920507611592,15.986088260455373,16.04119210286313,3298000,sony
2022-11-25,16.312774658203125,16.487928292187085,16.291127257594802,16.291127257594802,2084500,sony
2022-11-28,16.171079635620117,16.564679835173777,16.139591995022585,16.39936831441138,5601500,sony
2022-11-29,16.182886123657227,16.29309567641344,16.100230366715355,16.102199165285565,3752500,sony
2022-11-30,16.348201751708984,16.352137472554308,15.803064062701129,15.960504157517944,4689000,sony
2022-12-01,16.51941680908203,16.568616131924788,16.308839803500597,16.314744322828563,4139000,sony
2022-12-02,16.2930965423584,16.352136103764177,16.119911701823114,16.287192023167673,3531000,sony
2022-12-05,16.06087303161621,16.255705284216734,16.011671830353094,16.102200914576873,5243000,sony
2022-12-06,15.639718055725098,15.919173900850685,15.533446101403863,15.919173900850685,3592500,sony
2022-12-07,15.555092811584473,15.625941403602011,15.48227729794161,15.574773288839392,2404000,sony
2022-12-08,15.584614753723145,15.623974772913169,15.32877415977954,15.43504611775092,5175000,sony
2022-12-09,15.818807601928711,15.929015284427216,15.641687039722497,15.641687039722497,5080000,sony
2022-12-12,15.779446601867676,15.78141540055025,15.645622719633618,15.753863479997174,4470000,sony
2022-12-13,15.938857078552246,16.34426636320782,15.848329866767086,16.196664629085994,3884500,sony
2022-12-14,15.986087799072266,16.26554460050364,15.862104157233176,16.182886962443767,3289000,sony
2022-12-15,15.482277870178223,15.871941387009716,15.440949992515552,15.81880634865786,3126500,sony
2022-12-16,15.423238754272461,15.527542857025097,15.322870372101606,15.350423231424859,3093000,sony
2022-12-19,15.289414405822754,15.468502824690015,15.226438186342858,15.41143018590344,4972000,sony
2022-12-20,15.252021789550781,15.407494004156286,15.206758190339784,15.246118209034208,3929000,sony
2022-12-21,15.236278533935547,15.29138237446479,15.1575584936318,15.252022354312917,3138000,sony
2022-12-22,15.108358383178711,15.163462224252635,14.99618190234944,15.163462224252635,3421500,sony
2022-12-23,15.141814231872559,15.194951152317882,14.992246525752591,15.139846371562905,3089500,sony
2022-12-27,14.866292953491211,15.013893726516327,14.836773174252933,14.998148968400175,3520500,sony
2022-12-28,14.730501174926758,15.006021303312831,14.722628795891842,14.958788905937046,3195500,sony
2022-12-29,15.092613220214844,15.120165138301166,14.901716715283227,14.903684575372703,2872500,sony
2022-12-30,15.011924743652344,15.01979712261378,14.844645371077718,14.872197289817464,2067500,sony
2023-01-03,15.08474063873291,15.287445239894287,15.033572523426807,15.18314114921905,3303000,sony
2023-01-04,15.31106185913086,15.427174051798685,15.25005350341269,15.34845307819181,2982000,sony
2023-01-05,15.252021789550781,15.372069705806245,15.214629631028549,15.307125628039602,2705000,sony
2023-01-06,16.017574310302734,16.06677362846722,15.56690149902138,15.592485557370324,4483500,sony
2023-01-09,16.2596378326416,16.40133313559952,16.06480561805349,16.07464585638625,4590000,sony
2023-01-10,16.15336799621582,16.169110878137772,15.96247147665863,16.02741555667119,3980500,sony
2023-01-11,16.58829689025879,16.62962477258059,16.48989636608759,16.517448287635457,3608000,sony
2023-01-12,16.938600540161133,16.95434342121377,16.598135400142937,16.659143756306147,5565500,sony
2023-01-13,16.87562370300293,16.911048939705363,16.5627123526061,16.56861499469506,4972000,sony
2023-01-17,17.07438850402832,17.263318060004696,16.979925602873518,16.979925602873518,4455000,sony
2023-01-18,17.058650970458984,17.375499958806603,17.044875009088827,17.318427314487103,3551500,sony
2023-01-19,17.31252098083496,17.473896779524484,17.231832143073312,17.373529339605902,4243000,sony
2023-01-20,17.572296142578125,17.58213638142666,17.345976279562787,17.397144395474974,2705000,sony
2023-01-23,17.497514724731445,17.552618569936307,17.318427227815643,17.34401035158906,3049000,sony
2023-01-24,17.57623291015625,17.710056788170597,17.31842539356249,17.5171933503804,3465500,sony
2023-01-25,17.62346649169922,17.651018413232975,17.462090683168082,17.507354286140128,2878500,sony
2023-01-26,17.540807723999023,17.5486791639942,17.338104067871416,17.495544128776395,3019500,sony
2023-01-27,17.832073211669922,17.908826327266517,17.58016834141332,17.609689059232583,4269000,sony
2023-01-30,17.580169677734375,17.686443519228426,17.521130114441807,17.572298236451065,3523000,sony
2023-01-31,17.60575294494629,17.656921061921174,17.489640751689183,17.495545270487668,3970500,sony
2023-02-01,17.62346649169922,17.733674177834253,17.373530399142748,17.49357832537325,4827000,sony
2023-02-02,18.459867477416992,18.741291202207407,18.07020299224542,18.1056263538669,8071000,sony
2023-02-03,18.3280086517334,18.646826381215316,18.306361252593796,18.414602001959082,5276500,sony
2023-02-06,17.735641479492188,17.883241314797303,17.617560485147855,17.881274393044574,4900500,sony
2023-02-07,17.981643676757812,18.05839492333625,17.737610222336258,17.808458826216764,4621000,sony
2023-02-08,17.794681549072266,18.003289747707573,17.75532246771678,17.861594427260517,3313000,sony
2023-02-09,17.735641479492188,18.115465706313042,17.71005648203686,18.026905429763225,2364500,sony
2023-02-10,17.735641479492188,17.85175367525006,17.65101692328156,17.672664323563964,2546500,sony
2023-02-13,17.641176223754883,17.662825500306187,17.41092063683302,17.464055675276363,2523500,sony
2023-02-14,17.582136154174805,17.64904902674652,17.436503248665932,17.530968038923973,2536500,sony
2023-02-15,17.401081085205078,17.405016805597054,17.210184569941127,17.259385766925202,2934500,sony
2023-02-16,17.227895736694336,17.39320912606689,17.184600936839132,17.204279538212543,3399500,sony
2023-02-17,16.739831924438477,16.848072685255154,16.607976840335013,16.848072685255154,4223500,sony
2023-02-21,16.381656646728516,16.56861556864205,16.34623140879893,16.49186432732324,3922000,sony
2023-02-22,16.232088088989258,16.328519809992383,16.190760208559347,16.291127650055728,2147500,sony
2023-02-23,16.271448135375977,16.381657699889765,16.145497564789792,16.361977219422954,2865000,sony
2023-02-24,16.27735137939453,16.35804021688535,16.163207979932324,16.27735137939453,4341500,sony
2023-02-27,16.403303146362305,16.627656092530547,16.401334347816817,16.511543899189146,3581000,sony
2023-02-28,16.44856834411621,16.598136989439876,16.422985221539204,16.46824882415014,2566500,sony
2023-03-01,16.45840835571289,16.568616039439164,16.41708047431554,16.511545275700257,2728500,sony
2023-03-02,16.401336669921875,16.407241189560605,16.224217972265574,16.34033018204617,3421500,sony
2023-03-03,16.873655319213867,16.907109877598387,16.584358315906822,16.584358315906822,3686000,sony
2023-03-06,17.02912712097168,17.279063178565174,17.001575203292095,17.08423095633085,3594000,sony
2023-03-07,17.172792434692383,17.446344709067013,17.14917623547415,17.373529189630485,5957000,sony
2023-03-08,17.330232620239258,17.369593578127667,17.23576969960787,17.29284046097878,3103500,sony
2023-03-09,17.0350341796875,17.424698682259574,16.993706297005666,17.284970274549316,3034000,sony
2023-03-10,16.68079376220703,16.962219388577505,16.5981379932663,16.962219388577505,4480000,sony
2023-03-13,16.838232040405273,16.99173639907964,16.61978360216997,16.731960080835908,3992500,sony
2023-03-14,16.814617156982422,16.814617156982422,16.645369903248096,16.700473747572477,3577000,sony
2023-03-15,16.48005485534668,16.483992452550403,16.208471381480965,16.41314385538962,3472500,sony
2023-03-16,17.001577377319336,17.017322136649682,16.572551923114535,16.631593362977934,4366500,sony
2023-03-17,17.02716064453125,17.214119554578595,16.960247770226353,17.170824755283597,4076000,sony
2023-03-20,17.401081085205078,17.546714000710686,17.18656837075552,17.223960529729915,5405500,sony
2023-03-21,17.588043212890625,17.65298729636403,17.45815504594381,17.53097057079766,3523000,sony
2023-03-22,17.208215713500977,17.52899847297061,17.206246915109453,17.497510836541103,3929500,sony
2023-03-23,17.37156105041504,17.597882811777822,17.259386445912643,17.381401290198973,4676500,sony
2023-03-24,17.225933074951172,17.403053668949735,17.113756573629804,17.377468665586573,5536500,sony
2023-03-27,17.0507755279541,17.202312960983082,16.98976904722427,17.145240323773013,4234000,sony
2023-03-28,16.8893985748291,17.056678877806387,16.873655694494154,16.946471208127313,3280500,sony
2023-03-29,17.2928409576416,17.32236167690576,17.070456794319632,17.107848954654038,4786000,sony
2023-03-30,17.633628845214844,17.677066910503175,17.48554701381902,17.513188905467235,5894500,sony
2023-03-31,17.89820098876953,17.95151142407049,17.720503931345586,17.724452503782224,6107000,sony
2023-04-03,18.0324649810791,18.04233547136362,17.850817455848738,17.850817455848738,4395500,sony
2023-04-04,17.969282150268555,17.996924042146965,17.840945064113455,17.92387073974869,4048500,sony
2023-04-05,17.70075798034668,17.77381127285412,17.67508943681338,17.750117956885845,3222000,sony
2023-04-06,17.408544540405273,17.442108348421428,17.22097322284402,17.424338830539327,3979500,sony
2023-04-10,17.47567367553711,17.47764890324403,17.32166805216116,17.327591852319383,2248000,sony
2023-04-11,17.554649353027344,17.669167359661596,17.53885506450013,17.619805500608077,2217000,sony
2023-04-12,17.6592960357666,17.848840690077623,17.62967891857699,17.76986359386782,2099000,sony
2023-04-13,17.86661148071289,17.933742864609375,17.75801914253567,17.789609606678813,3423500,sony
2023-04-14,17.939666748046875,18.058131459872314,17.850817272696474,17.93769152023264,3642000,sony
2023-04-17,17.99692153930664,18.01271771088152,17.838967355407437,17.87845684286344,3864000,sony
2023-04-18,18.02851104736328,18.137105249169753,17.965330130325302,18.079846248567502,4334500,sony
2023-04-19,17.961383819580078,17.99100093733649,17.913997184354834,17.96730761972387,2111500,sony
2023-04-20,18.042333602905273,18.22003253702685,17.951510791177007,17.961383163401813,3041000,sony
2023-04-21,18.17462158203125,18.239777733961365,18.087747340445272,18.139082547510284,3029000,sony
2023-04-24,18.07787322998047,18.17067126271924,18.046282770891974,18.13710557614169,2564500,sony
2023-04-25,17.919919967651367,18.12526078666722,17.878457134922677,18.058129410080333,4112500,sony
2023-04-26,18.52212142944336,18.764976532990115,18.26939583585751,18.26939583585751,8926500,sony
2023-04-27,18.774845123291016,18.786692721691097,18.496451039398217,18.5714795527246,6336000,sony
2023-04-28,17.704708099365234,18.10156882280432,17.483571091994857,18.071951704515744,11675000,sony
2023-05-01,18.20226287841797,18.265445683572064,18.016666801147263,18.184493361736724,5334000,sony
2023-05-02,18.03838539123535,18.046284418950595,17.795530301944815,17.99494921213278,3864500,sony
2023-05-03,18.324678421020508,18.397731716904957,18.06800238863428,18.091695705697816,3734500,sony
2023-05-04,18.29703712463379,18.441170376380363,18.26149620640532,18.310858069788594,2730500,sony
2023-05-05,18.531991958618164,18.57543001891133,18.326651139723094,18.364165400212094,3333000,sony
2023-05-08,18.251625061035156,18.263470778044073,18.125261331460926,18.218059371732824,5141500,sony
2023-05-09,18.53989028930664,18.577404548385907,18.326650451031814,18.326650451031814,4330000,sony
2023-05-10,18.447092056274414,18.464861571864947,18.243724591842916,18.362191167383706,3778000,sony
2023-05-11,18.403656005859375,18.482633103848592,18.29308844526698,18.482633103848592,2310000,sony
2023-05-12,18.693897247314453,18.82420954974258,18.63663824080437,18.725487709092864,2854000,sony
2023-05-15,18.69192123413086,18.780770698685462,18.672176490238186,18.682048862184523,2693500,sony
2023-05-16,18.52212142944336,18.61097090349614,18.46881287478926,18.53989283062401,2520000,sony
2023-05-17,18.82025718688965,18.932799960845735,18.75905149719361,18.865670471740874,4610500,sony
2023-05-18,19.525131225585938,19.57646643257282,19.4185122392228,19.560670260052813,9050500,sony
2023-05-19,19.35137939453125,19.446152656550534,19.274377531362358,19.361251766238457,3557000,sony
2023-05-22,19.270429611206055,19.446153314429512,19.24278772267568,19.373100020879576,4430000,sony
2023-05-23,18.75115203857422,18.869618609211383,18.670201608020896,18.869618609211383,4903000,sony
2023-05-24,18.60504722595215,18.745231896574214,18.561609165446562,18.64651005885921,3286500,sony
2023-05-25,18.76497459411621,18.86567165855166,18.678100356825023,18.847900259207222,3072500,sony
2023-05-26,18.950571060180664,19.078910015633976,18.83013113225349,18.873569193278644,3112500,sony
2023-05-30,18.709692001342773,18.99795850278401,18.70771865659902,18.972291840377448,3825500,sony
2023-05-31,18.500402450561523,18.656383300353504,18.336524455932302,18.60109763760522,3200500,sony
2023-06-01,19.0848331451416,19.16183500933876,18.986111309713596,18.992035109409496,4843500,sony
2023-06-02,19.35137939453125,19.519205947629015,19.335585106169617,19.359278421674436,3382000,sony
2023-06-05,19.44812774658203,19.56659244030624,19.426407775794786,19.54487435248135,3362000,sony
2023-06-06,19.75416374206543,19.791678001115127,19.505384872422038,19.546847703535544,3770500,sony
2023-06-07,19.286224365234375,19.507361361773057,19.27635199295508,19.408639521942618,3680500,sony
2023-06-08,19.23291778564453,19.23291778564453,18.938727463642778,18.9959864755461,3430500,sony
2023-06-09,19.436283111572266,19.556723051176654,19.349408864061555,19.45602785785827,2584000,sony
2023-06-12,19.596210479736328,19.65544282939292,19.448128664113625,19.509334358413383,5969500,sony
2023-06-13,19.78180694580078,19.929888764340195,19.752189828907905,19.78970409045389,3103500,sony
2023-06-14,19.718626022338867,19.92001639172729,19.64754607157458,19.88447735782639,2575500,sony
2023-06-15,19.679136276245117,19.694932448307352,19.457999282186133,19.505385915410375,2950500,sony
2023-06-16,19.264507293701172,19.479720501649048,19.242789203316896,19.44417958297355,3890000,sony
2023-06-20,19.015727996826172,19.15393933018245,18.99598513460031,19.151964102478594,2546000,sony
2023-06-21,18.693897247314453,18.84197906680778,18.612944923729938,18.774847687936475,2798000,sony
2023-06-22,18.52409553527832,18.57345551433467,18.421425121834115,18.47868412859098,3509500,sony
2023-06-23,17.99494743347168,18.064052150633945,17.927816060821293,18.014690293402097,5750500,sony
2023-06-26,17.842918395996094,17.998899256878733,17.807379358739052,17.8942536070133,3473500,sony
2023-06-27,17.7836856842041,17.84489326722795,17.61585910857706,17.730375246421193,6568500,sony
2023-06-28,18.02456283569336,18.07589803792367,17.88042960054238,17.90807148766929,4039500,sony
2023-06-29,17.761966705322266,17.82909620243945,17.686938180396417,17.791581939976528,3323500,sony
2023-06-30,17.777761459350586,17.925845168339798,17.76986431429819,17.779736687094974,4697000,sony
2023-07-03,18.07590103149414,18.184495253455605,18.03443819393707,18.073927686636747,3798500,sony
2023-07-05,18.05220603942871,18.119337417611515,17.99297368883137,18.05220603942871,4176500,sony
2023-07-06,17.86661148071289,17.93571620945184,17.738274396335218,17.900177172661135,3798500,sony
2023-07-07,17.975204467773438,18.137107232983993,17.896227371356396,17.896227371356396,3630000,sony
2023-07-10,17.913997650146484,17.941639540919518,17.848841495758244,17.848841495758244,3361000,sony
2023-07-11,17.698781967163086,17.848839000647246,17.62967724989073,17.75406574098097,6809500,sony
2023-07-12,18.014690399169922,18.269393064872098,17.698782042880616,17.700757270366417,11568500,sony
2023-07-13,18.52212142944336,18.585304240061784,18.437222410961358,18.492506193400843,7519500,sony
2023-07-14,18.24175262451172,18.405628732185342,18.231880252224457,18.405628732185342,4578500,sony
2023-07-17,18.4747371673584,18.616895199852433,18.237805857893232,18.26939632256272,3848500,sony
2023-07-18,18.776824951171875,18.840005881578083,18.674154527039764,18.72943831188587,4835500,sony
2023-07-19,18.672178268432617,18.757079168886477,18.585304023179013,18.709692532216295,2695500,sony
2023-07-20,18.41155433654785,18.531994277516034,18.397733390583678,18.419453364929282,3253500,sony
2023-07-21,18.439193725585938,18.55173650585908,18.417475637150957,18.52409461768277,2128500,sony
2023-07-24,18.492504119873047,18.54383932394826,18.41352702767752,18.439193688233924,1931000,sony
2023-07-25,18.498428344726562,18.518171206007363,18.322702757109074,18.368116045461036,2186500,sony
2023-07-26,18.508298873901367,18.573455023675002,18.401679890904738,18.43919415186304,1873500,sony
2023-07-27,18.512248992919922,18.79459167582377,18.47868330483592,18.697845066727165,3430500,sony
2023-07-28,18.45499038696289,18.593199831511946,18.441169442507984,18.514222737060706,3399000,sony
2023-07-31,18.48065757751465,18.630714626158184,18.43722139824811,18.52212041206681,3224000,sony
2023-08-01,18.458940505981445,18.543841407445356,18.41747766914241,18.460915733767283,2179500,sony
2023-08-02,17.98112678527832,18.20028853928419,17.94953444294628,18.14302953714002,3337500,sony
2023-08-03,17.775787353515625,17.809353042995102,17.6750902850772,17.773812125855805,2859500,sony
2023-08-04,17.807376861572266,18.03838433727369,17.781708318181888,17.98112721671804,2792500,sony
2023-08-07,17.85673713684082,17.913996141317647,17.79355621552754,17.900175197095216,3268500,sony
2023-08-08,17.734325408935547,17.884380580846802,17.655348308943406,17.78763396287488,4535000,sony
2023-08-09,16.55558967590332,17.831070787768503,16.328530764575298,17.831070787768503,12284000,sony
2023-08-10,16.869522094726562,17.177533314822657,16.843855434533076,17.167660943067506,8048000,sony
2023-08-11,16.89716339111328,16.938628104218736,16.709593983216866,16.814237730826996,3878500,sony
2023-08-14,16.579280853271484,16.58520276944736,16.368016258326907,16.502277113362943,5731500,sony
2023-08-15,16.492408752441406,16.529923017833564,16.371968810802166,16.470690660937457,2851500,sony
2023-08-16,16.237707138061523,16.42527845595362,16.21993762014808,16.334453755672282,4472500,sony
2023-08-17,16.269296646118164,16.4864850697558,16.235730957050986,16.4864850697558,3496500,sony
2023-08-18,16.32063102722168,16.389735746536612,16.142932101576207,16.19426730491907,3073000,sony
2023-08-21,16.30483627319336,16.324579133175018,16.225859184379754,16.269295359301726,2875000,sony
2023-08-22,16.170576095581055,16.3502502721655,16.148858004671034,16.318659808215667,3727000,sony
2023-08-23,16.310760498046875,16.344326189209482,16.210065307521642,16.210065307521642,4388500,sony
2023-08-24,16.002748489379883,16.263374978330972,15.9691846827609,16.235731205821953,4405000,sony
2023-08-25,16.01262092590332,16.12911228459082,15.862565760462438,16.073828505276417,3599500,sony
2023-08-28,16.204139709472656,16.23968062445112,16.137010217557574,16.137010217557574,2294000,sony
2023-08-29,16.310760498046875,16.356173789837506,16.081728226147813,16.127139634975855,2694000,sony
2023-08-30,16.259424209594727,16.358146048770468,16.227833748287978,16.289041326236188,2784500,sony
2023-08-31,16.425277709960938,16.476612916580812,16.38973679278564,16.415405337576825,3285000,sony
2023-09-01,16.833982467651367,16.974167128878776,16.731312064582344,16.940601442690383,5788000,sony
2023-09-05,16.691823959350586,16.82016101784164,16.6681306452817,16.71354204601279,2591500,sony
2023-09-06,16.88136863708496,16.99785998035494,16.851751523673823,16.94454955280734,4150000,sony
2023-09-07,16.828060150146484,16.85372869465535,16.733288765633894,16.776724944091235,2974500,sony
2023-09-08,16.628643035888672,16.71354393062873,16.5931040022591,16.634566835814425,2444500,sony
2023-09-11,16.822139739990234,16.90703875983211,16.747111210345555,16.80239499367055,3137500,sony
2023-09-12,16.863601684570312,16.91098643708086,16.778700786261222,16.822138849271987,1845500,sony
2023-09-13,16.67010498046875,16.76882681446266,16.634565948734384,16.66023260877312,2816000,sony
2023-09-14,17.078813552856445,17.155817308706556,16.938630752623432,16.96627264370742,3263500,sony
2023-09-15,17.130146026611328,17.276254486836688,17.130146026611328,17.248612600167338,2451000,sony
2023-09-18,17.130146026611328,17.15581456878276,16.989961365804344,17.053144166021653,2197000,sony
2023-09-19,17.086711883544922,17.17161089814452,17.03735002079367,17.1025061732553,1815000,sony
2023-09-20,16.753032684326172,16.974169694734083,16.737238394058704,16.918885912872756,2528000,sony
2023-09-21,16.31668472290039,16.46871512652331,16.29496663180073,16.358147560252096,3546500,sony
2023-09-22,16.265348434448242,16.413430255599266,16.255476061976506,16.38381502114657,2525000,sony
2023-09-25,16.441072463989258,16.464765781788138,16.334453475375575,16.39763628382677,3040000,sony
2023-09-26,16.05211067199707,16.308786710742908,16.008672609143915,16.26732387559503,2960500,sony
2023-09-27,16.298912048339844,16.44699385063035,16.251525419695938,16.427249108201675,3669500,sony
2023-09-28,16.39835548400879,16.477593657901682,16.18441260341669,16.186392471481437,4394500,sony
2023-09-29,16.325061798095703,16.45778475653009,16.257708495591892,16.404299977354015,3113500,sony
2023-10-02,16.174509048461914,16.253747229472644,16.085365858676436,16.176490805891767,2367000,sony
2023-10-03,16.08734703063965,16.25374663795023,16.00216546962663,16.142813566409842,2470000,sony
2023-10-04,16.20818519592285,16.22997508103666,15.996222170953281,16.12894701737868,2569000,sony
2023-10-05,16.41420555114746,16.473633715340853,16.2953473335734,16.374585515560348,2506000,sony
2023-10-06,16.43599510192871,16.51127165665883,16.20422394387131,16.303270252444083,1901000,sony
2023-10-09,16.540985107421875,16.56673661622586,16.30128883172441,16.325060472490353,1613000,sony
2023-10-10,16.760873794555664,16.873786743059622,16.663805460211503,16.69748211360515,2145500,sony
2023-10-11,16.92925262451172,17.032262449009757,16.903501112980837,16.905482870415796,3100500,sony
2023-10-12,17.151119232177734,17.2878056973369,17.065937674963536,17.184795881446963,3946000,sony
2023-10-13,16.867843627929688,17.00650996482815,16.81633871862638,16.986699948360613,2801000,sony
2023-10-16,16.917367935180664,16.93123456981745,16.74106331062908,16.796529849176217,2426500,sony
2023-10-17,16.978776931762695,17.111499887715098,16.81435719334994,16.818318818860693,2124500,sony
2023-10-18,16.659841537475586,16.895576189542954,16.636069896544967,16.861899540792322,1929000,sony
2023-10-19,16.60833740234375,16.822280291477156,16.58060413483339,16.669747320170167,2174500,sony
2023-10-20,16.479578018188477,16.632111007499226,16.477596260623613,16.582587849438884,1717000,sony
2023-10-23,16.463729858398438,16.566739691107713,16.253748566981432,16.364681651687608,1675500,sony
2023-10-24,16.683616638183594,16.705406526394075,16.576645176406053,16.584568428630327,2458500,sony
2023-10-25,16.382511138916016,16.669748848637198,16.303271065406907,16.596454047666075,3692500,sony
2023-10-26,16.039804458618164,16.208185830768116,15.956604651266082,16.158660786496206,3165000,sony
2023-10-27,15.855573654174805,16.035841780797476,15.772373852281484,15.958583472477146,3442500,sony
2023-10-30,16.192338943481445,16.253748870572938,16.03188269701652,16.03188269701652,7206500,sony
2023-10-31,16.45184326171875,16.49542303233641,16.352795065355245,16.406279844527976,3304000,sony
2023-11-01,16.844070434570312,16.87972694957799,16.643994198562943,16.70738397839592,4083500,sony
2023-11-02,17.147159576416016,17.192721106973412,16.96689143330877,16.96689143330877,4826500,sony
2023-11-03,17.317520141601562,17.424491590932174,17.311578647718427,17.311578647718427,4672500,sony
2023-11-06,17.172910690307617,17.29573053340055,17.09961589161697,17.09961589161697,5646500,sony
2023-11-07,17.384872436523438,17.442320728100256,17.208567825558806,17.234319335390882,3626500,sony
2023-11-08,17.341293334960938,17.602779543186877,17.279883408909786,17.55919976794083,6880000,sony
2023-11-09,16.19035530090332,16.96094712339053,16.00018218025773,16.96094712339053,17590500,sony
2023-11-10,17.02433967590332,17.09169298196235,16.61428212382651,16.90944497112962,9445500,sony
2023-11-13,16.50731086730957,16.560795649946037,16.344872872698595,16.554854155777985,5548500,sony
2023-11-14,16.85199737548828,16.905484048900828,16.70342601150189,16.715310889378348,3248000,sony
2023-11-15,17.258092880249023,17.474017547612196,17.228377852531665,17.35714108345287,5551000,sony
2023-11-16,17.353178024291992,17.359119517994845,17.14715838318433,17.172909893729194,2913500,sony
2023-11-17,17.36308479309082,17.37100804495606,17.23432155975012,17.349218157732967,2147000,sony
2023-11-20,17.341293334960938,17.357141728169672,17.188760343224946,17.230360250062034,2465000,sony
2023-11-21,17.192718505859375,17.329404966039373,17.176870115843204,17.30761508280579,2705000,sony
2023-11-22,17.351198196411133,17.43043638340339,17.24818836440246,17.30959828992925,2349500,sony
2023-11-24,17.163005828857422,17.19074098747331,17.04216774217749,17.079806020571628,1949000,sony
2023-11-27,17.224414825439453,17.25809147627534,17.067920226242084,17.097633362354884,2824000,sony
2023-11-28,17.279882431030273,17.355158988433843,17.115464570582798,17.174892735674504,5846500,sony
2023-11-29,17.056032180786133,17.250166930977144,17.044147305070133,17.214508525455056,3034500,sony
2023-11-30,17.02631950378418,17.166967594059713,16.99066109730524,17.157062586103734,4065000,sony
2023-12-01,17.063961029052734,17.107540805336534,16.91142614449706,16.91142614449706,3241500,sony
2023-12-04,16.901517868041992,16.94311965701663,16.762851535416843,16.89161474930056,5139000,sony
2023-12-05,17.115463256835938,17.172909660033955,17.00849181220685,17.012453437683902,4086500,sony
2023-12-06,17.511653900146484,17.73748355189955,17.511653900146484,17.63051021956284,10883000,sony
2023-12-07,17.533445358276367,17.555237133835423,17.30761757544127,17.428455663008144,4265500,sony
2023-12-08,17.68994140625,17.725597926530856,17.505711643361973,17.505711643361973,3239500,sony
2023-12-11,17.69588279724121,17.759274475267322,17.65230302585971,17.687959545933165,3585500,sony
2023-12-12,17.905864715576172,17.93557974283289,17.66815016508437,17.711731827223428,3447000,sony
2023-12-13,18.183198928833008,18.197065563430453,17.78700801948649,17.94350262577377,7517000,sony
2023-12-14,18.307998657226562,18.33573192644723,18.054437608521482,18.086132503461208,6704000,sony
2023-12-15,18.36148452758789,18.56156078658961,18.349597761761224,18.472417599638398,3513000,sony
2023-12-18,18.26639747619629,18.306017508991143,18.10990288070576,18.139616016114758,4349500,sony
2023-12-19,18.14952278137207,18.355542437800967,18.11584801726096,18.15744792221056,5179000,sony
2023-12-20,17.84445571899414,18.224798223581445,17.84445571899414,18.206969963864417,3922000,sony
2023-12-21,18.37535285949707,18.401104372522322,18.09405663864504,18.24064813253356,3759000,sony
2023-12-22,18.252531051635742,18.2842259447224,18.127731347439248,18.17527463166282,2659500,sony
2023-12-26,18.516000747680664,18.551657269652996,18.266399426312287,18.270361052177286,3302000,sony
2023-12-27,18.622970581054688,18.63089383209471,18.514017377912058,18.54571416044651,2927000,sony
2023-12-28,18.749753952026367,18.78739223207816,18.603162457742418,18.61702909306743,2228500,sony
2023-12-29,18.757675170898438,18.801256829705352,18.68239861895339,18.739846911582436,1512500,sony
