Date,Close,High,Low,Open,Volume,ticker
2014-01-02,86.979736328125,87.67915150126368,86.59758300700184,87.67915150126368,239400,Toyota
2014-01-03,86.8932113647461,87.45562608213254,86.4317425965756,87.2465221870019,530500,Toyota
2014-01-06,86.64804077148438,87.23209139662669,86.52546435059485,87.15998244208849,441100,Toyota
2014-01-07,86.857177734375,86.9509117093951,86.51828532301646,86.80670474764987,306200,Toyota
2014-01-08,86.41732025146484,86.65526663678733,86.27311332158915,86.65526663678733,349400,Toyota
2014-01-09,86.76342010498047,86.8859965391601,86.22984238947829,86.76342010498047,338500,Toyota
2014-01-10,87.10952758789062,87.16721256305968,86.52548234244458,86.87879318835645,242000,Toyota
2014-01-13,86.09283447265625,86.88598342862302,85.94862207084552,86.88598342862302,421600,Toyota
2014-01-14,86.13610076904297,86.34520463874345,85.56647412423293,85.98468186363387,473300,Toyota
2014-01-15,86.14332580566406,86.5543216114619,85.88374892819787,86.12890181183715,426400,Toyota
2014-01-16,86.40290069580078,86.40290069580078,85.73232802796039,86.23705777745673,244600,Toyota
2014-01-17,85.94142150878906,86.51104815769396,85.76836661467094,86.07841642353965,407800,Toyota
2014-01-21,86.857177734375,86.91486271953028,86.25870839096069,86.88602022695264,550000,Toyota
2014-01-22,87.74405670166016,87.78010568749842,87.05905995702513,87.45563730924238,371400,Toyota
2014-01-23,86.0639877319336,86.84271815974071,85.84767189049595,86.81387568080633,435900,Toyota
2014-01-24,84.99684143066406,85.83325684994284,84.87426501612373,85.7972023745413,591900,Toyota
2014-01-27,84.38396453857422,85.2708530349977,83.74944639962675,84.9968521899989,673000,Toyota
2014-01-28,84.96080017089844,85.27805647844869,84.57143490599755,84.7444843011287,564400,Toyota
2014-01-29,84.50653839111328,85.31411140789403,84.30464651220338,85.27085043416794,542300,Toyota
2014-01-30,84.47770690917969,84.96080615104285,84.1460210852154,84.67959880123345,329900,Toyota
2014-01-31,82.74720764160156,83.28077992940085,81.91800397064749,82.86257209519553,566300,Toyota
2014-02-03,81.29788970947266,82.30735462870987,80.81479048779227,82.17756620336307,553800,Toyota
2014-02-04,81.11041259765625,81.23299452235358,79.85579487759634,80.64894388450453,561200,Toyota
2014-02-05,83.39613342285156,83.53312834063203,82.27851058680311,82.76882179536653,709900,Toyota
2014-02-06,83.61244201660156,83.77107291910977,82.51645519194457,82.61740112969689,439300,Toyota
2014-02-07,84.63634490966797,84.83824233288702,83.43219987360857,83.56920032122163,610900,Toyota
2014-02-10,84.39117431640625,84.73006661506497,84.07391250470172,84.72285461903319,385000,Toyota
2014-02-11,85.01849365234375,85.16270057920758,84.43444294591944,84.93196619554045,366100,Toyota
2014-02-12,84.76611328125,85.37900640099039,84.54259092063094,84.7589067865559,466700,Toyota
2014-02-13,83.74945068359375,83.92250009376923,82.81930116454552,82.90582862020403,419000,Toyota
2014-02-14,83.0428237915039,83.47545006877898,82.92024735481858,82.9923508175075,621700,Toyota
2014-02-18,83.84317779541016,84.44164693732783,83.4610245244226,84.01622719146958,387500,Toyota
2014-02-19,83.07887268066406,83.94412517696664,82.99234523057733,83.57639589166571,279900,Toyota
2014-02-20,83.15818786621094,83.47544417988921,82.81929556422492,83.21587283274924,242300,Toyota
2014-02-21,83.88643646240234,84.41280213324951,83.83596349405873,83.92249094027963,315800,Toyota
2014-02-24,83.76386260986328,84.0306514513755,83.5403402433597,83.67734066212829,328600,Toyota
2014-02-25,83.98017120361328,84.30463948178279,83.59801796452543,83.82154031165818,298600,Toyota
2014-02-26,83.33846282958984,83.6557191949224,83.18704389362932,83.64130070151086,231300,Toyota
2014-02-27,83.65570068359375,83.65570068359375,82.82650271793422,83.10049804126041,227800,Toyota
2014-02-28,83.13656616210938,83.58361094715683,82.81930431377239,83.04282670629613,307800,Toyota
2014-03-03,81.91078186035156,82.1847827184503,81.58631352971433,82.08383126994865,456300,Toyota
2014-03-04,83.0716552734375,83.12212824074844,82.67508353060612,82.79765995105541,286500,Toyota
2014-03-05,81.6656265258789,82.01172533463642,81.35557669658206,81.6079415573722,621900,Toyota
2014-03-06,82.66789245605469,82.88420287021233,82.58857698718755,82.77605041370464,392200,Toyota
2014-03-07,82.17036437988281,82.89862205121712,82.05499993259312,82.77604560686497,309000,Toyota
2014-03-10,81.72330474853516,82.05499056182623,81.47815188782756,81.91799013899475,235500,Toyota
2014-03-11,81.08879089355469,81.78820603487091,81.0527419127379,81.62957511608064,224100,Toyota
2014-03-12,80.25238800048828,80.49754089607676,79.72602222298646,80.23796400595833,483900,Toyota
2014-03-13,79.4664306640625,80.5984719754477,79.08427739669197,80.38936810249871,396100,Toyota
2014-03-14,78.4209213256836,78.90402055943866,78.22623593222676,78.64444370225713,753200,Toyota
2014-03-17,79.7981185913086,79.89906453946722,79.26454636516424,79.36549231332286,438500,Toyota
2014-03-18,79.19243621826172,79.50969252806497,78.839119928386,78.91843538112208,319000,Toyota
2014-03-19,78.36324310302734,79.1275497476671,77.98830177767817,78.74539642534722,513300,Toyota
2014-03-20,77.59170532226562,77.67823276114531,76.65434398839406,76.82739886615344,668100,Toyota
2014-03-21,77.4186782836914,78.18298496033326,77.39704229187335,77.62057019818985,413200,Toyota
2014-03-24,77.82967376708984,78.19019661314655,77.28888949800476,78.08925065634205,362500,Toyota
2014-03-25,78.2046127319336,78.81750045139228,78.08924828529216,78.5362930800978,349300,Toyota
2014-03-26,81.16083526611328,82.22555601125389,80.95523556420245,81.46189597403391,858400,Toyota
2014-03-27,81.93183898925781,82.24023853925883,81.73357813413453,82.1668108752831,559000,Toyota
2014-03-28,82.84972381591797,83.50323974636275,82.65880735018487,83.28295108573431,539400,Toyota
2014-03-31,82.90111541748047,83.33434264371881,82.64411574071426,83.04797077501179,481000,Toyota
2014-04-01,83.13609313964844,83.22420411943332,82.83503235292156,82.93783223078606,539200,Toyota
2014-04-02,83.29762268066406,83.34902261051016,82.75424559123711,83.23887830307648,351100,Toyota
2014-04-03,82.8717269897461,83.40775398167533,82.63675510242676,82.92312691502933,453200,Toyota
2014-04-04,81.6968765258789,82.68081966141594,81.52798783730118,82.40179226525744,598400,Toyota
2014-04-07,81.79232788085938,82.06401641781136,81.38846729919723,81.88044444472348,401800,Toyota
2014-04-08,80.1108169555664,80.28704450096576,79.76570071095371,80.1108169555664,611900,Toyota
2014-04-09,79.10485076904297,79.17827845052435,78.32650165925592,78.4953903686188,1117600,Toyota
2014-04-10,75.91803741455078,77.30584131457842,75.91069296579313,77.15164150370568,1535400,Toyota
2014-04-11,77.01946258544922,77.69500615456052,76.40266339682736,76.58623538422755,912300,Toyota
2014-04-14,78.80377197265625,79.08279933935154,78.37054482945791,78.70097212165422,497400,Toyota
2014-04-15,78.46601104736328,78.54678317030697,77.59220659124833,78.29712235334306,488000,Toyota
2014-04-16,79.64820861816406,79.67023635859772,79.08280380356413,79.30309241224472,372700,Toyota
2014-04-17,79.31777954101562,79.75835677968351,79.07546878235506,79.69961240090483,393100,Toyota
2014-04-21,79.77303314208984,79.98597729503139,79.62617781007518,79.96394955544638,377000,Toyota
2014-04-22,79.61149597167969,79.76569576461364,79.45729617874574,79.63352371321706,343900,Toyota
2014-04-23,79.41324615478516,79.66290137893392,79.39121841173352,79.5087015753998,276800,Toyota
2014-04-24,78.59817504882812,78.818458050688,78.26040329757211,78.818458050688,459600,Toyota
2014-04-25,78.19430541992188,78.73033797316371,78.09150557719133,78.42927728933047,436500,Toyota
2014-04-28,78.62020111083984,78.90657292866612,78.09151295418465,78.86251744966879,392800,Toyota
2014-04-29,78.93597412109375,79.29577373685099,78.84785752854808,79.16360164911941,296500,Toyota
2014-04-30,79.61149597167969,79.6702403505609,79.060780024556,79.30309638581177,467700,Toyota
2014-05-01,80.57343292236328,80.88183256929442,80.3090887672299,80.78637153416804,340900,Toyota
2014-05-02,80.72028350830078,80.90385551613353,80.52936705154626,80.76433899748525,420500,Toyota
2014-05-05,80.36048126220703,80.72028081695444,80.33845351834924,80.61013649549257,274800,Toyota
2014-05-06,80.03739166259766,80.45593559674636,79.83179191981203,80.40453566104995,429400,Toyota
2014-05-07,80.05941772460938,80.14018985074618,79.72899037381167,80.03738998151255,319000,Toyota
2014-05-08,79.41324615478516,79.75101795331317,78.95798559041818,79.67024582734204,366500,Toyota
2014-05-09,79.94194793701172,80.31643083666353,79.69228706840353,80.00803117735957,371700,Toyota
2014-05-12,80.19159698486328,80.27236911825172,79.74368082777224,79.94194173778865,346200,Toyota
2014-05-13,81.78500366210938,81.90249244298798,80.83777137442596,80.9258879600849,564200,Toyota
2014-05-14,81.08741760253906,81.8290499920496,81.07273430866518,81.5573614369172,699500,Toyota
2014-05-15,80.4045181274414,81.25629470714891,80.03737420905126,81.02131722129448,257900,Toyota
2014-05-16,80.48529052734375,80.49263497434605,80.00800231128439,80.30906301449026,237400,Toyota
2014-05-19,79.75102233886719,79.8831944066179,79.16358968171446,79.38387832868997,358900,Toyota
2014-05-20,79.06077575683594,79.50869181782504,79.03140356898085,79.42791970176654,333200,Toyota
2014-05-21,79.34716033935547,79.46464910966006,79.00204407930187,79.15624949086987,307000,Toyota
2014-05-22,80.39720153808594,80.69826234452576,79.94194650692617,79.96397425331475,547100,Toyota
2014-05-23,80.50733947753906,80.5734283136289,80.31642302038001,80.4118840500461,175600,Toyota
2014-05-27,80.85245513916016,80.89651062810549,80.42656673877838,80.72028307015108,296400,Toyota
2014-05-28,80.70560455322266,81.35912048808144,80.40454375514192,81.17554847037565,259100,Toyota
2014-05-29,81.86575317382812,82.02729740180479,81.55735361251187,81.71889784048854,348500,Toyota
2014-05-30,83.05531311035156,83.26091284653343,82.90111330821517,83.23154065533993,449700,Toyota
2014-06-02,83.67212677001953,83.848359947618,83.17281063783777,83.79696000469518,660400,Toyota
2014-06-03,84.38436126708984,84.4651333815295,83.82630651554375,83.82630651554375,593400,Toyota
2014-06-04,84.06128692626953,84.19345898127044,83.26091014816053,84.08331466840761,558100,Toyota
2014-06-05,84.14205169677734,84.29625709288172,83.57665245235992,83.85567985059325,318500,Toyota
2014-06-06,84.55325317382812,84.78088063112482,84.09064820942244,84.16408148148005,370900,Toyota
2014-06-09,84.4945068359375,84.67073436000689,84.3182793118681,84.44310690799342,220200,Toyota
2014-06-10,83.6133804321289,83.79695244059326,83.25357526197412,83.47386391300059,348900,Toyota
2014-06-11,83.75288391113281,84.05394466732076,83.5472841762594,83.75288391113281,207000,Toyota
2014-06-12,83.89974212646484,84.65605781312611,83.78959781433004,84.28156939273676,292400,Toyota
2014-06-13,83.88506317138672,83.97317975197154,83.70883561239015,83.79695219297498,185200,Toyota
2014-06-16,84.06128692626953,84.19345898127044,83.6353985710252,83.90708152695808,225200,Toyota
2014-06-17,84.23014831542969,84.61931993205832,84.08329300423168,84.5385478302481,222000,Toyota
2014-06-18,85.214111328125,85.33893892410208,84.17876272083143,84.32561805701953,360700,Toyota
2014-06-19,86.46240997314453,86.6973819035494,85.93372172919041,86.27883797744784,660300,Toyota
2014-06-20,86.80751037597656,86.95436570485856,86.44036645159986,86.80016592888096,513600,Toyota
2014-06-23,86.07323455810547,86.12463449061576,85.69140168616687,85.98511798715676,233800,Toyota
2014-06-24,85.58126068115234,86.1980598547423,85.54454404369814,86.10260444040262,219600,Toyota
2014-06-25,86.25680541992188,86.29351645570857,85.64000063567788,85.84560596520748,208600,Toyota
2014-06-26,86.38897705078125,86.6459767087201,86.12463294485204,86.6459767087201,195600,Toyota
2014-06-27,87.26277923583984,87.33621251421616,86.99109627366882,87.16732381699227,353200,Toyota
2014-06-30,87.86488342285156,88.02642203778163,87.70333920575,87.93096663775411,505000,Toyota
2014-07-01,89.7740478515625,89.78873114585456,89.1058431167362,89.16458749824956,501000,Toyota
2014-07-02,89.4950180053711,89.84013425625116,89.31144600827939,89.83278980775913,223500,Toyota
2014-07-03,89.38488006591797,89.50970768050405,88.88556400540081,89.10584704252223,195900,Toyota
2014-07-07,88.9663314819336,89.43627532583186,88.74604285415582,89.03241470896342,328700,Toyota
2014-07-08,88.33484649658203,88.80479035700054,87.84286929087318,88.80479035700054,343400,Toyota
2014-07-09,88.14392852783203,88.32750052020035,87.38026836731912,87.96770098376678,292300,Toyota
2014-07-10,86.68269348144531,86.93234869178245,85.62531705608238,86.2641495801012,466700,Toyota
2014-07-11,87.02781677246094,87.23342213122666,86.73410603571344,86.94705024137662,347300,Toyota
2014-07-14,87.3802719116211,87.74007146264879,87.29949978352896,87.65196048812852,166800,Toyota
2014-07-15,87.16732788085938,87.44635530431121,86.88830045740755,87.38027207329876,187700,Toyota
2014-07-16,87.49041748046875,87.76210045868037,87.46104528781856,87.67398948290273,181200,Toyota
2014-07-17,86.92500305175781,87.73272425570714,86.79283100039996,87.52711892968311,244700,Toyota
2014-07-18,87.30683135986328,87.37291458101035,86.90297077894665,87.26277027692655,208000,Toyota
2014-07-21,87.1306381225586,87.38029341469982,86.66803298379514,87.15266587160939,143900,Toyota
2014-07-22,87.51243591308594,87.68866344806352,87.1746641368071,87.1746641368071,117700,Toyota
2014-07-23,87.69601440429688,87.85755865758703,87.41698698636014,87.66664221259205,171200,Toyota
2014-07-24,87.65928649902344,88.10720256115802,87.65194765366991,87.82817517907911,152600,Toyota
2014-07-25,87.84286499023438,88.11455354712007,87.61523751959949,88.0558091669006,140200,Toyota
2014-07-28,88.54044342041016,88.67261547708671,87.9309830700587,88.08518286915259,172800,Toyota
2014-07-29,88.54044342041016,89.18661480739966,88.48169903918223,88.54778226643424,399200,Toyota
2014-07-30,88.14392852783203,88.49638361596254,87.7767845430954,88.49638361596254,293100,Toyota
2014-07-31,86.63863372802734,87.90160989948481,86.60192269179856,87.6078935987922,290900,Toyota
2014-08-01,86.34491729736328,86.70472242620205,86.12463427380477,86.43303386809016,206900,Toyota
2014-08-04,86.73410034179688,86.88830014911836,86.36695634279157,86.59458382947955,131300,Toyota
2014-08-05,87.40229797363281,87.98238615414596,87.02047068632142,87.38761467888622,360300,Toyota
2014-08-06,85.62531280517578,85.73545711104498,84.75885285566858,85.27285214682874,429300,Toyota
2014-08-07,85.67670440673828,86.70470849131137,85.49313244885636,86.24944801898243,260400,Toyota
2014-08-08,86.37429809570312,86.39633144221004,85.28755495929528,85.64735452181934,254400,Toyota
2014-08-11,85.73545837402344,86.05854124658114,85.54454194784921,85.71343063295953,264800,Toyota
2014-08-12,86.0879135131836,86.31554657611818,85.78685838141776,85.9630859122605,242500,Toyota
2014-08-13,86.59459686279297,86.8883132266389,86.47710807638512,86.53585246958905,217800,Toyota
2014-08-14,86.4550552368164,86.49177187245567,86.0952557366743,86.25679997001176,181500,Toyota
2014-08-15,85.83091735839844,86.19071688248603,85.36831797028582,86.09526146651206,220300,Toyota
2014-08-18,86.06588745117188,86.25680388124324,85.91903210629994,85.91903210629994,156900,Toyota
2014-08-19,85.8749771118164,86.0658935554286,85.77217724268047,85.98512142936855,221900,Toyota
2014-08-20,84.95709991455078,85.08927194838678,84.58995599858095,84.89836114564599,319900,Toyota
2014-08-21,85.015869140625,85.36098541888131,84.96446920144895,84.9938413955743,263900,Toyota
2014-08-22,83.77490234375,84.28156277850506,83.66476364243107,84.28156277850506,477000,Toyota
2014-08-25,84.34764862060547,84.5532483253642,84.19344884203642,84.27421535275867,238900,Toyota
2014-08-26,84.50187683105469,84.95713187271993,84.38438804470644,84.53858787515826,251000,Toyota
2014-08-27,84.37704467773438,84.58264444065766,84.26690034697594,84.51655560133325,268800,Toyota
2014-08-28,84.02457427978516,84.36969052880411,83.73085796558779,84.1494018926129,281300,Toyota
2014-08-29,83.94378662109375,84.12001413613547,83.65007036124311,84.07595865791797,170300,Toyota
2014-09-02,85.32425689697266,85.33160134502481,84.97914626893531,85.13334606499602,294000,Toyota
2014-09-03,85.14802551269531,85.44174179761734,85.06725339428745,85.26551426753299,244300,Toyota
2014-09-04,85.214111328125,85.73545505441629,85.10396702489794,85.31691118389107,382700,Toyota
2014-09-05,85.4637680053711,85.48579574596494,85.11865179694206,85.24347939508854,162200,Toyota
2014-09-08,85.20677947998047,85.4050347733671,84.81760773958138,85.29489605602609,219100,Toyota
2014-09-09,84.45779418945312,84.77353821949895,84.42108315471474,84.73682718476056,323400,Toyota
2014-09-10,85.53719329833984,85.61062096567004,85.01584957747203,85.2287937342499,359500,Toyota
2014-09-11,85.44908905029297,85.52986117135227,85.1774004974415,85.36831692923367,189600,Toyota
2014-09-12,85.99246978759766,86.20541398396765,85.78687003997779,86.1907250864674,233400,Toyota
2014-09-15,86.02919006347656,86.11730104350849,85.68407378588965,85.89701799125547,176700,Toyota
2014-09-16,86.34491729736328,86.53583373285197,85.92637339021239,86.08791763545878,320900,Toyota
2014-09-17,86.168701171875,86.60193403261871,85.82358489352997,86.19807336600789,262800,Toyota
2014-09-18,87.69601440429688,87.74741433923712,87.18935390119094,87.24809828460059,356500,Toyota
2014-09-19,87.20404052734375,87.67398437803817,87.05717957264388,87.60055670177454,262100,Toyota
2014-09-22,87.38761138916016,87.97503839384639,87.31418371384594,87.46103906447436,409700,Toyota
2014-09-23,86.82955169677734,87.38026766948418,86.66066300019132,87.36558437516793,314500,Toyota
2014-09-24,87.2701416015625,87.31420269806901,86.66802556959529,86.69005331676166,272900,Toyota
2014-09-25,87.48014831542969,88.63793922590327,87.41334963702454,88.33364483093061,437800,Toyota
2014-09-26,88.0590591430664,88.17038651827963,87.65828398970612,87.7547646949733,271300,Toyota
2014-09-29,87.22039031982422,87.68796412302295,86.89383721959807,87.62858877303819,365700,Toyota
2014-09-30,87.22782135009766,87.65828418194855,86.8641572084594,87.50242812124644,481100,Toyota
2014-10-01,86.57471466064453,87.56922644017034,86.43369959905516,87.53212108767295,676800,Toyota
2014-10-02,84.96418762207031,85.48370780289954,84.34075774272993,85.36495709736984,507300,Toyota
2014-10-03,86.2110366821289,86.3223583841282,85.70635753780059,85.86963125484787,281500,Toyota
2014-10-06,86.61180877685547,86.99774289671248,86.39658303819289,86.5450157536178,339200,Toyota
2014-10-07,85.95869445800781,86.93836507405884,85.94385345182529,86.83446104374623,398400,Toyota
2014-10-08,86.2852554321289,86.3520484551821,84.7786412915813,85.78057627379494,446000,Toyota
2014-10-09,84.99388122558594,86.31495752418762,84.78607312491823,86.2481588276324,371200,Toyota
2014-10-10,84.58566284179688,85.90673307950662,84.49659982737415,85.35752531309406,448400,Toyota
2014-10-13,83.620849609375,85.1051994978695,83.56147425487231,84.73411202574589,425700,Toyota
2014-10-14,82.8415756225586,83.15328776391208,82.57439216929963,83.07907139630589,759400,Toyota
2014-10-15,81.68378448486328,81.9212802752237,80.45177684185184,81.4759763760912,632600,Toyota
2014-10-16,81.7728271484375,82.26265961669273,80.61503616679344,80.88963724393756,441700,Toyota
2014-10-17,81.4833984375,81.92870232966698,80.85255078506792,80.88965613971321,469100,Toyota
2014-10-20,84.09584045410156,84.2368555043413,83.34624784324238,83.36851218541804,408900,Toyota
2014-10-21,84.12554931640625,84.21461236988301,83.22009475760652,83.39079752785025,665400,Toyota
2014-10-22,83.32398223876953,84.17748459542796,83.27203021683444,83.94741216433626,413600,Toyota
2014-10-23,84.17008209228516,84.71929008920199,83.81383554742087,84.05133135654815,408300,Toyota
2014-10-24,84.9864501953125,85.09035422931623,84.51145870776821,84.91223383707343,312500,Toyota
2014-10-27,84.86028289794922,85.23879371608132,84.50404208516835,84.8454418900607,198500,Toyota
2014-10-28,85.4243392944336,85.4243392944336,84.68958764772157,85.09036281747697,389900,Toyota
2014-10-29,85.9512710571289,86.57470090086636,85.5504959423716,86.092286096306,245800,Toyota
2014-10-30,85.98838806152344,86.31494684350464,85.19426111089716,85.20168444567274,194900,Toyota
2014-10-31,90.06291961669922,90.12971829962228,87.94772236321741,88.35592080790026,1280500,Toyota
2014-11-03,90.54532623291016,90.56759057109068,89.66213640278647,90.02580613421645,856900,Toyota
2014-11-04,88.61569213867188,88.85318790147441,87.80671848071144,88.68990850285786,569600,Toyota
2014-11-05,90.0777816772461,90.35980613845342,89.36529435760714,89.82543923313774,394100,Toyota
2014-11-06,88.93482971191406,89.04615709200854,88.33366412434219,88.7047516164266,435500,Toyota
2014-11-07,88.07390594482422,88.07390594482422,87.33915427983236,87.89578553017229,570800,Toyota
2014-11-10,87.55437469482422,87.7918704385977,87.20555158251891,87.43562399176488,429800,Toyota
2014-11-11,88.42272186279297,88.63795327478722,87.89577833508788,87.94773035437302,526100,Toyota
2014-11-12,88.16297912597656,88.27430652132131,87.658299841114,88.12586810674613,252800,Toyota
2014-11-13,88.92742156982422,89.33562014579591,88.80125315992268,88.80125315992268,269800,Toyota
2014-11-14,88.92742156982422,88.97195026453142,88.48954097227887,88.74930112864872,214200,Toyota
2014-11-17,88.01453399658203,88.42273252758827,87.636028808572,87.94774096187888,324100,Toyota
2014-11-18,89.11294555664062,89.35044131291188,88.7418580835702,88.82349778063332,332300,Toyota
2014-11-19,89.32076263427734,89.44693102886932,88.66022731865344,89.11295453439737,389700,Toyota
2014-11-20,88.85317993164062,89.08325233868415,88.69732388212614,88.87544427266482,163000,Toyota
2014-11-21,90.0184097290039,90.32269854573741,89.51373048401163,89.51373048401163,920500,Toyota
2014-11-24,90.14456939697266,90.35237747849455,90.02582434853682,90.16683373965779,661000,Toyota
2014-11-25,90.40432739257812,90.53791910792191,90.35237537340807,90.35979870824534,190200,Toyota
2014-11-26,90.32267761230469,90.54533233380113,90.10745188716152,90.53790899979263,291800,Toyota
2014-11-28,91.38400268554688,91.53244107803914,90.87190580289919,91.22072894732392,234400,Toyota
2014-12-01,92.72733306884766,93.19490121362614,92.43788531317358,92.51952500450166,485800,Toyota
2014-12-02,93.93708038330078,94.27848017060062,93.75153665135444,93.92965704856624,496400,Toyota
2014-12-03,94.78315734863281,94.91674905931002,94.34527686840185,94.62730129656696,471300,Toyota
2014-12-04,95.4437026977539,95.59955309477031,95.07261522431737,95.59955309477031,505100,Toyota
2014-12-05,95.76284790039062,95.96323833920911,95.34723167520619,95.63667949808055,423500,Toyota
2014-12-08,95.31010437011719,95.88158224443657,95.18393598936709,95.77024920869883,359500,Toyota
2014-12-09,95.26557922363281,95.31010790970527,94.12262909489306,94.88706840498011,472100,Toyota
2014-12-10,93.13552856445312,94.18942124788867,92.86092746960783,94.1819979132767,508800,Toyota
2014-12-11,93.58084106445312,94.50114212199202,93.41756732425665,93.92224654013916,251900,Toyota
2014-12-12,92.43045806884766,93.56598470266476,92.41561140068235,93.26169595341425,350100,Toyota
2014-12-15,90.21135711669922,91.88866823491566,89.84768735591653,91.68828351277293,597000,Toyota
2014-12-16,90.50082397460938,91.64377418771805,90.35980890850983,90.81253612481737,543500,Toyota
2014-12-17,91.4508056640625,91.75509447382873,90.54535124563084,90.54535124563084,338000,Toyota
2014-12-18,92.57888793945312,92.6159989463843,91.89608844573894,92.12616083414717,306700,Toyota
2014-12-19,94.26363372802734,94.59761016133481,93.89996395749387,94.04840233189887,396700,Toyota
2014-12-22,93.9890365600586,94.17458030021385,93.46209301749913,93.73669979137333,598000,Toyota
2014-12-23,94.07810974121094,94.48630261617356,93.92967133566856,94.06326306948361,188200,Toyota
2014-12-24,94.07810974121094,94.5011492879009,94.07810974121094,94.4046629087118,80000,Toyota
2014-12-26,95.0726089477539,95.21361266561051,94.25621203021456,94.25621203021456,160100,Toyota
2014-12-29,94.53083038330078,94.70152745984977,94.15231955347026,94.31559895701855,203600,Toyota
2014-12-30,93.44725036621094,93.56599541340216,93.01678753765859,93.48435571618204,169100,Toyota
2014-12-31,93.12812042236328,93.66990499523014,93.06874506408187,93.21717779743958,151100,Toyota
2015-01-02,93.26913452148438,93.98904520548183,92.69023890492653,93.68475638805742,250000,Toyota
2015-01-05,91.56211853027344,92.48241381155808,91.3246227911566,92.35624543879022,240600,Toyota
2015-01-06,90.61956024169922,91.8218856988672,89.9590249893387,91.58438994141562,285600,Toyota
2015-01-07,92.89803314208984,93.55856836622883,92.81639344810905,93.15779323096271,385700,Toyota
2015-01-08,94.68667602539062,94.7757333903592,93.84801475630188,93.84801475630188,498800,Toyota
2015-01-09,93.57341003417969,94.82768172836884,93.4991936788035,94.82768172836884,150300,Toyota
2015-01-12,93.5437240600586,94.80541911142477,93.024198238291,93.88512383087127,306700,Toyota
2015-01-13,93.81835174560547,94.90192665017906,93.23945044432838,94.29334332946387,252900,Toyota
2015-01-14,93.38044738769531,93.499198091778,92.49725742870235,93.08357628983384,363800,Toyota
2015-01-15,94.09294891357422,95.27300448727993,93.98162152717748,94.90192263653425,310400,Toyota
2015-01-16,95.65151977539062,95.74057715349242,95.03551315257178,95.23590357799286,441600,Toyota
2015-01-20,95.85932159423828,96.32688412333422,95.5624448121943,96.1116583654572,436700,Toyota
2015-01-21,95.48823547363281,95.60698618814598,95.00581494268232,95.26558071509346,606700,Toyota
2015-01-22,96.37884521484375,96.65344633883927,94.96871159317446,95.71830992289031,235500,Toyota
2015-01-23,96.23039245605469,96.63859088292354,96.11164176374932,96.48272918368659,292900,Toyota
2015-01-26,97.8631820678711,98.19715850554718,97.21006453663597,97.21006453663597,350600,Toyota
2015-01-27,97.29914093017578,97.76670345007379,97.13586153443646,97.32140527280468,301000,Toyota
2015-01-28,97.18779754638672,98.27879551782695,97.0022538277702,98.13778047972802,304100,Toyota
2015-01-29,98.07839965820312,98.1006639972196,97.18037445203382,97.58114387901968,411800,Toyota
2015-01-30,95.62923431396484,96.46788419684707,95.51048361959036,96.10422576677328,273900,Toyota
2015-02-02,97.2917251586914,97.32141850269383,96.26753128445962,96.556979102674,280200,Toyota
2015-02-03,97.29914093017578,97.35108728807953,96.05228111950193,96.14876748735455,458000,Toyota
2015-02-04,98.47176361083984,99.62956600655284,98.11552281776157,98.11552281776157,471300,Toyota
2015-02-05,97.77412414550781,97.90771018993857,97.0616312678068,97.2100639809599,448000,Toyota
2015-02-06,96.16361236572266,96.84641195123363,96.01516831804086,96.31204508871359,384900,Toyota
2015-02-09,95.85932159423828,96.29720210747547,95.71088886556194,96.08939402239032,186000,Toyota
2015-02-10,97.11360168457031,97.26945209018272,96.2675226514567,96.2675226514567,229100,Toyota
2015-02-11,97.2397689819336,97.41046605629958,97.03196089365547,97.07648958047342,449200,Toyota
2015-02-12,97.83350372314453,97.95967210101097,97.3733475703892,97.51436261761951,327600,Toyota
2015-02-13,98.33075714111328,98.55340055263635,97.95966968898774,97.95966968898774,301000,Toyota
2015-02-17,98.0264663696289,98.47919353110008,97.9670910161108,97.9670910161108,365400,Toyota
2015-02-18,99.57019805908203,99.71863079018006,99.19168157138691,99.19911056899126,258400,Toyota
2015-02-19,100.40140533447266,100.55726702424352,99.73345254902875,99.8225099005043,218600,Toyota
2015-02-20,101.60374450683594,101.67054885803708,100.83188755399368,100.8912629080109,239800,Toyota
2015-02-23,101.66311645507812,101.82639584198283,101.24008264332718,101.60374110305001,199800,Toyota
2015-02-24,102.6724853515625,102.93966880082758,101.85609965775207,102.12328310701714,335000,Toyota
2015-02-25,101.58148193359375,101.7818723413051,101.2252411279777,101.52953557585586,236800,Toyota
2015-02-26,101.529541015625,102.0193792275236,101.40337262614051,101.5889163738574,258000,Toyota
2015-02-27,100.46822357177734,100.78736470250315,100.45338822593258,100.45338822593258,219900,Toyota
2015-03-02,100.83930969238281,100.93579606252027,100.37916483423432,100.37916483423432,254500,Toyota
2015-03-03,100.490478515625,100.81703728872776,100.24557076048836,100.46821417424894,208000,Toyota
2015-03-04,100.57955932617188,100.63150568741234,99.74831562409834,100.49049062524398,205500,Toyota
2015-03-05,100.11939239501953,100.50532652516897,99.93384866461757,100.1639324030561,232900,Toyota
2015-03-06,100.11198425292969,100.92095227656681,99.97096919244967,100.43112538844103,184700,Toyota
2015-03-09,100.48307037353516,100.67603179199223,100.14909389652844,100.56471007455382,174100,Toyota
2015-03-10,99.22137451171875,99.73347705792654,99.1545814816981,99.56276865939633,220900,Toyota
2015-03-11,99.45144653320312,99.78542300662262,99.32527814656426,99.59987926309053,222700,Toyota
2015-03-12,102.0713119506836,102.17521598253516,101.06195364497253,101.06195364497253,313200,Toyota
2015-03-13,101.06195068359375,101.21781238914902,100.5350128677479,100.83187828585628,393200,Toyota
2015-03-16,102.06389617919922,102.52404099672601,101.79671276022133,101.94514547638897,271000,Toyota
2015-03-17,101.64830780029297,101.95259098788304,101.38112430835756,101.74478286356587,816400,Toyota
2015-03-18,103.96387481689453,104.09746088034596,102.78381929097337,103.23654649160052,457900,Toyota
2015-03-19,103.97872161865234,104.34238011941139,103.64473381021982,104.00840363567058,310600,Toyota
2015-03-20,106.19780731201172,106.50210174922096,105.78219116591647,105.86383086066309,406900,Toyota
2015-03-23,107.8528823852539,108.20912323399124,107.57826991931528,107.86030005877404,480700,Toyota
2015-03-24,107.25911712646484,107.78605495090224,107.17004843982826,107.78605495090224,303700,Toyota
2015-03-25,106.73217010498047,107.80090376840423,106.70990576404999,107.80090376840423,328600,Toyota
2015-03-26,106.21265411376953,106.6208525880112,105.91578867324321,106.1310144189212,324400,Toyota
2015-03-27,107.1927490234375,107.27555287402201,106.68087902795294,107.14758537515087,238100,Toyota
2015-03-30,107.30565643310547,107.59923159703965,106.42493094130296,106.6432257098999,484100,Toyota
2015-03-31,105.3033218383789,106.09372007823131,105.16783090443765,106.04855643358424,555100,Toyota
2015-04-01,104.241943359375,104.37744579654027,103.70749151557577,104.12903423355195,358900,Toyota
2015-04-02,105.40118408203125,106.063603347292,105.10760890558555,105.25815821650045,249000,Toyota
2015-04-06,105.86788940429688,106.29696699688729,105.38612472215691,105.38612472215691,157800,Toyota
2015-04-07,105.17536163330078,105.8678977002591,105.12266305344566,105.46141338410983,260800,Toyota
2015-04-08,105.34097290039062,105.66465337785671,105.03986276139939,105.28075087259238,142100,Toyota
2015-04-09,105.31840515136719,105.47647794505859,104.6333924155608,104.70867283191406,276700,Toyota
2015-04-10,105.12265014648438,105.2506291143687,104.3774270773464,104.41506727459617,320300,Toyota
2015-04-13,103.54939270019531,103.88060807096336,103.27839935012837,103.63219654288733,320200,Toyota
2015-04-14,104.37744140625,104.61831802660004,103.97848053021939,104.40002323046478,171600,Toyota
2015-04-15,104.69359588623047,104.91942560906524,104.3924857603918,104.80650500455944,177600,Toyota
2015-04-16,104.61832427978516,105.00976173319998,104.47529839375794,104.7688736122746,186500,Toyota
2015-04-17,104.20429992675781,104.6559593884112,103.88061945197542,104.62585411785037,253900,Toyota
2015-04-20,104.43010711669922,104.88928992533546,104.36236165792701,104.43764204734597,151600,Toyota
2015-04-21,106.38727569580078,106.8163417272424,106.34963550345614,106.41738095797207,365800,Toyota
2015-04-22,106.63569641113281,106.80882752749373,106.2668408721095,106.49267055954877,163600,Toyota
2015-04-23,106.16146850585938,106.3496580212546,105.85283494392885,106.25933072944136,393000,Toyota
2015-04-24,106.29698181152344,106.49269479254635,106.12383916958791,106.3346105295134,277500,Toyota
2015-04-27,105.88294219970703,106.32706665951423,105.80013836091456,106.10877189515702,273000,Toyota
2015-04-28,106.93681335449219,107.52396375088719,106.59055106235002,107.0271406504985,421900,Toyota
2015-04-29,105.98081970214844,107.2454594244476,105.43884437679549,106.3873155538861,282900,Toyota
2015-04-30,104.64842987060547,105.62701765662527,104.41507670722204,105.38612956140587,246800,Toyota
2015-05-01,105.35601806640625,105.35601806640625,104.42259398185816,104.4451758036784,247100,Toyota
2015-05-04,105.43130493164062,105.70982177230452,105.06998423480935,105.22805701447022,172000,Toyota
2015-05-05,103.5418701171875,105.23557569766655,103.46658971914022,104.97964072218753,266100,Toyota
2015-05-06,103.24829864501953,103.87308921545258,102.75147556691473,103.3687426917437,322500,Toyota
2015-05-07,103.82037353515625,103.92575918713538,103.00739358295671,103.02245195786075,208500,Toyota
2015-05-08,106.98197937011719,107.14758707391182,104.91189455886149,105.00975678915212,319400,Toyota
2015-05-11,103.46658325195312,104.15159577836792,103.44400143118563,103.79027515991274,756700,Toyota
2015-05-12,103.62466430664062,103.9182394537931,103.12784129263643,103.51174372008967,579400,Toyota
2015-05-13,102.84180450439453,103.83545067650302,102.76653558861996,103.39132616904999,359700,Toyota
2015-05-14,103.84297180175781,103.873088556336,103.09774867550584,103.67736411010706,150400,Toyota
2015-05-15,104.91190338134766,104.9269617610073,104.36991657538312,104.36991657538312,177700,Toyota
2015-05-18,104.95704650878906,105.00222163893353,104.74627517948545,104.92694124153539,141300,Toyota
2015-05-19,105.03233337402344,105.56679666163981,104.84414385511546,105.27322147159045,223700,Toyota
2015-05-20,104.640869140625,105.12263372611305,104.46021459992558,104.78389497612788,121000,Toyota
2015-05-21,104.96458435058594,105.0473881955494,104.46776128080519,104.46776128080519,141900,Toyota
2015-05-22,104.04621887207031,104.37743425275679,103.81286571372567,103.86555280455688,202800,Toyota
2015-05-26,103.65478515625,104.23441209307073,103.2332424698992,104.23441209307073,293200,Toyota
2015-05-27,104.46022033691406,104.63335144331734,104.11394663793311,104.42258014347655,247000,Toyota
2015-05-28,105.19042205810547,105.35602976061978,104.49788597767161,104.52046780199836,220000,Toyota
2015-05-29,103.79779815673828,104.43764703885623,103.51174644668433,104.43764703885623,310600,Toyota
2015-06-01,103.30851745605469,103.86555105402441,102.9848255263206,103.73006012030511,280100,Toyota
2015-06-02,102.80416107177734,103.24075058482549,102.7288806806035,102.93212854783283,275900,Toyota
2015-06-03,103.45906066894531,103.79027602452813,103.1278453133625,103.51174775578323,240300,Toyota
2015-06-04,103.01493072509766,103.52680062107846,102.84932305612155,103.07514125365728,231000,Toyota
2015-06-05,102.00623321533203,102.3675653281072,101.81804371391081,102.3675653281072,167200,Toyota
2015-06-08,100.22972106933594,100.79428955786658,99.83076025633498,100.55341297557133,304900,Toyota
2015-06-09,99.58988189697266,99.92109724212186,99.30383019231196,99.74043119399272,236300,Toyota
2015-06-10,101.05025482177734,101.31371327378633,100.6663408269241,100.74914468011035,166200,Toyota
2015-06-11,101.7578353881836,102.00624694182824,101.54706403712339,101.80301052299122,152600,Toyota
2015-06-12,101.9911880493164,102.27722828571244,101.69007795024714,101.96107129632158,191400,Toyota
2015-06-15,102.00623321533203,102.24712129051548,101.75029825008133,101.77288007135782,292700,Toyota
2015-06-16,102.42025756835938,102.50306141259752,102.00623834716868,102.14926421323239,179200,Toyota
2015-06-17,101.52449035644531,101.69009807215905,100.68140488457762,101.10294762051146,344900,Toyota
2015-06-18,101.23088836669922,101.50941662558533,100.49318877385164,100.49318877385164,246300,Toyota
2015-06-19,100.88465118408203,101.33629918553133,100.82442915331988,101.23091350324204,179800,Toyota
2015-06-22,101.98365783691406,102.63856515383335,101.74278123268876,101.74278123268876,263100,Toyota
2015-06-23,103.20311737060547,103.31602646626273,102.96975276262293,103.0901967887737,270500,Toyota
2015-06-24,101.92343139648438,102.38261424850513,101.87074430785293,102.38261424850513,149000,Toyota
2015-06-25,101.52449035644531,102.00625512410944,101.50944346314631,101.88582254682697,180800,Toyota
2015-06-26,101.96863555908203,102.28479263941594,101.73527085785973,101.87829676028727,138900,Toyota
2015-06-29,99.70280456542969,100.9674441020715,99.66516436450894,100.94486227875439,191100,Toyota
2015-06-30,100.681396484375,101.23090668457134,100.53084716069921,101.03519371241052,216300,Toyota
2015-07-01,100.56847381591797,100.74912838552268,100.22220008054961,100.65880110072032,157100,Toyota
2015-07-02,99.92862701416016,100.0641179442048,99.68773893473526,99.90604519248605,276800,Toyota
2015-07-06,99.91357421875,100.1921025119154,99.46192627386334,99.55225356560537,132000,Toyota
2015-07-07,99.6501235961914,99.77055616589058,98.42312418507603,99.55978481119533,288600,Toyota
2015-07-08,96.43583679199219,97.96393475495792,96.3078692984535,97.9413529317556,717300,Toyota
2015-07-09,97.12837219238281,98.25750928970061,97.05309179142435,97.97899248127204,186900,Toyota
2015-07-10,99.00274658203125,99.2662050201462,97.79832905123567,98.28009376631853,401900,Toyota
2015-07-13,100.44803619384766,100.58352712970432,100.13187919067244,100.13187919067244,214900,Toyota
2015-07-14,100.4555435180664,100.64373300067281,100.06410617811622,100.21466695314093,195300,Toyota
2015-07-15,100.86204528808594,101.3362750021262,100.7114845040222,100.9222673044764,294100,Toyota
2015-07-16,102.20196533203125,102.66867165506905,102.11916148573327,102.55576254019748,441200,Toyota
2015-07-17,101.8933334350586,101.99119566033097,101.39651034915113,101.39651034915113,186100,Toyota
2015-07-20,102.02882385253906,102.45790146621873,101.93097311394453,102.21701337022103,353700,Toyota
2015-07-21,101.29112243652344,101.64491964264204,100.98248887609208,101.55459235126756,200500,Toyota
2015-07-22,100.86204528808594,101.19324914897075,100.71901943493049,100.71901943493049,196400,Toyota
2015-07-23,100.30502319335938,100.80936977403906,100.17705568657597,100.63623861617656,196100,Toyota
2015-07-24,99.77809143066406,100.7867845580916,99.6049602786256,100.58353664889496,130200,Toyota
2015-07-27,99.20597839355469,99.26620041591889,98.76938883222272,98.9876836128887,187700,Toyota
2015-07-28,99.2436294555664,99.30385148452194,98.13707408163576,98.67153740975516,383500,Toyota
2015-07-29,99.79314422607422,99.99638063772291,99.06296796923539,99.14577181752155,212500,Toyota
2015-07-30,99.56731414794922,99.68774671088018,98.7994976926086,99.36406625085208,270100,Toyota
2015-07-31,100.46310424804688,100.65129377898148,100.15447066063155,100.50073296529186,226200,Toyota
2015-08-03,100.25231170654297,100.41039595115119,99.36406271983633,99.695278100024,315100,Toyota
2015-08-04,97.74563598632812,98.90487831279923,96.63908074979037,98.88981993588565,515200,Toyota
2015-08-05,96.58638000488281,97.0907265014898,96.48099434120637,96.84984990716187,476500,Toyota
2015-08-06,96.9627685546875,97.44453327691254,96.84232450258699,97.0756891608481,278800,Toyota
2015-08-07,97.82091522216797,97.85855542533625,97.49723474451082,97.75316974817144,163900,Toyota
2015-08-10,98.67906188964844,98.93499690075703,97.91125685632268,98.23493734339924,300900,Toyota
2015-08-11,97.11331176757812,97.5950764594966,96.87243516470704,97.5950764594966,236100,Toyota
2015-08-12,95.91643524169922,96.11968314380752,94.8701019474039,95.81857875670279,768000,Toyota
2015-08-13,96.19495391845703,96.46594153850582,95.49488868753438,95.71318921578857,188700,Toyota
2015-08-14,96.49604797363281,96.53368817013298,96.03686514315167,96.19494363089454,130600,Toyota
2015-08-17,96.25517272949219,96.34550001879764,95.67554582203789,95.97665018692823,155700,Toyota
2015-08-18,96.25517272949219,96.4057277834814,95.9314865422755,96.05945403085026,185400,Toyota
2015-08-19,94.87763977050781,95.60781610918067,94.59911718204927,95.14110397954208,286500,Toyota
2015-08-20,92.21284484863281,93.74847168875192,92.17520465554136,93.74847168875192,536700,Toyota
2015-08-21,89.61585235595703,92.18275444053165,89.51046668345768,91.91176107036522,504600,Toyota
2015-08-24,85.4531021118164,87.35758504327059,82.10333066308164,82.97653286815206,1009000,Toyota
2015-08-25,85.34017181396484,88.60713859684014,85.34017181396484,88.60713859684014,576800,Toyota
2015-08-26,88.70500946044922,88.78781330876157,86.61234291529358,87.92214611054982,395600,Toyota
2015-08-27,90.00727081298828,90.24062394737757,89.0663233445314,89.32978748708182,399600,Toyota
2015-08-28,90.91059875488281,91.54291858385547,90.5793890759818,91.09878829136092,285800,Toyota
2015-08-31,89.11149597167969,89.77392673185223,88.96847584735093,89.67606450968775,243000,Toyota
2015-09-01,86.07035064697266,87.26723890460293,85.87463769361969,87.00377474194471,426000,Toyota
2015-09-02,88.53941345214844,88.59210629160467,87.47802173055904,88.26089087611484,266100,Toyota
2015-09-03,90.03738403320312,90.66217454594948,89.83413615889397,90.47398504763463,352100,Toyota
2015-09-04,87.69631958007812,87.99742397188923,87.19949647212648,87.8318162692387,262200,Toyota
2015-09-08,91.2643814086914,91.33965606262805,90.42881954089235,90.4815123729568,398400,Toyota
2015-09-09,90.79766845703125,92.89786388361479,90.66217179263595,92.78494903943745,1331300,Toyota
2015-09-10,88.78028869628906,89.54809940144544,88.37379864893981,89.54809940144544,2073300,Toyota
2015-09-11,88.14794921875,88.14794921875,87.2371128460544,87.68876643885818,531200,Toyota
2015-09-14,87.58340454101562,88.11786210744998,87.31994035236329,87.86945629705696,351200,Toyota
2015-09-15,90.30085754394531,90.42882503772508,89.34485732035351,89.62337413115789,442200,Toyota
2015-09-16,91.83647155761719,92.08488306394192,91.49020358353766,91.69344570674767,439600,Toyota
2015-09-17,91.2643814086914,92.45374046738945,90.98586461481703,91.10630291249807,243300,Toyota
2015-09-18,89.44271087646484,90.41376944584904,89.3599070318833,89.85673009937257,250300,Toyota
2015-09-21,89.90189361572266,90.34601810594432,89.34485427004338,90.02233191661283,173800,Toyota
2015-09-22,88.50929260253906,88.73511657093401,87.32746269769896,88.58456725867072,372700,Toyota
2015-09-23,88.45660400390625,88.6297351469891,87.7791205801098,88.30604894134682,231300,Toyota
2015-09-24,88.48672485351562,88.62974499998617,87.31994739709468,88.46413728430433,535800,Toyota
2015-09-25,89.2093734741211,90.32345236381991,88.94590925987401,89.78899474546466,292400,Toyota
2015-09-28,87.94084930419922,89.73446898384081,87.56686190756142,89.72683492425355,311700,Toyota
2015-09-29,87.20050811767578,87.37605656050624,86.36857608694957,86.994435080779,345800,Toyota
2015-09-30,89.51313018798828,89.6047214361936,88.61250329475445,88.71935683945325,235100,Toyota
2015-10-01,90.3221664428711,90.72669009119815,89.47497213934788,90.43665404813039,278000,Toyota
2015-10-02,92.14632415771484,92.21501322831612,90.50535064628785,91.06251474032578,557000,Toyota
2015-10-05,93.3598861694336,93.81020258018148,92.93247194072276,92.95536829967767,338300,Toyota
2015-10-06,92.29132843017578,92.55083403956584,91.87154833648522,92.29132843017578,350100,Toyota
2015-10-07,93.65756225585938,94.0239215144401,93.26067839688955,93.52781232341567,240700,Toyota
2015-10-08,94.24524688720703,94.42078951383189,93.19960189548681,93.71097330081226,254200,Toyota
2015-10-09,93.57359313964844,95.0924451198338,93.36752008628947,94.62687223460931,398800,Toyota
2015-10-12,93.96284484863281,94.21471643256122,93.5659552333974,93.6880769067258,314500,Toyota
2015-10-13,92.40581512451172,93.07746676170005,92.24553481869681,92.72637573614153,341400,Toyota
2015-10-14,91.62732696533203,92.58900897880608,91.51283934760929,92.35240550577261,187400,Toyota
2015-10-15,93.45146179199219,93.53541897616722,92.54320088487017,92.9171882724164,263300,Toyota
2015-10-16,94.61160278320312,94.75662081843171,94.04680458649072,94.36736525302354,265200,Toyota
2015-10-19,94.29866027832031,94.3139225737849,93.74149041302556,94.1460082082692,164700,Toyota
2015-10-20,93.27591705322266,93.80255653422489,93.2377584008674,93.63464215923395,244100,Toyota
2015-10-21,94.41315460205078,95.29088519650527,94.33683146842036,94.67266024409244,162900,Toyota
2015-10-22,95.5809097290039,95.84804357603343,94.98557538309095,95.1992882837957,271200,Toyota
2015-10-23,95.97016906738281,96.1380834518636,95.40537090210523,95.7106692536083,215200,Toyota
2015-10-26,95.65724182128906,96.04649153927515,95.40537024629923,95.9091133962789,218500,Toyota
2015-10-27,95.27562713623047,95.55802332553031,95.03901784144696,95.3214198538289,206000,Toyota
2015-10-28,96.4433822631836,96.51207133548138,95.35194458193655,95.65724293489522,193100,Toyota
2015-10-29,94.06206512451172,94.19182085927457,93.46673651978094,94.1307600221017,267800,Toyota
2015-10-30,93.58885955810547,94.30630402455623,93.5659573765204,94.04680419741238,196600,Toyota
2015-11-02,94.10785675048828,94.26813706898098,93.77202799379033,94.01626550145753,573400,Toyota
2015-11-03,94.1765365600586,94.27575603610838,93.77201877367285,94.1460061467169,569600,Toyota
2015-11-04,94.30628204345703,94.55815357444781,93.93229468788567,94.24522704270707,302200,Toyota
2015-11-05,95.29850769042969,95.55037924161414,95.10006290861031,95.13822738233443,319600,Toyota
2015-11-06,93.81781768798828,94.0238965359061,93.3369767479822,94.00862841668484,277500,Toyota
2015-11-09,93.2835464477539,93.87124090774981,92.89429094547651,93.81781413865927,189000,Toyota
2015-11-10,94.32919311523438,94.43605248515203,93.93994340450931,94.03152883146505,202700,Toyota
2015-11-11,94.054443359375,94.67266836481724,94.054443359375,94.67266836481724,146800,Toyota
2015-11-12,92.90957641601562,93.794935301021,92.74166201806231,93.794935301021,282000,Toyota
2015-11-13,92.55845642089844,93.48961361514043,92.50502965515082,93.22247978640233,289500,Toyota
2015-11-16,93.14617156982422,93.1843302239886,92.3447641323106,92.35239819237614,183900,Toyota
2015-11-17,93.99337768554688,94.3978955484627,93.53543304494559,93.7186097365697,225000,Toyota
2015-11-18,95.3366928100586,95.36721740795086,94.16892604433652,94.34447450917025,217500,Toyota
2015-11-19,94.55816650390625,95.00084880258758,94.45894701892517,94.53527014760918,213000,Toyota
2015-11-20,94.39025115966797,94.74897626619635,94.14601365653311,94.66501907857986,158700,Toyota
2015-11-23,93.97046661376953,94.55816107629256,93.61937558351042,94.3368199396568,175700,Toyota
2015-11-24,94.65737915039062,94.7871348651689,94.0620506373506,94.49709884480916,242600,Toyota
2015-11-25,94.53527069091797,94.65738653289792,94.34445995657057,94.65738653289792,110500,Toyota
2015-11-27,94.9245376586914,95.20693385278462,94.84058045961446,95.00849485776837,63900,Toyota
2015-11-30,94.96267700195312,95.28323761154908,94.79476263795114,95.2527130208951,189700,Toyota
2015-12-01,96.10755157470703,96.45864263552454,95.82515540789818,95.97780166979045,201100,Toyota
2015-12-02,95.97016906738281,96.97002131413244,95.76409602839021,96.78683880938156,252600,Toyota
2015-12-03,95.1916732788086,96.66473258509568,95.04665523721545,96.64946446330572,601400,Toyota
2015-12-04,96.09228515625,96.09228515625,95.08480473096074,95.08480473096074,279900,Toyota
2015-12-07,95.51985168457031,95.86330866603679,95.03137668631157,95.7793514797972,161000,Toyota
2015-12-08,93.51254272460938,93.95522512334352,93.08512844891172,93.95522512334352,516000,Toyota
2015-12-09,94.56581115722656,95.19930426012435,93.91705575611482,94.71845743169446,340900,Toyota
2015-12-10,95.3214111328125,95.71066666603228,95.10006997953386,95.40536832278306,255600,Toyota
2015-12-11,94.39025115966797,94.81003709775041,93.81019072914857,94.67265313829446,463000,Toyota
2015-12-14,93.49725341796875,94.55052650302116,92.86376042584224,94.3291853675885,414400,Toyota
2015-12-15,93.24539184570312,93.85598854830565,93.20723319121653,93.55069019700439,245200,Toyota
2015-12-16,96.67236328125,96.84790591414858,95.29088946145652,95.45116979617866,493100,Toyota
2015-12-17,95.25271606445312,96.64944614320191,95.18402117558415,96.43573906330947,352800,Toyota
2015-12-18,94.9397964477539,95.40537514430467,94.60396766385972,95.27562523164809,359000,Toyota
2015-12-21,95.13823699951172,95.70303516461901,94.37499403252498,95.21456013159404,274100,Toyota
2015-12-22,95.8480453491211,96.16860597148654,95.25271681527632,95.77172222328377,332800,Toyota
2015-12-23,97.04633331298828,97.1455527910345,96.34415126124341,96.6723459324191,298400,Toyota
2015-12-24,95.99305725097656,96.2525628657361,95.71066110392444,95.71066110392444,102300,Toyota
2015-12-28,95.0008544921875,95.29088472778926,94.81767780775913,94.97032407426914,283800,Toyota
2015-12-29,95.2221908569336,95.4664283648926,94.71081366141942,94.71081366141942,160400,Toyota
2015-12-30,94.04679870605469,94.97032199127268,93.96284151439107,94.94742563410655,334100,Toyota
2015-12-31,93.90941619873047,94.89400033374012,93.61175190478357,94.14601965723139,221000,Toyota
2016-01-04,92.7034912109375,93.31408792126496,91.71890707265244,92.74928392613344,413500,Toyota
2016-01-05,92.4592514038086,92.76454975141867,91.71127656639965,92.76454975141867,306400,Toyota
2016-01-06,90.35269927978516,90.67326574771579,89.87949237255522,90.4977173052042,277600,Toyota
2016-01-07,88.20799255371094,89.02466232409041,88.12403535855289,88.59724811098174,407500,Toyota
2016-01-08,86.292236328125,89.05517759171937,86.18538279302673,88.78040969487215,635800,Toyota
2016-01-11,87.6279296875,87.68135646623566,86.59755277012273,87.20814951831483,511500,Toyota
2016-01-12,88.40641784667969,89.08570349530906,87.36840713848815,89.03227673046452,341200,Toyota
2016-01-13,87.76529693603516,89.57418465372533,87.42183997006865,89.45206299813125,345800,Toyota
2016-01-14,88.75750732421875,89.01700708527262,87.16996087739803,88.05532533457593,354100,Toyota
2016-01-15,85.9411392211914,87.13943019968664,85.3992375249884,87.05547302475992,637000,Toyota
2016-01-19,87.78820037841797,88.6125041509864,86.9104756560654,88.54381508147978,485500,Toyota
2016-01-20,85.10921478271484,85.81139683150373,83.14768082317742,85.71217735387519,1000200,Toyota
2016-01-21,84.79627990722656,85.52136411231045,83.55219615162655,84.23148182577954,285300,Toyota
2016-01-22,88.4980239868164,88.56671888518079,87.635561488584,87.85690265851947,595500,Toyota
2016-01-25,86.55937957763672,87.4600006042094,86.40672750468113,87.29209205858001,248600,Toyota
2016-01-26,87.2768325805664,87.2997289380063,86.38383970192007,86.47543095476139,267500,Toyota
2016-01-27,88.0171890258789,89.36812667347013,87.62030519873082,88.53619453712327,320900,Toyota
2016-01-28,88.62776947021484,89.05518363963442,87.71950853711691,89.05518363963442,313700,Toyota
2016-01-29,91.61204528808594,91.61204528808594,90.07029717654385,90.63509529783178,746000,Toyota
2016-02-01,91.89447021484375,92.17686643448762,90.94805040326138,91.58917181085768,416700,Toyota
2016-02-02,90.82591247558594,91.70364304647894,90.44429099459607,91.70364304647894,353400,Toyota
2016-02-03,87.76529693603516,89.10860603216474,86.54410949549964,88.90253301720105,622600,Toyota
2016-02-04,87.23104095458984,87.76530871179577,86.04038376819845,87.76530871179577,560900,Toyota
2016-02-05,84.25438690185547,85.88009225271713,83.19347969090965,85.66638516318581,851100,Toyota
2016-02-08,83.2927017211914,83.81170716437676,82.40734291992327,83.75828039036128,687700,Toyota
2016-02-09,81.54489135742188,82.10206139179215,80.58320922813817,80.89613587631,498800,Toyota
2016-02-10,81.4914321899414,83.55219126897902,81.39221272103757,82.90343604566515,414100,Toyota
2016-02-11,80.2015609741211,80.73582864587472,79.50700717776049,80.36184127564718,545900,Toyota
2016-02-12,80.33895874023438,80.4229159349625,78.2629368761968,78.74377786348181,668300,Toyota
2016-02-16,82.59052276611328,82.8805530043076,82.01045646664278,82.46840691643004,476700,Toyota
2016-02-17,82.5294418334961,82.77367929647167,82.12492408135657,82.19361896132993,696500,Toyota
2016-02-18,82.01045989990234,83.15532442613504,81.83491726680597,82.87292823643685,224700,Toyota
2016-02-19,80.37711334228516,80.78926523477884,79.98786362972024,80.65951533059054,723200,Toyota
2016-02-22,81.43038940429688,81.59066971952647,80.94954263552673,80.95717669522757,297400,Toyota
2016-02-23,80.61370086669922,81.41510225553355,80.54500599161054,81.32351685285535,161700,Toyota
2016-02-24,79.82756805419922,80.30841478350514,78.49952710623427,80.19392718971416,628600,Toyota
2016-02-25,80.57556915283203,80.59083145178893,79.72836889520569,79.82758839613149,849000,Toyota
2016-02-26,80.24735260009766,80.9648027408469,79.85809711702296,80.14049906718786,492600,Toyota
2016-02-29,79.45358276367188,80.35420959635861,79.45358276367188,80.21682564482738,423600,Toyota
2016-03-01,81.21668243408203,81.39985910559612,80.05654992730283,80.36948232159241,344700,Toyota
2016-03-02,81.65936279296875,81.89597207064975,81.3006376694913,81.55250924424121,275700,Toyota
2016-03-03,82.86528015136719,82.86528015136719,82.15546403231158,82.19362850595975,289300,Toyota
2016-03-04,83.61326599121094,84.1780641335447,83.19348004706198,83.6208942279544,204700,Toyota
2016-03-07,82.36154174804688,82.85001672404915,81.72041470261824,81.84253635815934,745300,Toyota
2016-03-08,80.76636505126953,81.43801672031738,80.61371879746636,81.30063276266198,459500,Toyota
2016-03-09,81.09455871582031,81.59830182856935,80.75110173755051,81.56013735405881,201900,Toyota
2016-03-10,81.72806549072266,83.17822842016024,81.0258832968753,83.01031402096147,644900,Toyota
2016-03-11,83.39192199707031,83.4071842931182,82.84238617004546,82.9339774155767,216700,Toyota
2016-03-14,83.15533447265625,83.56748645066456,83.04848090314478,83.38430973479959,251500,Toyota
2016-03-15,81.83489990234375,81.98754614421875,81.24719964265516,81.9799179082816,404400,Toyota
2016-03-16,82.07914733886719,82.25468995600755,80.98007563019803,81.26247761730929,343000,Toyota
2016-03-17,82.37681579589844,82.79660176785922,81.2395853760618,81.58304239087924,354700,Toyota
2016-03-18,81.36170196533203,81.61357355079743,80.75111106420972,81.11746444026673,615500,Toyota
2016-03-21,81.77384185791016,81.99518299231447,81.2166778153416,81.2166778153416,442100,Toyota
2016-03-22,82.88818359375,83.43771945201786,82.24706230782523,82.51419617696055,318600,Toyota
2016-03-23,82.50655364990234,83.1858393430283,82.50655364990234,82.79658966926917,291100,Toyota
2016-03-24,81.14800262451172,81.2014294062613,80.71295430938443,81.2014294062613,399800,Toyota
2016-03-28,82.95687866210938,83.26217118571684,82.49892823053491,82.8118606372387,450500,Toyota
2016-03-29,84.25946044921875,84.31389641230653,83.47402218203074,83.98728063377983,345900,Toyota
2016-03-30,83.67622375488281,84.06505379643252,83.55957355580279,83.9872889747377,323500,Toyota
2016-03-31,82.68081665039062,83.02298897251306,82.52528701292154,82.75080914040447,384500,Toyota
2016-04-01,80.51890563964844,80.89995732409527,80.10674684766474,80.46446968472746,531800,Toyota
2016-04-04,78.83915710449219,79.22021472043451,78.47366194186499,79.05690685634812,993600,Toyota
2016-04-05,76.78612518310547,77.42380596677079,76.29620165654526,76.3895229662548,1156400,Toyota
2016-04-06,77.38494110107422,77.47048416780518,76.50618158521512,76.91056807032048,492300,Toyota
2016-04-07,76.42063903808594,77.18274838330508,76.05514385320193,77.15164127400281,547600,Toyota
2016-04-08,78.27925872802734,78.62142509476095,78.07706546604274,78.31035990703269,517100,Toyota
2016-04-11,76.54505920410156,77.05831161944239,76.4439655595989,76.62282400241699,990300,Toyota
2016-04-12,78.99468994140625,79.29797681192487,78.55919638565413,78.72251017723235,523400,Toyota
2016-04-13,81.07881164550781,81.11769107529753,80.48001028262733,80.68998174917054,628900,Toyota
2016-04-14,81.62319946289062,81.95759352714951,81.49099867617966,81.65430657736533,406500,Toyota
2016-04-15,80.62777709960938,81.27323622798097,80.48001982290228,81.27323622798097,399300,Toyota
2016-04-18,80.3789291381836,80.51890815994383,79.32131118112268,79.32131118112268,303000,Toyota
2016-04-19,81.42098236083984,81.94979128602495,81.226567402067,81.73204748149115,252000,Toyota
2016-04-20,81.53764343261719,81.910922813959,81.00106210909858,81.4365497764353,261300,Toyota
2016-04-21,81.9964828491211,82.32309866720895,81.84872553152508,82.07424767251214,310500,Toyota
2016-04-22,83.55956268310547,83.65288401684172,82.95298884650687,83.17851095323003,473700,Toyota
2016-04-25,83.4740219116211,83.91729380928209,82.97631998412363,83.61400094954693,307000,Toyota
2016-04-26,83.4584732055664,83.54401628251132,83.02298549244696,83.48180205690136,252500,Toyota
2016-04-27,82.71968841552734,82.92965398487024,82.05090040491756,82.23753712578618,271100,Toyota
2016-04-28,80.06786346435547,81.38988886860321,79.95121329146976,80.58112185182294,740300,Toyota
2016-04-29,79.08800506591797,79.91232854864316,78.87026125529866,79.85789259598833,496300,Toyota
2016-05-02,79.68682098388672,79.88901424472802,79.29021272344896,79.72570042396104,336900,Toyota
2016-05-03,78.89358520507812,79.2590862643926,78.23257555441769,79.06467131225286,315000,Toyota
2016-05-04,78.24813842773438,79.07245599316718,78.22480364780083,79.07245599316718,350500,Toyota
2016-05-05,78.75361633300781,78.89359535387814,78.2870215744648,78.74584400573531,377200,Toyota
2016-05-06,79.2901840209961,79.38350532292776,78.69916097490781,78.99467546448835,283100,Toyota
2016-05-09,79.7956771850586,80.59666587626698,79.57793337770957,80.45668686681779,360200,Toyota
2016-05-10,81.51432037353516,81.51432037353516,80.83775404251803,80.99328960123887,483400,Toyota
2016-05-11,76.5528564453125,79.11135869587089,76.22623471848304,78.79251523072375,1241800,Toyota
2016-05-12,78.83915710449219,79.31353010958439,76.55284107420871,76.55284107420871,1043200,Toyota
2016-05-13,77.6026840209961,78.4192233760175,77.52491921571897,77.95262861128036,371600,Toyota
2016-05-16,78.4036865234375,78.63698691321424,77.85932685805892,77.89820630097147,322200,Toyota
2016-05-17,78.2403564453125,78.82360132134868,78.15481338884796,78.5514215658132,305800,Toyota
2016-05-18,78.95581817626953,79.39130587396562,78.17815818291228,78.2325941451243,374300,Toyota
2016-05-19,77.46271514892578,77.66490841560106,77.1672064769197,77.43160803612382,402600,Toyota
2016-05-20,78.2403564453125,78.6058575169203,78.0770485919912,78.25590703145437,340800,Toyota
2016-05-23,77.41605377197266,78.01484934903432,77.34606128822139,78.01484934903432,447900,Toyota
2016-05-24,78.26370239257812,78.62920354405212,77.29940564808238,77.71156450125093,852500,Toyota
2016-05-25,79.803466796875,79.91233871603663,78.88582781174513,79.04913569048757,772000,Toyota
2016-05-26,79.5312728881836,79.9045522391233,79.37574328625189,79.80345859117509,371000,Toyota
2016-05-27,78.22480773925781,79.22021741089716,77.94485562922638,79.16578145435295,417600,Toyota
2016-05-31,80.4178237915039,80.861089756075,79.81124400512901,80.37116015681354,673300,Toyota
2016-06-01,80.35560607910156,81.09438067695854,79.95899783336243,81.06327356620696,540200,Toyota
2016-06-02,80.73664855957031,80.86884931532308,80.26227555779951,80.41003283368438,301000,Toyota
2016-06-03,80.4878158569336,80.93108185186615,79.92012140507066,80.63557316626958,449900,Toyota
2016-06-06,82.07422637939453,82.30752078904241,81.73205412555528,82.13644059519697,559800,Toyota
2016-06-07,82.03533935546875,82.2764179535688,81.97313107399607,82.13643893737569,349500,Toyota
2016-06-08,82.15977478027344,82.27642495921252,81.87981672404946,82.08978229968017,217900,Toyota
2016-06-09,81.26547241210938,81.42878030498765,80.99329259064557,81.26547241210938,283300,Toyota
2016-06-10,80.25450134277344,80.68999493231208,79.90455675212526,80.60445186649596,316700,Toyota
2016-06-13,79.08024597167969,79.86567828668679,78.92471041444449,79.52351192691904,310000,Toyota
2016-06-14,78.60586547851562,78.97136658714321,77.94485573867233,78.67585202285319,375800,Toyota
2016-06-15,79.69458770751953,80.28560494891555,79.53127391039597,79.8190102040493,414900,Toyota
2016-06-16,79.31352996826172,79.41462955042607,78.21703261618573,78.55142660388319,305900,Toyota
2016-06-17,80.2856216430664,80.53447262094471,79.69460427877748,80.30117816653866,395100,Toyota
2016-06-20,82.27643585205078,83.24851091678165,82.14422913411012,82.98410341397567,567900,Toyota
2016-06-21,83.30294036865234,83.72287747574534,83.20961903382894,83.44291940435001,568100,Toyota
2016-06-22,82.8207778930664,83.6373231469319,82.75856367822304,83.21738609635028,881200,Toyota
2016-06-23,85.50370788574219,85.54259325590648,84.86602697333932,85.29374231284864,576900,Toyota
2016-06-24,80.84552001953125,81.7942660178076,80.13785261737243,80.97772077455035,783700,Toyota
2016-06-27,77.96818542480469,78.68363112895841,77.2216326118085,78.68363112895841,691200,Toyota
2016-06-28,77.64935302734375,77.71934551543977,76.51397009231849,76.95723607334256,967700,Toyota
2016-06-29,78.9480209350586,79.17354299088308,78.12370343885934,78.24035359643385,484100,Toyota
2016-06-30,77.75822448730469,77.75822448730469,76.84058541754536,77.65713081963825,1270000,Toyota
2016-07-01,77.48604583740234,77.92931182245857,77.27608023735476,77.43938813363071,515100,Toyota
2016-07-05,77.12831115722656,77.51714111750033,76.91056732876515,77.47825574824321,500700,Toyota
2016-07-06,77.59490966796875,77.6493456277114,76.58395528230903,77.2682939095129,423500,Toyota
2016-07-07,78.22480773925781,78.41922271735487,77.80487660767353,78.13149234693877,423300,Toyota
2016-07-08,79.37574768066406,79.44574015856007,78.60586602225399,78.70695967579897,372800,Toyota
2016-07-11,82.16756439208984,82.33864462068327,81.52987745020597,81.59209167864469,679300,Toyota
2016-07-12,82.85188293457031,83.42734957483698,82.82855408785429,83.0151907946565,456300,Toyota
2016-07-13,83.87838745117188,84.36831099480567,83.41179275251015,84.06502414402188,537200,Toyota
2016-07-14,83.97171783447266,84.30611182569714,83.84728940375,84.29055530531974,296800,Toyota
2016-07-15,84.62495422363281,84.87380516649276,84.40721039026468,84.71827555210822,351300,Toyota
2016-07-18,84.77271270751953,84.90491347492063,84.41498984292414,84.51608350039417,233900,Toyota
2016-07-19,84.42276763916016,84.53163956443387,84.08837360208375,84.51608897499833,220500,Toyota
2016-07-20,84.99823760986328,85.0760024207201,84.54719340058914,84.6871724333613,192500,Toyota
2016-07-21,84.65605163574219,85.13820287802281,84.50829436585039,84.88935196366883,292700,Toyota
2016-07-22,85.29373168945312,85.44926128459002,85.15375268060042,85.24707399752681,205900,Toyota
2016-07-25,85.29373168945312,85.65145450472698,85.24707399752681,85.46481780394797,204600,Toyota
2016-07-26,85.23152923583984,85.36373000325065,84.90491348115155,84.95157117951429,198100,Toyota
2016-07-27,85.9858627319336,86.67797963128272,85.59703274654309,86.6391001925885,384800,Toyota
2016-07-28,86.13362884521484,86.56911657486307,85.464840727212,86.49135175643666,600000,Toyota
2016-07-29,86.7868423461914,87.7122595118364,86.22692627733305,87.42452321726361,756500,Toyota
2016-08-01,86.49910736083984,87.25343242837297,86.3046923991607,87.19122414977173,445100,Toyota
2016-08-02,85.5192642211914,86.16472339283935,84.82714735190729,85.80699460071378,534100,Toyota
2016-08-03,85.59703063964844,85.60480890042571,85.05267104673055,85.38706506325856,358000,Toyota
2016-08-04,87.3389892578125,87.47119596173681,86.5613292884741,87.30788214707,907300,Toyota
2016-08-05,90.17745208740234,90.38742360806012,89.74974265104468,90.0841307523239,602900,Toyota
2016-08-08,91.30504608154297,92.16824305893287,91.21172476338582,91.86495619126441,667900,Toyota
2016-08-09,91.31282806396484,91.37504228264835,90.74513963443263,91.3206063245689,342100,Toyota
2016-08-10,90.94733428955078,91.2583994750124,90.90845484953991,90.99399792386873,191300,Toyota
2016-08-11,91.58500671386719,91.71721341019189,91.08730483674589,91.16507557566902,264700,Toyota
2016-08-12,91.60054779052734,91.90383463535373,91.35169689392433,91.42946168666151,239900,Toyota
2016-08-15,91.43726348876953,91.67833618824729,91.37504926533175,91.37504926533175,120000,Toyota
2016-08-16,91.20396423339844,91.53835827212455,90.83069075435417,90.98622038177677,221500,Toyota
2016-08-17,92.69705963134766,92.7126161521922,92.16825065104555,92.17602891146782,537100,Toyota
2016-08-18,92.49488830566406,92.66597446606724,91.95830097223141,91.95830097223141,775200,Toyota
2016-08-19,93.02367401123047,93.202532455398,92.85258789380146,92.90702384634034,356800,Toyota
2016-08-22,93.7702407836914,93.91021981587885,93.47472619736529,93.56026926887287,332200,Toyota
2016-08-23,93.16364288330078,93.63023755900703,93.16364288330078,93.52913799167065,169900,Toyota
2016-08-24,94.01908111572266,94.69564141730069,93.8868803594458,94.54789007390413,368500,Toyota
2016-08-25,93.54473114013672,94.06576196648435,93.48251691019432,93.91023232470388,354300,Toyota
2016-08-26,92.24601745605469,92.7825987408267,91.74053734549707,91.97383175054932,405500,Toyota
2016-08-29,93.58358764648438,93.66135838138834,93.32696439375313,93.33473672078428,205400,Toyota
2016-08-30,94.28349304199219,94.41569974594547,94.05019861098435,94.27572071411089,169500,Toyota
2016-08-31,93.80911254882812,94.38458515245543,93.3502960510684,94.24460613171827,395300,Toyota
2016-09-01,94.11241912841797,94.87452860811837,93.76247446989692,94.55568513131321,341000,Toyota
2016-09-02,94.93672943115234,94.94450175894599,94.50123581864683,94.50123581864683,339000,Toyota
2016-09-06,93.84021759033203,93.90243180552814,93.3814011026775,93.71579509301394,291900,Toyota
2016-09-07,93.8946533203125,94.71897683699991,93.77800315036792,94.38458284746496,268700,Toyota
2016-09-08,94.10462188720703,94.3068091802128,93.82466386127328,93.92575750777617,163700,Toyota
2016-09-09,92.27713775634766,93.43584948640324,92.26158123394227,93.31919930066243,370600,Toyota
2016-09-12,93.59136199951172,93.7002339041434,92.27712088415105,92.27712088415105,245200,Toyota
2016-09-13,92.393798828125,93.17923722647892,92.04385414027452,92.80595775077255,349800,Toyota
2016-09-14,91.33614349365234,91.64720860829391,91.22727159348884,91.64720860829391,291800,Toyota
2016-09-15,91.89606475830078,92.05160029103544,90.84622512790598,91.00175472756673,224500,Toyota
2016-09-16,89.14315795898438,89.58642389329262,88.94874297142681,89.32980061885333,600200,Toyota
2016-09-19,89.48533630371094,90.2318891945871,89.40757149002957,89.6253153415674,221200,Toyota
2016-09-20,90.56626892089844,90.99398422816616,90.45739701233467,90.86955579947954,195400,Toyota
2016-09-21,92.89147186279297,93.4747167826508,91.77164565115636,93.03145088088182,402200,Toyota
2016-09-22,93.94131469726562,94.22904505208416,93.57581360896471,93.96464354408074,508300,Toyota
2016-09-23,91.49945831298828,91.67831675110767,91.18839319482464,91.46835120786456,402200,Toyota
2016-09-26,91.06396484375,91.23505095552412,90.59737013268567,90.877328145939,317100,Toyota
2016-09-27,92.0127182006836,92.23046202119093,91.60055940714125,92.23046202119093,325900,Toyota
2016-09-28,92.866943359375,92.96168354920765,91.9590421390905,92.64588893971334,188000,Toyota
2016-09-29,91.57219696044922,92.25115330778628,91.39061911365069,91.99851880807586,400300,Toyota
2016-09-30,91.62744140625,92.037976146972,90.79059093034176,90.99585830070278,375900,Toyota
2016-10-03,90.99585723876953,91.31954229663796,90.2695279421101,90.38795165529329,609500,Toyota
2016-10-04,91.05113983154297,91.76956673439037,90.87745248574119,91.232717676131,165600,Toyota
2016-10-05,92.42481994628906,92.51166360078831,91.91955106008263,91.91955106008263,202300,Toyota
2016-10-06,91.9274673461914,92.09325817044275,91.72219993475954,91.75377999984764,133600,Toyota
2016-10-07,91.49325561523438,91.6511499288435,90.96430303903368,91.54851922732577,228900,Toyota
2016-10-10,91.91167449951172,92.23536564989912,91.62745993638966,91.68272354459219,165200,Toyota
2016-10-11,91.04322814941406,91.42218284290556,90.80638071307183,91.42218284290556,224600,Toyota
2016-10-12,90.9090347290039,91.06692903445347,90.5063964198414,90.79061098827592,157700,Toyota
2016-10-13,90.54586029052734,90.94849251985784,90.0721653941466,90.41954004528426,231700,Toyota
2016-10-14,90.86164855957031,91.44587065698546,90.83007452164374,91.04323240569249,156800,Toyota
2016-10-17,91.13008117675781,91.45376628153709,90.8537631548045,90.93271030060814,163900,Toyota
2016-10-18,90.83007049560547,91.20112264596341,90.65638317830401,91.20112264596341,188100,Toyota
2016-10-19,90.70376586914062,91.09061112762998,90.70376586914062,90.89324023731967,112600,Toyota
2016-10-20,91.69061279296875,91.83272006325655,91.28797452327316,91.48534539737948,161400,Toyota
2016-10-21,91.00376892089844,91.0748255746619,90.48271289418688,90.68008378767856,174700,Toyota
2016-10-24,91.1458740234375,91.20113763136109,90.81429237589596,90.89323952674658,141300,Toyota
2016-10-25,90.98796844482422,91.38271017343517,90.98007192373339,91.1300757080554,159900,Toyota
2016-10-26,91.18535614013672,91.34325045141294,90.59324343792804,90.73535072738939,211200,Toyota
2016-10-27,90.67218780517578,91.18535333596526,90.64060773923532,91.09850966044942,216100,Toyota
2016-10-28,90.64059448242188,90.90112547086493,90.32480591576694,90.66427802259291,140500,Toyota
2016-10-31,91.3116683959961,91.41429908699253,91.10640099072188,91.19324466128862,135000,Toyota
2016-11-01,90.57743072509766,91.39059764176244,90.14321245732512,91.39059764176244,307300,Toyota
2016-11-02,89.51164245605469,90.53007695522456,89.31427156916008,90.11165163873305,227400,Toyota
2016-11-03,89.3458480834961,90.14322812138334,89.1642702478061,89.83533003192534,320400,Toyota
2016-11-04,87.28529357910156,87.79056253577193,87.03265910076637,87.2616100378953,321400,Toyota
2016-11-07,88.80110931396484,88.85637291964153,88.01951628946154,88.12215300234772,354400,Toyota
2016-11-08,89.85111999511719,91.10640195910896,88.91163867588965,89.21164025349353,228700,Toyota
2016-11-09,88.27215576171875,89.03795578597948,87.11951047587122,87.11951047587122,567900,Toyota
2016-11-10,87.52214050292969,87.94846231188052,86.7958171350643,87.5774041065003,371900,Toyota
2016-11-11,88.38265991210938,88.46161306688475,87.92476414012445,87.9879182313527,158600,Toyota
2016-11-14,88.24847412109375,88.76163965572981,88.03531620349999,88.28795070963567,226700,Toyota
2016-11-15,88.80900573730469,88.80900573730469,88.27215666493774,88.40637345049073,142000,Toyota
2016-11-16,88.87215423583984,89.11689218480285,88.71425995069227,88.92741783796959,228700,Toyota
2016-11-17,89.40111541748047,89.40111541748047,88.70637206262337,89.21164105220699,201200,Toyota
2016-11-18,90.03269958496094,90.34059766988418,89.93795939603028,90.04848660480882,235500,Toyota
2016-11-21,90.40375518798828,90.53006941297096,90.10374761000264,90.17480425547117,218400,Toyota
2016-11-22,89.82743072509766,89.89848737145932,89.40900543820673,89.77216712160792,153200,Toyota
2016-11-23,90.40375518798828,90.68007320196378,89.50374450059327,89.57479512278084,269400,Toyota
2016-11-25,93.00116729736328,93.27748534322323,92.6932691857934,92.9222141214476,191800,Toyota
2016-11-28,92.88272857666016,93.13536303831322,92.69325423624053,93.13536303831322,174700,Toyota
2016-11-29,93.3958969116211,93.6090547982805,93.11168238055464,93.27747318646325,190800,Toyota
2016-11-30,93.57748413085938,93.79853856092902,93.35642970078972,93.65643128112974,231600,Toyota
2016-12-01,92.97744750976562,93.719563754532,92.76428966460917,92.91429342215463,260300,Toyota
2016-12-02,92.2353515625,92.59851322140435,92.13271486059878,92.3458787620239,190700,Toyota
2016-12-05,92.8116683959961,93.22220314508105,92.60640704473407,92.63798108086634,156900,Toyota
2016-12-06,93.06431579589844,93.09589585970484,92.52746675775214,92.71694714059056,133400,Toyota
2016-12-07,95.89066314697266,96.13540109931549,94.44590692712478,94.44590692712478,304600,Toyota
2016-12-08,96.95645141601562,97.24856243332638,96.74329355487761,97.14593176289404,431000,Toyota
2016-12-09,97.09068298339844,97.22489373212417,96.79857192151206,96.95646621139163,291800,Toyota
2016-12-12,96.20645904541016,96.6722514156212,95.83540083956416,96.15909196322761,247500,Toyota
2016-12-13,97.16173553466797,97.24857920280914,96.4511991695499,96.49067575444359,201900,Toyota
2016-12-14,95.57487487792969,96.67225651038635,95.51172077278501,96.27751474264564,161200,Toyota
2016-12-15,96.30118560791016,96.48276341277341,96.08012520134588,96.25381250914914,211100,Toyota
2016-12-16,95.52749633789062,95.88276147694242,95.29854541726233,95.42486565896648,203800,Toyota
2016-12-19,96.190673828125,96.49857795720429,95.71698489791936,95.78014502815519,171900,Toyota
2016-12-20,96.05645751953125,96.36435560754134,95.72487588987136,95.81171955810817,257800,Toyota
2016-12-21,95.61434173583984,95.8748727216288,95.5274980739102,95.80381607855874,87400,Toyota
2016-12-22,95.25908660888672,95.44856097153294,95.10908280918103,95.2906606499266,104700,Toyota
2016-12-23,95.44856262207031,95.61435344516286,95.35382242746822,95.35382242746822,101900,Toyota
2016-12-27,94.25643157958984,94.70643691931886,93.98011356805114,94.31169518189759,234500,Toyota
2016-12-28,93.49064636230469,94.12223565091412,93.47485934056628,93.91696822862377,105600,Toyota
2016-12-29,92.40115356445312,92.86694595845049,92.19588615904482,92.59852444800076,181700,Toyota
2016-12-30,92.52745819091797,93.0879967424815,92.22745664745528,92.97746351775237,153400,Toyota
2017-01-03,93.59326934814453,93.68800351123424,93.02484027648234,93.29326176961116,204000,Toyota
2017-01-04,95.67750549316406,95.75645263702317,94.84854542444081,94.95117610912958,250600,Toyota
2017-01-05,95.08539581298828,95.83540273771153,94.99065562346571,95.67750844512175,525900,Toyota
2017-01-06,94.84066009521484,94.9196132716722,94.27223697838097,94.6117091347082,171600,Toyota
2017-01-09,94.53275299072266,94.70644032515912,94.31959509509316,94.32749161664422,135800,Toyota
2017-01-10,94.54855346679688,94.7853949224178,93.78275344473123,94.01959490035215,214400,Toyota
2017-01-11,94.66696166992188,94.66696166992188,94.01957947027141,94.01957947027141,192000,Toyota
2017-01-12,94.45381927490234,94.69066676886098,93.44328121080517,94.45381927490234,218700,Toyota
2017-01-13,94.58802032470703,94.6590769749061,94.35906937694769,94.59591684656945,112900,Toyota
2017-01-17,93.48272705078125,93.91693928250014,93.29324670862901,93.83009563150037,190600,Toyota
2017-01-18,93.7827377319336,93.94063200922652,93.56957383197948,93.71957761170418,138500,Toyota
2017-01-19,94.19326782226562,94.69853674481033,93.86958274217324,94.39063868336217,106800,Toyota
2017-01-20,93.88536834716797,94.2564265241673,93.6801069914803,94.04326864763607,122600,Toyota
2017-01-23,93.38800048828125,93.51431471150936,92.96167869123475,93.51431471150936,140500,Toyota
2017-01-24,92.87483978271484,93.09589420214253,92.12483285633071,92.2985201925328,304200,Toyota
2017-01-25,93.99591064453125,94.17749451341746,93.56958879970765,93.64854197426433,233200,Toyota
2017-01-26,93.9327392578125,94.73011316927419,93.9169462164938,94.28800438483758,182400,Toyota
2017-01-27,92.12483215332031,92.4406207367894,91.9748283598757,92.4406207367894,196700,Toyota
2017-01-30,91.63536071777344,92.03799903812485,91.22483189822744,91.86431168333476,159200,Toyota
2017-01-31,91.38272094726562,91.87220291683317,90.84587189213013,91.74588265761001,324600,Toyota
2017-02-01,90.99585723876953,91.69849697416811,90.82216992920489,91.45375302738145,323500,Toyota
2017-02-02,90.41954803466797,90.60113189742928,89.97743918381451,90.55375878963687,248300,Toyota
2017-02-03,90.88534545898438,91.15376696599218,90.54586730270428,90.55375780118243,187500,Toyota
2017-02-06,89.45637512207031,90.3800754119513,89.01426628129391,90.1590149682819,437900,Toyota
2017-02-07,89.24320983886719,89.62215852152457,88.99847189701426,89.6063715027808,344400,Toyota
2017-02-08,89.42479705810547,89.53533029405214,89.10900846379384,89.48006066443814,251400,Toyota
2017-02-09,88.35900115966797,88.41426476954413,87.72741790726634,88.27215748367946,445300,Toyota
2017-02-10,89.12480163574219,89.33006905483772,88.81690351873976,88.85638010739413,376900,Toyota
2017-02-13,90.10374450683594,90.39585555342458,89.91427016424693,90.05637742700888,414100,Toyota
2017-02-14,90.3721694946289,90.38795651303765,89.81163698026924,90.26953279348999,234200,Toyota
2017-02-15,89.69320678710938,89.780050440291,89.46425588538325,89.780050440291,189000,Toyota
2017-02-16,89.48794555664062,89.6932129348922,89.28267817838906,89.36952183752317,196100,Toyota
2017-02-17,89.76426696777344,89.76426696777344,88.69056898060897,88.80899270423227,240400,Toyota
2017-02-21,90.23796081542969,90.4669057156231,89.85900610888751,90.06427349256789,268800,Toyota
2017-02-22,90.31690979003906,90.35638034940332,90.05637880045536,90.16690600392467,187100,Toyota
2017-02-23,90.4669189453125,90.70376642444752,90.30112811923063,90.53797559836565,181600,Toyota
2017-02-24,89.81954193115234,90.02480934318022,89.59848749817536,89.92217864880706,179600,Toyota
2017-02-27,90.19058990478516,90.21427344515456,89.74058456792365,89.77216462950982,180600,Toyota
2017-02-28,89.3300552368164,89.7247969691724,89.20373499128769,89.68532038662447,196000,Toyota
2017-03-01,90.58533477783203,90.77481515391325,90.40375694652221,90.64849490319243,240400,Toyota
2017-03-02,89.51953887939453,89.91428065274869,89.33796103668922,89.67743317942362,252700,Toyota
2017-03-03,89.48004913330078,89.6379494333896,89.26689125728159,89.42478553408984,123800,Toyota
2017-03-06,89.14057159423828,89.32214939914579,89.01425136188506,89.32214939914579,162000,Toyota
2017-03-07,88.935302734375,89.25109728667316,88.81687902435317,88.96688279193282,171600,Toyota
2017-03-08,88.2642593383789,88.88794601440273,88.23267927500231,88.85637197430735,178400,Toyota
2017-03-09,88.57215881347656,88.74584615312568,88.32741482429766,88.50899868573482,150500,Toyota
2017-03-10,88.9432144165039,89.19584889675237,88.73794701902669,89.08531566481761,286900,Toyota
2017-03-13,89.52742004394531,89.85900163109612,89.47215644608684,89.50373650533174,233500,Toyota
2017-03-14,88.49320220947266,88.89584047910608,88.430048107462,88.80110631444957,130600,Toyota
2017-03-15,89.40111541748047,89.60638282677427,88.84847934239886,88.91952997064585,170500,Toyota
2017-03-16,89.40111541748047,89.9695445365824,89.3458518099723,89.77217364929875,109400,Toyota
2017-03-17,88.58793640136719,89.00636166236205,88.4774092012282,88.92741452273144,480500,Toyota
2017-03-20,88.42215728759766,88.89584621126778,88.37479020221508,88.62742469639124,186600,Toyota
2017-03-21,87.94056701660156,89.10110873104692,87.72740912079459,88.96689798097285,383100,Toyota
2017-03-22,87.49845886230469,87.63266961342245,86.93792629297653,87.54582594545656,279300,Toyota
2017-03-23,87.24581146240234,87.70370725273044,87.09580769025608,87.27739152092157,159900,Toyota
2017-03-24,87.91688537597656,88.12215277794493,87.56951069930413,87.71951449573655,161700,Toyota
2017-03-27,88.20899200439453,88.39056983203253,87.4431920639084,87.656349953588,211700,Toyota
2017-03-28,88.74584197998047,88.88794322579531,88.25636004792116,88.34320371366204,205400,Toyota
2017-03-29,88.59075927734375,88.6630753218418,88.47826356553132,88.59879643691792,390400,Toyota
2017-03-30,88.4380874633789,88.63094251759453,88.30148639789373,88.38987676510337,202800,Toyota
2017-03-31,87.2809829711914,87.53007973926881,87.11223940598836,87.53007973926881,310000,Toyota
2017-04-03,87.20061492919922,87.4256124575563,86.71045860144977,87.28097425460464,258500,Toyota
2017-04-04,86.79081726074219,87.06401936654316,86.6783215547587,86.83099079541846,336400,Toyota
2017-04-05,85.2881851196289,86.00333900258714,85.22390010911319,86.00333900258714,533500,Toyota
2017-04-06,84.77391815185547,85.08729991808609,84.64534812952697,84.918556361697,392200,Toyota
2017-04-07,85.1033706665039,85.2560398984202,84.87034210872491,84.9828378082657,233700,Toyota
2017-04-10,85.15962219238281,85.56139431681638,85.03105216989714,85.26408073773534,379500,Toyota
2017-04-11,85.49710083007812,85.81048256562568,85.2238926246578,85.7944082491304,419400,Toyota
2017-04-12,84.72570037841797,85.16764599948857,84.69355787552192,85.16764599948857,311400,Toyota
2017-04-13,83.71324157714844,84.49268049326461,83.7052044179615,84.47660617489072,346200,Toyota
2017-04-17,85.27212524414062,85.34444129010276,84.93463197131413,85.11944986192285,361900,Toyota
2017-04-18,84.62928009033203,84.90248832298087,84.43643118705738,84.87034581734241,199700,Toyota
2017-04-19,84.06681060791016,84.46054561584715,83.97038308062575,84.37215524847564,214000,Toyota
2017-04-20,85.17568969726562,85.30425971872084,84.8864132795474,84.90248759750733,234600,Toyota
2017-04-21,85.6417465209961,86.1720825312002,85.5453190052517,85.85870076822596,226100,Toyota
2017-04-24,85.97119140625,86.18815177125347,85.73816285484715,86.13190392302215,257500,Toyota
2017-04-25,87.3613510131836,87.53813176786882,87.22474993203863,87.27296063584097,309900,Toyota
2017-04-26,88.31755828857422,88.65504542833409,88.22916792379569,88.32558931769475,410000,Toyota
2017-04-27,87.91578674316406,88.30952174228541,87.74703704155543,88.22916853662588,213800,Toyota
2017-04-28,86.89527130126953,87.25686374738518,86.83902345119475,87.0640148514939,227000,Toyota
2017-05-01,87.02383422851562,87.12025560332728,86.8550845614845,87.01579707042954,108900,Toyota
2017-05-02,87.77919006347656,88.13275156739346,87.64258898443862,88.00418151849372,268000,Toyota
2017-05-03,87.48188018798828,87.61848126333196,87.03992832004442,87.16046120498886,368600,Toyota
2017-05-04,87.71488952636719,87.80327374998068,87.13633671018817,87.80327374998068,152400,Toyota
2017-05-05,88.31755828857422,88.34166363704898,87.69078857544743,87.77917894022595,219900,Toyota
2017-05-08,88.54254150390625,88.67110539403456,88.38182897805086,88.38986613698263,170700,Toyota
2017-05-09,87.15241241455078,87.6907856141618,87.07205921216287,87.61846957117959,235200,Toyota
2017-05-10,85.02301788330078,85.4569325280153,84.9265964937351,85.40872183323245,441900,Toyota
2017-05-11,85.85066223144531,85.91494724090985,85.42478477221557,85.77030903489259,283500,Toyota
2017-05-12,85.54533386230469,85.68193493541636,85.31230525670159,85.31230525670159,277000,Toyota
2017-05-15,85.505126953125,85.6256536585071,85.25602412404105,85.5935111602203,300000,Toyota
2017-05-16,85.91493225097656,86.26849361078831,85.69797804508153,86.05957043175819,276800,Toyota
2017-05-17,85.00696563720703,86.26049298109461,84.9507177725597,85.84265257665123,259000,Toyota
2017-05-18,85.79443359375,85.97925150471,85.04713705040265,85.08731672295488,211400,Toyota
2017-05-19,86.4292221069336,86.62207715106152,86.05959246818973,86.05959246818973,177800,Toyota
2017-05-22,86.38101196289062,86.75064160399528,86.13994622146927,86.26047909217995,330700,Toyota
2017-05-23,86.8470687866211,87.12830806347382,86.78278377175292,86.78278377175292,229800,Toyota
2017-05-24,86.23637390136719,86.50154499130281,85.93906030381301,86.38101212037239,151900,Toyota
2017-05-25,86.22030639648438,86.41315531316828,86.06763101672483,86.18816388861097,179800,Toyota
2017-05-26,86.05957794189453,86.05957794189453,85.65780586361254,85.80244405701627,157100,Toyota
2017-05-30,86.68635559082031,86.87117347452299,86.09977169363519,86.13994522970523,193800,Toyota
2017-05-31,86.41314697265625,86.54974802001622,85.77834629717904,86.27654592529628,185500,Toyota
2017-06-01,87.10420227050781,87.12027045886454,86.57386009638961,86.65421329928607,170500,Toyota
2017-06-02,87.88365173339844,88.08453782996605,87.48187954026322,87.61848061459548,274300,Toyota
2017-06-05,86.58992767333984,86.96759444115983,86.38100445763084,86.7265287206836,181800,Toyota
2017-06-06,86.62206268310547,86.8068744063312,86.40510232733824,86.41313948547361,205500,Toyota
2017-06-07,86.40512084960938,86.76671947655053,86.30066229367885,86.68636013908136,127100,Toyota
2017-06-08,84.99890899658203,85.69799469460509,84.78195474853683,85.57746183211063,433400,Toyota
2017-06-09,84.9667739868164,85.39265149205168,84.6533921950185,84.9426686383022,275300,Toyota
2017-06-12,85.53729248046875,85.68996786673928,85.26409034772864,85.3605178754611,388600,Toyota
2017-06-13,86.30870056152344,86.30870056152344,85.73817868484045,85.92299658061275,952800,Toyota
2017-06-14,85.73816680908203,86.11583357771993,85.46496471380283,86.0836910728831,149300,Toyota
2017-06-15,84.99890899658203,85.21586937518327,84.613211193267,84.76588043057436,350700,Toyota
2017-06-16,84.29179382324219,84.36410986373768,84.0426909346822,84.36410986373768,299200,Toyota
2017-06-19,84.13109588623047,84.13913304675387,83.86593089453046,84.05074267266812,232700,Toyota
2017-06-20,83.42398834228516,84.01057851486915,83.2632818972101,83.97039883832143,301200,Toyota
2017-06-21,84.0185775756836,84.275711468296,83.93018722535851,84.275711468296,211300,Toyota
2017-06-22,84.76588439941406,84.88641726755202,84.62928334311734,84.67749403814999,229300,Toyota
2017-06-23,84.56500244140625,84.59714494984308,84.388221710282,84.50072355508922,106400,Toyota
2017-06-26,84.35607147216797,84.81409141366314,84.34803431374016,84.57302570527384,157400,Toyota
2017-06-27,84.00252532958984,84.39626033630756,83.95431463137531,84.35608679798104,218900,Toyota
2017-06-28,84.62124633789062,84.65338884482306,84.18733169013744,84.3641124129876,193300,Toyota
2017-06-29,83.84181213378906,84.46858185849632,83.44003997030211,84.46858185849632,182700,Toyota
2017-06-30,84.38821411132812,84.60517449110083,84.098943822558,84.39625127035276,169400,Toyota
2017-07-03,85.19979858398438,85.44889534770962,84.8944539661742,85.014986833658,165700,Toyota
2017-07-05,87.20864868164062,87.40953472619634,86.86312443978255,86.90330410091593,493200,Toyota
2017-07-06,86.34083557128906,86.86314061047888,86.21227166672845,86.83903526153357,276700,Toyota
2017-07-07,87.16046142578125,87.27295715053243,86.82297425152767,86.90332746484178,244200,Toyota
2017-07-10,86.9595718383789,87.1684950890593,86.89528681808387,86.95153467820279,120700,Toyota
2017-07-11,86.9515380859375,87.15242418431474,86.43727016453634,86.86314771220694,482500,Toyota
2017-07-12,88.28539276123047,88.29342378825703,87.79523036819135,88.0845067355769,313700,Toyota
2017-07-13,88.26129150390625,88.30950832442115,87.94790975806008,87.9880894200632,199700,Toyota
2017-07-14,88.55057525634766,88.93627919970993,88.43004852144338,88.43004852144338,293500,Toyota
2017-07-17,88.65503692626953,88.74342728257137,88.39790301627035,88.39790301627035,234200,Toyota
2017-07-18,88.38986206054688,88.55056844843467,88.11665997502648,88.55056844843467,183300,Toyota
2017-07-19,88.14879608154297,88.26932893737211,88.03630038425062,88.06040572930532,148400,Toyota
2017-07-20,88.26129150390625,88.4380722078309,87.99612657857496,88.33361366940075,151900,Toyota
2017-07-21,87.83541107177734,87.98808642552632,87.62649400202717,87.96398108136711,177000,Toyota
2017-07-24,87.91578674316406,87.94792312098258,87.6666838358959,87.82739637777159,127000,Toyota
2017-07-25,88.49432373046875,88.83181696586249,88.18897913045683,88.26129516839809,198900,Toyota
2017-07-26,89.00858306884766,89.10501057414095,88.65502781054967,88.67913315423415,157100,Toyota
2017-07-27,89.73179626464844,89.98089918240316,89.37020375868016,89.41037729792282,224600,Toyota
2017-07-28,90.20587921142578,90.20587921142578,89.84428062063273,89.86035493874233,187300,Toyota
2017-07-31,90.67193603515625,90.8005060660585,90.36659140759816,90.8005060660585,141000,Toyota
2017-08-01,91.74063873291016,91.90938227720224,91.27458163121453,91.70046520172956,371600,Toyota
2017-08-02,91.75672912597656,91.75672912597656,91.19424441589773,91.4272730075731,178400,Toyota
2017-08-03,90.58353424072266,90.70406095813144,90.22193569683039,90.59960242619206,253000,Toyota
2017-08-04,91.31476593017578,91.44333594981642,90.79246095385865,91.41119344490626,150400,Toyota
2017-08-07,91.70849609375,91.73260756908941,91.53975254970794,91.58796936983113,140900,Toyota
2017-08-08,91.78081512451172,91.99776935071273,91.62813977202055,91.81295762664436,143000,Toyota
2017-08-09,90.880859375,91.03353475423353,90.67997329940073,90.8888965345798,112000,Toyota
2017-08-10,90.30231475830078,91.42727811069287,90.16571368572897,91.28263987780593,280800,Toyota
2017-08-11,90.09339904785156,90.53534478320321,89.90858114104684,90.36660119728089,355300,Toyota
2017-08-14,90.8246078491211,91.10584711748479,90.61568462238394,90.68800679456676,211100,Toyota
2017-08-15,91.02548217773438,91.32279572626587,91.02548217773438,91.12190968469051,184500,Toyota
2017-08-16,90.3103256225586,90.47906915670004,90.14961924639205,90.28622027918914,162500,Toyota
2017-08-17,89.55500793457031,90.18980865413627,89.42644403711294,90.18980865413627,126000,Toyota
2017-08-18,89.7800064086914,90.1335617282595,89.6112567125455,89.99696067000463,120100,Toyota
2017-08-21,90.57550811767578,90.7121091677516,90.28623169954106,90.31837420495116,167500,Toyota
2017-08-22,90.69605255126953,90.80051110926203,90.44694963519999,90.5112346542216,188000,Toyota
2017-08-23,90.67996978759766,90.86478766743632,90.54336873281392,90.74425480063339,142900,Toyota
2017-08-24,90.1737289428711,90.54335853034212,90.077301434183,90.181766101234,153200,Toyota
2017-08-25,90.67193603515625,90.79246890648798,90.34248605944312,90.4389135826198,154400,Toyota
2017-08-28,90.21391296386719,90.38266265633288,90.03713837321659,90.38266265633288,71200,Toyota
2017-08-29,90.06124114990234,90.07730933748238,89.57911582527176,89.6192893594999,116900,Toyota
2017-08-30,90.22999572753906,90.24606391708164,89.5951949558621,90.07732033937869,172800,Toyota
2017-08-31,90.78443145751953,90.87281568431898,90.17373611503307,90.20587862048562,291300,Toyota
2017-09-01,90.8246078491211,91.49155106449518,90.50318891503846,90.59157927517509,288200,Toyota
2017-09-05,91.2987060546875,91.60405068329815,90.95318175864227,91.08978281902942,228800,Toyota
2017-09-06,91.3870849609375,91.62814454365257,91.17816175147317,91.57189669463014,182700,Toyota
2017-09-07,91.82904052734375,92.20670732472621,91.57994375909422,92.02188944048673,264600,Toyota
2017-09-08,92.38349151611328,92.5441979280034,92.15850008724448,92.40759686484114,220900,Toyota
2017-09-11,93.39593505859375,93.55664142915612,93.05844187152466,93.16290652988977,185500,Toyota
2017-09-12,93.64505767822266,93.82986944244044,93.46827694336616,93.50845661239964,179700,Toyota
2017-09-13,93.70128631591797,93.77360234867618,93.4120099237741,93.49236311480172,112000,Toyota
2017-09-14,94.09503173828125,94.30395496269985,93.58880106084453,93.62094356695171,222200,Toyota
2017-09-15,94.56913757324219,94.64949078303144,94.11111753383082,94.11111753383082,169500,Toyota
2017-09-18,94.48876190185547,94.7539329658302,94.32001835129589,94.67357976992885,112900,Toyota
2017-09-19,96.47351837158203,96.61012555001722,96.26460128561003,96.27263231391636,275600,Toyota
2017-09-20,96.72262573242188,96.74673107956946,96.28871109209676,96.42531214630387,193700,Toyota
2017-09-21,96.46549224853516,96.6342358098882,96.26460618065445,96.6342358098882,110600,Toyota
2017-09-22,96.93152618408203,97.01991652881658,96.63421877957053,96.63421877957053,146100,Toyota
2017-09-25,97.20475769042969,97.40564377108923,96.88333873526308,97.07618765614038,141100,Toyota
2017-09-26,97.49403381347656,97.87170062475224,97.32529024194935,97.7431305908896,179700,Toyota
2017-09-27,97.62258911132812,97.87169199733933,96.96368307225647,97.74312197481017,200300,Toyota
2017-09-28,97.54674530029297,97.87298984429337,97.41625121625108,97.69355503396329,174400,Toyota
2017-09-29,97.1960220336914,97.5630494358504,97.17971260858486,97.35914739773864,122200,Toyota
2017-10-02,97.31021118164062,97.42439583046102,96.91056491076924,96.91872273499831,115400,Toyota
2017-10-03,98.1502914428711,98.16660709213065,97.47334134092742,97.48149294296022,159900,Toyota
2017-10-04,98.66413116455078,98.94143498317193,98.06058280085985,98.54178868232498,153800,Toyota
2017-10-05,98.55809783935547,98.60703856566997,98.28079402149413,98.4683866567393,108000,Toyota
2017-10-06,99.39817810058594,99.41448752738607,98.93328165431907,99.16980256720477,126600,Toyota
2017-10-09,99.23504638671875,99.60207380356812,99.17795406266617,99.31660596070863,151300,Toyota
2017-10-10,101.20066833496094,101.28222791155822,100.98860845773055,101.02123353288881,472400,Toyota
2017-10-11,100.77655029296875,101.0049196003605,100.55633881015441,100.72761579069821,193800,Toyota
2017-10-12,100.47479248046875,100.87443882110043,100.37691724042521,100.71131964362563,151000,Toyota
2017-10-13,100.6297378540039,100.77654757945945,100.34427622745058,100.66236292883812,333800,Toyota
2017-10-16,100.6623764038086,100.7276265622116,100.32798023153904,100.5645073888017,101300,Toyota
2017-10-17,100.57263946533203,100.86625889854128,100.46661264546063,100.58079728919795,107300,Toyota
2017-10-18,101.34748077392578,101.39641527667428,101.0049205868954,101.05386131224087,127500,Toyota
2017-10-19,100.37690734863281,100.58080941168134,100.1322223839357,100.4503153270808,121000,Toyota
2017-10-20,100.89888763427734,100.90704545843941,100.61342601457109,100.65420891278482,111500,Toyota
2017-10-23,100.13220977783203,100.55632950023302,100.00171570965998,100.46661210597883,154400,Toyota
2017-10-24,101.03755187988281,101.14358493915819,100.80918255620871,101.04570970504184,133300,Toyota
2017-10-25,99.78150177001953,100.5155503766541,99.52050740128243,100.5155503766541,176500,Toyota
2017-10-26,101.01309204101562,101.2088363010179,100.76025544590446,100.79288052633781,123100,Toyota
2017-10-27,101.32301330566406,101.33116490770671,100.86626846480021,101.0375454466503,101800,Toyota
2017-10-30,101.45350646972656,101.49428936995896,101.19251208699114,101.33932181619213,113500,Toyota
2017-10-31,101.13543701171875,101.2496216847306,100.86628475850598,101.11912758240192,110400,Toyota
2017-11-01,101.48613739013672,101.88578370052348,101.28223532242548,101.37195273002621,194200,Toyota
2017-11-02,102.20386505126953,102.35067478120166,101.90209398939574,101.9918113922763,153100,Toyota
2017-11-03,102.45671844482422,102.46487004767803,101.96734847930136,102.36700103265154,115300,Toyota
2017-11-06,102.4648666381836,102.5627418725509,102.22833948874396,102.36699762641366,103400,Toyota
2017-11-07,103.95741271972656,103.99003779201993,102.43222325864228,103.37833168736098,335100,Toyota
2017-11-08,104.38154602050781,104.4875728523117,103.62303010311834,103.6801224314123,179300,Toyota
2017-11-09,102.32621765136719,102.52196190310602,101.64926126179834,102.29359257231113,303900,Toyota
2017-11-10,101.53507232666016,101.86947470597441,101.46982839388923,101.78791512306277,123200,Toyota
2017-11-13,102.49748229980469,102.57089027448548,101.78790713927224,101.82868381623106,156400,Toyota
2017-11-14,101.84500885009766,102.30990532392683,101.72266636275369,102.23649734248148,164400,Toyota
2017-11-15,100.85812377929688,100.98046004429567,99.90385735412441,100.27903641951467,106500,Toyota
2017-11-16,101.43719482421875,101.69003137685742,101.00491724804098,101.11910812167439,140300,Toyota
2017-11-17,100.55632781982422,100.84994724655009,100.38505085800018,100.58079506828534,212600,Toyota
2017-11-20,101.3719482421875,101.57585030087178,101.01307862767213,101.01307862767213,108000,Toyota
2017-11-21,102.58720397949219,102.70138863589428,101.99996504794028,102.11414970434237,163500,Toyota
2017-11-22,102.8318862915039,103.27231547881645,102.6035169845856,103.01132109625311,115200,Toyota
2017-11-24,102.80742645263672,103.09288810686583,102.65245888779918,103.00317069802277,57700,Toyota
2017-11-27,102.75032806396484,103.09288202884392,102.66061066041124,102.93791447314277,104800,Toyota
2017-11-28,103.54962158203125,103.54962158203125,103.02763280533999,103.18260036243795,101000,Toyota
2017-11-29,103.21521759033203,103.66379835543637,102.82372292628428,103.25599426574338,128200,Toyota
2017-11-30,103.0439453125,103.49253234772095,102.92976065309782,103.09288603981327,110600,Toyota
2017-12-01,101.42903900146484,102.43223363002622,100.8744251615149,102.27727229918807,201300,Toyota
2017-12-04,101.0701675415039,101.91840082369264,100.89889056470571,101.70634094749626,243400,Toyota
2017-12-05,100.87442016601562,101.82052242107919,100.42583317702217,101.16803960924832,190200,Toyota
2017-12-06,100.29534149169922,100.54817804282645,100.01803146755607,100.31980874211841,95700,Toyota
2017-12-07,100.63790893554688,100.79287650577427,100.19747970116184,100.63790893554688,113600,Toyota
2017-12-08,101.50243377685547,101.54321667419696,101.15172201654676,101.27406448597472,125100,Toyota
2017-12-11,101.07832336425781,101.2903832362548,100.9070463908514,101.2903832362548,89600,Toyota
2017-12-12,101.33932495117188,101.55953644048722,100.97230372811391,101.07017273554425,110100,Toyota
2017-12-13,101.88578796386719,102.16309802330889,101.6982015383779,101.73082661728854,83200,Toyota
2017-12-14,101.9510269165039,102.56273307800292,101.8776251639705,102.44854842566419,339500,Toyota
2017-12-15,101.41272735595703,101.67372797103438,101.27407544614505,101.32301617277064,127500,Toyota
2017-12-18,103.84324645996094,103.94112169416655,103.3701921618632,103.4762252212353,160600,Toyota
2017-12-19,103.59039306640625,104.15315845958693,103.4191161012994,103.99819714216437,90900,Toyota
2017-12-20,104.0960693359375,104.40599820290066,103.8513906165234,104.39784660140445,103900,Toyota
2017-12-21,104.626220703125,104.75672100422,104.44678590041781,104.59360185044811,180800,Toyota
2017-12-22,104.65885162353516,104.67515482721797,104.18579114507035,104.49572002515791,75800,Toyota
2017-12-26,104.38154602050781,104.52835575363471,104.25104571435186,104.39785544747876,48400,Toyota
2017-12-27,104.58543395996094,104.64253250653931,104.29182073848092,104.37338031236963,77800,Toyota
2017-12-28,104.61807250976562,104.74856036991828,104.00636010669899,104.48757220441887,102300,Toyota
2017-12-29,103.72089385986328,104.75671976410287,103.67195935883038,104.75671976410287,122100,Toyota
2018-01-02,104.69963073730469,104.74856524278762,103.72090329206209,103.93296318681702,83500,Toyota
2018-01-03,106.1351089477539,106.22482635592965,104.85459798062693,104.95246699129332,162200,Toyota
2018-01-04,107.79077911376953,107.79077911376953,107.08935558729085,107.09750718875007,161800,Toyota
2018-01-05,109.17731475830078,109.18546636007656,108.54114135437058,108.56560860489148,135300,Toyota
2018-01-08,109.91952514648438,109.9358283506196,108.98156821056108,109.27518767251709,131200,Toyota
2018-01-09,109.06312561035156,109.15284300695993,108.54928848021343,109.14469140552026,148000,Toyota
2018-01-10,111.24894714355469,111.97483790225908,110.99611060723636,111.51809932759467,389500,Toyota
2018-01-11,111.6649169921875,111.6649169921875,110.620939535339,111.48548220005482,180000,Toyota
2018-01-12,111.90145874023438,111.90145874023438,111.28160089882648,111.4855029783259,101200,Toyota
2018-01-16,112.52947235107422,113.77735199018979,112.21953723057423,113.53266702375265,257800,Toyota
2018-01-17,114.77239227294922,114.9926099819134,113.89968548439857,114.69082647105314,394400,Toyota
2018-01-18,113.06777954101562,113.6223871962612,112.88834472427271,113.5897683410328,173300,Toyota
2018-01-19,114.06282043457031,114.43799326583337,113.66316790586498,114.09543928916928,170600,Toyota
2018-01-22,113.69579315185547,113.69579315185547,113.10855417450706,113.34508755312538,249800,Toyota
2018-01-23,113.597900390625,113.88336821681506,113.32874821183817,113.88336821681506,164800,Toyota
2018-01-24,113.39400482177734,113.8996779133771,112.96173347988854,113.78549326542898,236800,Toyota
2018-01-25,112.70072174072266,113.72839591580738,112.31739738174687,113.72839591580738,270900,Toyota
2018-01-26,113.8262710571289,113.97308699515752,113.28796669301184,113.655000315487,319300,Toyota
2018-01-29,113.80181884765625,114.5603409964614,113.74473274129569,114.14437282140253,249200,Toyota
2018-01-30,113.8752212524414,114.40537408843562,113.5734501787733,114.16884072378137,217200,Toyota
2018-01-31,112.48869323730469,112.97806318665897,111.86067137284547,112.92096463298323,224600,Toyota
2018-02-01,113.20642852783203,113.57344975433679,112.73337424548579,112.74968989527548,169600,Toyota
2018-02-02,111.42839813232422,113.36139819959499,111.40393087978107,113.28798399677098,253200,Toyota
2018-02-05,107.60317993164062,111.01242855492069,107.09750684852742,110.5149070732408,313800,Toyota
2018-02-06,113.17379760742188,113.76103654987469,108.67980057786784,109.5769746413914,513200,Toyota
2018-02-07,111.64047241210938,113.1901232640745,111.61600515777697,112.01564527533671,217800,Toyota
2018-02-08,109.6422119140625,112.79046028099724,109.62590870947741,112.71705852478132,387700,Toyota
2018-02-09,111.38762664794922,112.26032101939643,108.50036642253089,111.8688325371208,433000,Toyota
2018-02-12,113.17379760742188,113.48373272849264,111.56704834059883,112.35818934792569,255100,Toyota
2018-02-13,110.1397476196289,110.34364970992719,109.12840121667489,109.373086214072,300100,Toyota
2018-02-14,110.49044799804688,110.58016540122311,107.7907867459174,108.26384101310174,262600,Toyota
2018-02-15,110.33547973632812,110.37626263663684,109.3975352551971,110.10711042883199,218500,Toyota
2018-02-16,111.08584594726562,111.54258459571383,110.84116097268415,110.86562822562281,158500,Toyota
2018-02-20,110.80036926269531,111.40391131301412,110.433335648624,110.67802057627408,128800,Toyota
2018-02-21,109.9439926147461,111.33867572789264,109.9439926147461,110.77591649946142,144300,Toyota
2018-02-22,110.2947006225586,111.0776900217076,110.06633130722228,110.61278734357663,148000,Toyota
2018-02-23,111.7627944946289,111.80357739507039,110.70250130911988,110.97981756500562,101800,Toyota
2018-02-26,112.90463256835938,113.01066561251633,111.78725336218709,112.04008990269092,125600,Toyota
2018-02-27,110.94718933105469,112.51315567874882,110.93903772881879,112.33372086800524,150800,Toyota
2018-02-28,109.78086853027344,111.1021498297919,109.75640127992632,111.06136693081554,135600,Toyota
2018-03-01,106.3471450805664,108.93262139589739,105.6212543323832,108.86737125114925,444200,Toyota
2018-03-02,106.51026916503906,106.62445381235167,104.88721685289514,105.35210704367032,214200,Toyota
2018-03-05,106.828369140625,107.18723877542864,105.1808493738552,105.45815320249628,161200,Toyota
2018-03-06,107.12197875976562,107.5297828626536,106.6326213034162,107.39928256288299,194900,Toyota
2018-03-07,105.88225555419922,106.02905904687934,104.7322450807676,105.60493932603788,284100,Toyota
2018-03-08,105.67020416259766,105.87410622757496,104.99324781344974,105.37658469122259,233800,Toyota
2018-03-09,105.78437042236328,106.1350883846258,104.28365447199293,104.90351216144359,473000,Toyota
2018-03-12,106.3063735961914,106.84467801425481,106.06168863841769,106.06168863841769,144000,Toyota
2018-03-13,106.02906799316406,106.98332811167928,105.75991578868124,106.56737240212969,174200,Toyota
2018-03-14,106.02906799316406,107.01595940960105,105.92303494270891,107.01595940960105,116100,Toyota
2018-03-15,106.3471450805664,106.84466654472742,105.97195985956277,106.48579697120897,102400,Toyota
2018-03-16,105.95567321777344,106.36347735229322,105.94750917015854,106.09432513008682,91400,Toyota
2018-03-19,104.26734161376953,105.49891786989215,103.78613579809412,105.34395033208659,179500,Toyota
2018-03-20,105.4173583984375,105.53154304705748,104.82196790529001,104.84643515533763,69100,Toyota
2018-03-21,105.44183349609375,106.19219159218447,105.10743112696372,105.44998509831855,110500,Toyota
2018-03-22,103.59854125976562,104.92798026287038,103.5414489399414,104.65067648732305,177300,Toyota
2018-03-23,101.54320526123047,103.3538561819858,101.51058019154348,103.13363851724758,223200,Toyota
2018-03-26,103.83509063720703,103.98190038004792,102.15493953115927,102.98685725885935,158700,Toyota
2018-03-27,104.43047332763672,106.11878835415156,104.03083325590264,105.60495118170026,347600,Toyota
2018-03-28,107.35051727294922,107.65754986749683,106.32987351799484,106.38796521430332,348300,Toyota
2018-03-29,108.18031311035156,108.6615954762186,107.10988369537262,107.87329317381888,165000,Toyota
2018-04-02,105.0436782836914,107.00199372752307,104.4296321522345,107.00199372752307,260000,Toyota
2018-04-03,106.5041275024414,106.6036987891798,105.31751480161967,105.47517778006149,233100,Toyota
2018-04-04,106.01456451416016,106.14732836394603,104.36326862960297,104.52923135537364,396400,Toyota
2018-04-05,105.71582794189453,106.12242550263029,105.32582348675142,105.66603596345644,437300,Toyota
2018-04-06,104.03134155273438,104.97730680180715,103.26792578069318,104.65368744453644,420600,Toyota
2018-04-09,104.6951904296875,105.5664773524973,104.33008508530953,104.76157552169471,233200,Toyota
2018-04-10,106.42945098876953,106.65349907635236,106.0145600190114,106.19711584420321,303400,Toyota
2018-04-11,106.05604553222656,106.6534986556502,105.98136705721379,106.22200191947519,155000,Toyota
2018-04-12,106.73648071289062,107.06010009212623,106.46264698251274,106.69498845162238,134500,Toyota
2018-04-13,106.65349578857422,107.00200799092579,106.39626149600475,106.91903613036231,89000,Toyota
2018-04-16,106.8941421508789,107.32562620913114,106.80286424208319,107.17626926473466,137300,Toyota
2018-04-17,107.32562255859375,107.38371425387886,106.63689157231785,107.02689601830131,174100,Toyota
2018-04-18,107.10160064697266,107.5662836211754,107.06010838249139,107.43351343949992,199600,Toyota
2018-04-19,106.62030029296875,106.86922851464476,106.21369642813247,106.86922851464476,148000,Toyota
2018-04-20,107.23434448242188,107.32562238796778,106.8775389090714,107.00200302497045,214600,Toyota
2018-04-23,107.10160064697266,107.35052891053739,106.82776689539001,107.34223552230571,117600,Toyota
2018-04-24,107.43350219726562,108.40436030855822,107.10988282683476,108.28818957716408,145600,Toyota
2018-04-25,108.78607177734375,108.92713533301055,108.32137618839056,108.47903918050645,181500,Toyota
2018-04-26,109.20925903320312,109.42500105366189,108.79436176655645,109.03499661008124,105800,Toyota
2018-04-27,108.71137237548828,109.24244034652409,108.62840052287409,109.02669833573614,116900,Toyota
2018-04-30,108.6865005493164,109.40012446028234,108.5454369771287,108.91884204017401,170600,Toyota
2018-05-01,108.67819213867188,108.70308496198992,107.99775453688558,108.44585067993019,127000,Toyota
2018-05-02,108.02265167236328,108.70308930131199,107.9562792486389,108.70308930131199,127100,Toyota
2018-05-03,107.9645767211914,108.31308893640269,107.12648872711146,107.81520710800893,109500,Toyota
2018-05-04,108.96863555908203,108.96863555908203,107.49158948698313,107.7903160566032,109800,Toyota
2018-05-07,109.12628173828125,109.48309999527825,108.82755518005654,109.0350038271109,114300,Toyota
2018-05-08,108.6201171875,108.68650228046835,108.24671211850712,108.39608174310138,133800,Toyota
2018-05-09,113.09268188476562,113.09268188476562,111.98906639032161,112.13842331618909,364800,Toyota
2018-05-10,114.83526611328125,115.07590095923108,114.6361108650863,114.80207990274536,198400,Toyota
2018-05-11,114.56973266601562,114.64441113220008,114.17972823817337,114.49504153817193,140600,Toyota
2018-05-14,114.62783813476562,114.88507246316914,114.51166738446527,114.54485360098158,98800,Toyota
2018-05-15,113.03462219238281,113.23377745593285,112.7939746662189,113.21717801855513,148700,Toyota
2018-05-16,113.97230529785156,114.22953962489635,113.55740795444717,113.62378038712923,100900,Toyota
2018-05-17,113.40802764892578,113.73164703984463,113.23377787163305,113.68186138918956,73100,Toyota
2018-05-18,112.88522338867188,113.26693437968879,112.5782035157101,113.26693437968879,168600,Toyota
2018-05-21,113.2254638671875,113.32504782316207,112.8769516754266,113.25866273973236,81800,Toyota
2018-05-22,112.63632202148438,113.2669613506602,112.56993693499314,113.2669613506602,120400,Toyota
2018-05-23,111.8812026977539,111.9309883457791,111.05140813290664,111.6903534931039,106300,Toyota
2018-05-24,109.89800262451172,110.21332863507361,109.35862851898948,109.86480374884141,261800,Toyota
2018-05-25,107.8401107788086,108.05585281459349,107.54967760685989,107.70734060525143,204900,Toyota
2018-05-29,105.13495635986328,106.07262815861996,104.85282928008722,105.74070910589626,276400,Toyota
2018-05-30,105.57478332519531,105.9398886911995,105.04370888851149,105.0852011561814,287700,Toyota
2018-05-31,106.18881225585938,106.33816920103123,105.45858898170269,106.07264152239448,369800,Toyota
2018-06-01,108.9603271484375,109.42501009963071,108.63670776016644,108.94372771113466,225800,Toyota
2018-06-04,111.42481994628906,112.26290794967001,111.3418354200822,112.22972173618386,180500,Toyota
2018-06-05,110.74440002441406,110.98503490279182,110.66141549440155,110.88546359610608,94700,Toyota
2018-06-06,112.99311828613281,113.00141167313663,112.33758618636362,112.87694755978158,141500,Toyota
2018-06-07,113.2254638671875,114.03036559399011,113.20057104360887,113.48269815194008,233500,Toyota
2018-06-08,113.02633666992188,113.19229307026524,112.67781176904056,113.17569363173237,107100,Toyota
2018-06-11,113.80632781982422,114.14654665506941,113.24207355209563,113.25036694015242,95200,Toyota
2018-06-12,111.64885711669922,112.00566268883331,111.51608695241964,111.77332123217396,225000,Toyota
2018-06-13,112.36249542236328,112.79397951946278,112.26291145547299,112.71930104054111,112400,Toyota
2018-06-14,112.38738250732422,112.67780301995941,112.28781120718195,112.3541836328363,76800,Toyota
2018-06-15,112.69441223144531,113.167401271466,112.1965430258919,113.05123052400403,150400,Toyota
2018-06-18,113.2835693359375,113.30846216254253,112.51185372619722,112.53674655280224,135400,Toyota
2018-06-19,112.97652435302734,113.00972322597869,112.46205577722303,112.68610385383401,158100,Toyota
2018-06-20,111.49949645996094,112.27121202278374,111.40821854740472,112.1882274980378,117600,Toyota
2018-06-21,110.08055114746094,110.85225402313591,109.69054668502508,110.85225402313591,155600,Toyota
2018-06-22,108.70308685302734,109.47478971263138,108.47074539024376,109.44160350151662,209600,Toyota
2018-06-25,106.68669891357422,107.85669968892869,106.40455912376605,107.74883499973173,205700,Toyota
2018-06-26,107.21776580810547,107.68244875811395,106.73648342083646,107.26755145822627,167400,Toyota
2018-06-27,105.47518920898438,106.74477389910285,105.46688949058034,106.74477389910285,323500,Toyota
2018-06-28,107.1181869506836,107.36712787481109,106.2634994851196,106.32988457566435,173400,Toyota
2018-06-29,106.88584899902344,107.79032214698907,106.86095617195369,107.36713142514155,176600,Toyota
2018-07-02,106.15562438964844,106.2634954095234,105.38391515144792,105.81540556177822,101500,Toyota
2018-07-03,105.71582794189453,106.5041365703921,105.59135749204438,106.4875371339694,96500,Toyota
2018-07-05,107.10160064697266,107.29244986959276,106.5290403174509,106.5290403174509,120800,Toyota
2018-07-06,107.50819396972656,107.82351999180659,107.11818946715232,107.40031661234936,84300,Toyota
2018-07-09,108.45413208007812,108.54540997604228,108.06412767565476,108.06412767565476,69500,Toyota
2018-07-10,107.26753234863281,107.40859588606502,107.05177768766478,107.19284122509698,120100,Toyota
2018-07-11,106.26348114013672,106.82774798152326,106.03113969417143,106.77794967596569,75300,Toyota
2018-07-12,107.19286346435547,107.33393969271522,106.89414955487217,107.09329216119437,79700,Toyota
2018-07-13,107.4666976928711,107.59946787212357,107.10989208049888,107.14307829448141,74900,Toyota
2018-07-16,107.4666976928711,107.63266674776729,107.37541977734266,107.63266674776729,100500,Toyota
2018-07-17,109.07650756835938,109.47480546735673,108.4541615616989,108.5288400436993,135600,Toyota
2018-07-18,109.60757446289062,110.32119838257121,109.50800315463903,110.03907123475051,182200,Toyota
2018-07-19,109.34203338623047,109.54948202750118,109.08479909692043,109.30054112564429,107700,Toyota
2018-07-20,109.36691284179688,109.75691725264647,109.308821151745,109.61585371322451,123000,Toyota
2018-07-23,109.308837890625,109.38352902665211,108.91054003234312,109.06820303044613,126800,Toyota
2018-07-24,110.01417541503906,110.51204460441559,109.70715544850712,110.17183842325646,118200,Toyota
2018-07-25,109.70713806152344,109.8233087867994,107.71562363465905,109.18436346695188,270700,Toyota
2018-07-26,110.63652038574219,110.85226243299861,110.35439324817732,110.52034964311775,135600,Toyota
2018-07-27,111.57417297363281,111.82310119192377,111.15927572760238,111.51608128159218,168100,Toyota
2018-07-30,112.00566101074219,112.4952494014805,111.85630407441019,111.88119689713218,149900,Toyota
2018-07-31,109.40010833740234,109.77351334541694,109.2507513988604,109.51627906571044,198700,Toyota
2018-08-01,109.22586059570312,110.51203201802107,109.09309042899288,109.94777780199256,131800,Toyota
2018-08-02,108.74459075927734,108.78608302385952,107.83181158511533,108.32969343677851,119300,Toyota
2018-08-03,108.9520492553711,109.2341764213385,107.68246434685513,108.20522641046237,157700,Toyota
2018-08-06,106.58711242675781,106.78626768631943,106.27179909286097,106.59541847611075,198200,Toyota
2018-08-07,106.64519500732422,107.15966355679514,106.60370274908892,106.84433758819837,270900,Toyota
2018-08-08,105.4585952758789,106.00626276418333,105.42540906219125,106.00626276418333,208400,Toyota
2018-08-09,104.09772491455078,104.96901173400299,104.07283209070873,104.96901173400299,191100,Toyota
2018-08-10,103.08538818359375,103.7658195171462,103.00240365712621,103.7658195171462,233000,Toyota
2018-08-13,102.47962188720703,103.16005313152453,102.46302878258794,102.9443047864981,229200,Toyota
2018-08-14,102.43814086914062,102.82814534419332,102.27218448142179,102.82814534419332,131000,Toyota
2018-08-15,101.11046600341797,101.69961938209673,100.75365408891335,101.69961938209673,191500,Toyota
2018-08-16,101.86558532714844,102.16431188509438,101.16855458166448,101.2349396680592,132900,Toyota
2018-08-17,102.29708099365234,102.52112908906169,101.6000565431135,101.75771321787978,135100,Toyota
2018-08-20,102.28878021240234,102.52942141235033,101.86558951361191,101.86558951361191,126400,Toyota
2018-08-21,101.70792388916016,102.02324355812443,101.64983852038172,102.02324355812443,182600,Toyota
2018-08-22,102.67878723144531,103.52518131157522,102.5460233807534,103.32602603929129,262900,Toyota
2018-08-23,101.45069122314453,102.26388639914153,101.28472850193968,102.26388639914153,184300,Toyota
2018-08-24,101.93196105957031,102.17260224249141,101.62494112305347,102.0813243341134,93200,Toyota
2018-08-27,104.9441146850586,105.39220448866541,103.90687152786592,104.23049088644365,370500,Toyota
2018-08-28,104.61219787597656,105.45858552502544,104.5624122292178,105.16815870088269,169100,Toyota
2018-08-29,105.78221130371094,106.0228461504521,105.16815878266877,105.25943668901748,249000,Toyota
2018-08-30,103.94007110595703,104.62879579753307,103.58325918249128,104.27199020489755,165200,Toyota
2018-08-31,102.96090698242188,103.55006034005584,102.72856552654706,103.3923973532137,152600,Toyota
2018-09-04,101.24324035644531,101.58345284852436,100.94451379563766,101.37600419967629,244500,Toyota
2018-09-05,99.96537017822266,100.62090876178378,99.8325999852239,99.99856272647236,290800,Toyota
2018-09-06,99.73300170898438,99.99023597483843,99.0110782240923,99.99023597483843,136600,Toyota
2018-09-07,98.99449920654297,99.38449735416827,98.76215139854666,99.21024124629388,190300,Toyota
2018-09-10,98.89490509033203,99.29320922110428,98.87001226918927,99.20193132302792,104500,Toyota
2018-09-11,99.50897216796875,99.65003573801944,99.17705304427302,99.63344263070849,172200,Toyota
2018-09-12,99.50066375732422,99.84087621789548,99.27661569205286,99.40938585381808,110500,Toyota
2018-09-13,101.20174407958984,101.57515543120105,100.90301753063291,101.02748798116998,149900,Toyota
2018-09-14,101.46728515625,101.92367472974226,101.2847293268531,101.82409709620835,131400,Toyota
2018-09-17,101.63324737548828,102.0813308970955,101.5751620055888,101.79090404759803,147300,Toyota
2018-09-18,103.74919891357422,103.97324695999956,103.11855335989632,103.20983125572454,266900,Toyota
2018-09-19,103.9898681640625,104.26370192554386,103.70774101404967,103.70774101404967,130900,Toyota
2018-09-20,103.6828384399414,104.46284743270549,103.46709639027405,104.07284293632344,136000,Toyota
2018-09-21,103.49197387695312,103.6828230718963,103.15175508387124,103.43388851360132,113600,Toyota
2018-09-24,102.89453125,103.44219872932281,102.66218977301352,103.17665837753204,117900,Toyota
2018-09-25,103.62474060058594,104.23049340458618,103.53346269408138,103.98985222660416,169900,Toyota
2018-09-26,103.84048461914062,103.97325477972326,103.15175365548504,103.68282163615616,271000,Toyota
2018-09-27,104.8740005493164,105.49679595892506,104.68042561902791,105.03390999516192,151200,Toyota
2018-09-28,104.65518188476562,105.19381681320702,104.51210838649975,104.7898438273934,167300,Toyota
2018-10-01,105.05075073242188,105.23590770609131,104.705690716885,104.86559375875245,147200,Toyota
2018-10-02,105.79977416992188,106.06067363640271,105.57254018637958,105.64828270721557,177100,Toyota
2018-10-03,103.26651000976562,103.80514493251346,103.03085803369281,103.49375043028927,192000,Toyota
2018-10-04,102.82887268066406,103.49375157538876,102.29023775195655,103.26651115235084,139500,Toyota
2018-10-05,102.2565689086914,103.40116969987065,102.14716089962083,103.40116969987065,272500,Toyota
2018-10-08,102.44172668457031,102.57638220288788,101.31395541611656,102.33231225358793,180000,Toyota
2018-10-09,100.92681884765625,101.14564130349358,100.30402338831091,100.74166187895044,182500,Toyota
2018-10-10,99.12576293945312,100.90999533771003,99.12576293945312,100.75850384709354,454400,Toyota
2018-10-11,98.2588882446289,99.72330156918585,97.43409989063919,99.13417161707527,292400,Toyota
2018-10-12,98.26730346679688,98.83960387039106,97.48459859748475,98.72177788327178,318500,Toyota
2018-10-15,97.31626892089844,97.636087810853,96.74396853054431,97.08903492843535,326900,Toyota
2018-10-16,99.34456634521484,99.51288733758508,98.41037006918114,98.6460220269132,275600,Toyota
2018-10-17,99.08367156982422,99.36140057827511,98.41879270273836,99.3193235387084,224500,Toyota
2018-10-18,98.19155883789062,99.63914265304892,98.06531486870169,99.23516965688638,230000,Toyota
2018-10-19,97.8969955444336,98.79752645598425,97.65292557873771,98.31780450162616,193400,Toyota
2018-10-22,98.5534439086914,99.94211457435242,97.96431401224578,99.9336965983934,238700,Toyota
2018-10-23,99.28565979003906,99.79062922090887,97.26577564552512,97.44251462527782,311600,Toyota
2018-10-24,96.42415618896484,98.23363583887381,96.281082696446,98.19997035456916,432000,Toyota
2018-10-25,98.18314361572266,98.71336056127498,96.9375463451582,97.248947268058,334700,Toyota
2018-10-26,98.72177124023438,99.47081057410423,97.4088430961984,97.6276655237101,207700,Toyota
2018-10-29,97.04695892333984,99.32774268365054,96.06226751196138,97.4593563214331,431700,Toyota
2018-10-30,97.82965850830078,97.96432044835504,96.78605415701917,96.95437516105227,313100,Toyota
2018-10-31,98.51136779785156,99.07525019275995,98.35987633433528,98.65444128532963,238400,Toyota
2018-11-01,99.05841064453125,99.15098911448776,97.88015088332861,98.38512026970605,275500,Toyota
2018-11-02,97.1731948852539,98.75543411042894,96.40732599097899,98.46928712736906,397500,Toyota
2018-11-05,97.13109588623047,97.59398174024153,96.86177207454436,96.86177207454436,241900,Toyota
2018-11-06,98.95742797851562,99.20149792463823,98.25046564818902,98.69652207967583,252200,Toyota
2018-11-07,100.4134292602539,100.55650918276457,99.36140688875335,99.48765085754042,256900,Toyota
2018-11-08,98.71336364746094,99.44557352747871,98.40196271482546,99.15100212748314,274400,Toyota
2018-11-09,98.67127990722656,98.9321858201747,98.21680547480572,98.76385838907349,133900,Toyota
2018-11-12,97.26577758789062,98.72177933735972,97.11428611350098,98.64603038964749,297000,Toyota
2018-11-13,96.8786392211914,97.7202571406381,96.61773972089418,97.20686969609281,250100,Toyota
2018-11-14,98.36830139160156,99.01635079377627,97.94749242641002,98.43563236708066,247000,Toyota
2018-11-15,98.46929168701172,98.72177961872569,97.56034283808326,97.91382080565494,184800,Toyota
2018-11-16,98.43563079833984,98.6797007647855,97.4593573535924,97.47618688667635,120400,Toyota
2018-11-19,98.58712768554688,99.69806314001657,98.35147568324051,99.59706667287006,228600,Toyota
2018-11-20,98.71336364746094,99.56339951906295,98.44404617797768,99.26041656326491,284900,Toyota
2018-11-21,100.3629379272461,101.0698939047625,100.09362044709196,100.3376904167684,228700,Toyota
2018-11-23,100.75006103515625,100.96046547464685,100.42183062323362,100.59015160641253,134000,Toyota
2018-11-26,102.06298828125,102.0966537639392,101.44861088001635,101.45702885594721,149400,Toyota
2018-11-27,101.83576202392578,102.80362385629401,101.55802658644855,102.57638343616364,323900,Toyota
2018-11-28,102.32389831542969,102.32389831542969,100.64907419416821,101.5075279849621,281100,Toyota
2018-11-29,102.49222564697266,102.94670007823049,102.15557720666668,102.27340319761853,125600,Toyota
2018-11-30,102.23973846435547,102.32389896450738,101.66743807387408,101.66743807387408,194700,Toyota
2018-12-03,103.94821166992188,104.2091111216304,103.61998125614858,103.73780722924494,261000,Toyota
2018-12-04,101.7347640991211,103.39275230243854,101.26346015459681,102.9046124050186,273500,Toyota
2018-12-06,102.5343017578125,102.5427133129667,100.49758815050184,101.22137357686447,354600,Toyota
2018-12-07,100.9688949584961,102.70262568277751,100.48917303862044,102.38281320987194,206100,Toyota
2018-12-10,101.7852554321289,102.0629844169896,100.6238187969452,101.87783390076048,344200,Toyota
2018-12-11,101.33921813964844,101.96201361061155,100.94365668476806,101.56645215573118,322000,Toyota
2018-12-12,102.58480834960938,103.4348442516253,102.55114286209006,102.9719518245287,145400,Toyota
2018-12-13,101.65060424804688,102.29023562044655,101.30554426389402,102.29023562044655,217400,Toyota
2018-12-14,101.07830810546875,101.85259502935375,100.9099870945494,101.27188304695748,132000,Toyota
2018-12-17,100.61540985107422,101.4233621628701,100.25351394277702,100.99413528999803,189100,Toyota
2018-12-18,101.00257873535156,102.06301280015846,100.85949879429137,101.73478229137979,181700,Toyota
2018-12-19,100.47233581542969,102.67737687631312,100.04311533851786,101.42336808776258,207900,Toyota
2018-12-20,99.68962860107422,100.59857739128286,98.78909778698818,100.15252097230115,176900,Toyota
2018-12-21,95.91075897216797,97.8043989284777,95.86026396139722,97.30784753314165,379700,Toyota
2018-12-24,94.10130310058594,95.582552524568,93.89931658582697,95.48155605667074,335800,Toyota
2018-12-26,95.70877075195312,95.851844227201,93.52056590457416,94.71566155846902,390600,Toyota
2018-12-27,97.19003295898438,97.19003295898438,95.203814302631,95.44788425170367,230400,Toyota
2018-12-28,97.91381072998047,98.6796860019427,97.44250682171705,97.59399828094946,179300,Toyota
2018-12-31,97.69498443603516,98.27569628439073,97.11426616664609,97.99796732258307,184700,Toyota
2019-01-02,97.86331176757812,98.07371620685173,96.51672464043376,96.51672464043376,169900,Toyota
2019-01-03,96.49149322509766,97.86332808634366,96.18851026833836,97.50143213360533,309500,Toyota
2019-01-04,100.76691436767578,101.1372218787516,98.89852159534924,99.26041755053893,307500,Toyota
2019-01-07,102.07139587402344,102.82885310489284,101.26344363477395,101.59167403131175,156100,Toyota
2019-01-08,102.93827819824219,103.92297597248069,102.64371323203181,103.65365851465482,150400,Toyota
2019-01-09,103.45165252685547,103.77147138205261,103.00559614569511,103.39273954106135,139800,Toyota
2019-01-10,104.77301025390625,104.84875920361367,103.74623539166885,104.11654932127185,202900,Toyota
2019-01-11,105.26116180419922,105.6398873314711,105.10125233128919,105.21066677950581,135500,Toyota
2019-01-14,105.53047180175781,106.12801976194547,104.77301438002867,104.81509784497177,156600,Toyota
2019-01-15,106.27950286865234,106.58248581346093,105.5893764768183,106.17009485787386,172300,Toyota
2019-01-16,105.75770568847656,106.35525361165388,105.7072042494657,106.09434770302981,171400,Toyota
2019-01-17,105.13489532470703,105.4462962260995,104.37743801120797,104.77299940942605,138700,Toyota
2019-01-18,105.49679565429688,105.86710956106577,105.0928226842168,105.10965221587239,158600,Toyota
2019-01-22,104.02395629882812,104.65516963367664,103.5694819272131,104.36060469495415,159800,Toyota
2019-01-23,103.07292938232422,103.7546377217104,102.60162548556677,103.57789876042635,130600,Toyota
2019-01-24,103.37592315673828,103.57790964499824,102.9382782743012,103.21601370880535,90400,Toyota
2019-01-25,104.12495422363281,104.35218820215236,103.90613179988623,104.14178375421292,80000,Toyota
2019-01-28,103.08135986328125,103.15710238972,102.5595544706867,102.89620290394012,132000,Toyota
2019-01-29,102.90460205078125,103.37591236891704,102.83727750907673,103.08134743322843,85300,Toyota
2019-01-30,103.55265808105469,103.93138353433905,102.41647530016716,102.76153526988756,132300,Toyota
2019-01-31,103.66207885742188,103.83881785213008,102.95512287858905,103.26651740310746,108500,Toyota
2019-02-01,102.67737579345703,103.22442867000612,102.38281083563352,103.03927171907863,152700,Toyota
2019-02-04,103.43482971191406,103.46849519470106,102.62687738812899,103.04768629141503,104000,Toyota
2019-02-05,103.91455078125,104.12495523122547,103.69572835538592,103.95662781862455,120300,Toyota
2019-02-06,101.87783813476562,102.68579045919151,101.48227673799752,102.44172052456791,271200,Toyota
2019-02-07,99.40349578857422,100.4976016831873,98.78911186476078,100.35452175285135,310700,Toyota
2019-02-08,98.73019409179688,98.73861206871204,97.9643251394271,98.7049465820864,206100,Toyota
2019-02-11,98.59554290771484,99.21833838512497,98.46929893256859,99.21833838512497,167500,Toyota
2019-02-12,100.80899810791016,100.85108157427695,100.18620261610144,100.18620261610144,207600,Toyota
2019-02-13,100.68274688720703,101.04464284040783,100.45551287986467,100.96048233476381,111200,Toyota
2019-02-14,100.3629379272461,100.57334240927386,99.84113250024456,100.21986442051566,235600,Toyota
2019-02-15,101.96199798583984,102.02932895104101,101.17087519731164,101.28870117589658,164900,Toyota
2019-02-19,102.24815368652344,102.4838056638137,101.43178332160021,101.43178332160021,104100,Toyota
2019-02-20,103.34224700927734,103.82196888254504,102.92143812321679,102.93826765340424,173000,Toyota
2019-02-21,102.03775787353516,102.6605597761004,101.9115138975538,102.4585668461161,173100,Toyota
2019-02-22,102.52587890625,102.69419989581219,102.21447801242238,102.62687535260781,105000,Toyota
2019-02-25,103.02244567871094,103.47691367416209,103.0140277021923,103.27492718495772,119400,Toyota
2019-02-26,103.71257781982422,104.06605580078926,103.30859839798197,103.30859839798197,102400,Toyota
2019-02-27,102.94670104980469,103.31701497973965,102.75312610796551,103.26651353954443,132900,Toyota
2019-02-28,101.86943817138672,102.20608663801569,101.44862919335935,102.08826063785087,124800,Toyota
2019-03-01,101.28028869628906,101.49911113455087,100.68274079502783,101.3307901334477,211500,Toyota
2019-03-04,99.66438293457031,100.17777032994644,99.27723949922733,100.16935235366834,240300,Toyota
2019-03-05,99.52972412109375,99.73171059783266,99.24357072643217,99.73171059783266,149800,Toyota
2019-03-06,99.29408264160156,99.5718116685432,99.2099157147953,99.40349065700069,153000,Toyota
2019-03-07,98.67127990722656,99.52973375325536,98.30938395665265,99.51289779962777,138500,Toyota
2019-03-08,99.06683349609375,99.08366944838762,98.30937616873032,98.30937616873032,100200,Toyota
2019-03-11,100.26194763183594,100.45552259246459,99.73173061608274,99.73173061608274,134700,Toyota
2019-03-12,99.9505386352539,100.32084612654917,99.79904716394026,100.30401659464086,79000,Toyota
2019-03-13,100.4134292602539,100.70800066110205,99.78221583735358,99.8579647870398,61500,Toyota
2019-03-14,99.05841064453125,99.40347701819354,98.84800619845447,99.22673805401314,139800,Toyota
2019-03-15,100.12727355957031,100.32084206333217,99.9421166109046,100.15252106692756,150900,Toyota
2019-03-18,100.58175659179688,100.65749912037242,99.99262021172433,100.10203464771344,106300,Toyota
2019-03-19,100.76691436767578,101.40653935091359,100.69116541745537,100.94365335681005,85700,Toyota
2019-03-20,100.7164077758789,101.35603914743675,100.11885986573942,101.26346066914411,140500,Toyota
2019-03-21,101.36445617675781,101.4065332167483,100.37134685429046,100.67432979477438,127200,Toyota
2019-03-22,101.1792984008789,101.97042123028226,100.85106795485721,101.92833776959863,179400,Toyota
2019-03-25,101.40652465820312,101.56643409136093,100.50599388916666,100.9015552736934,136400,Toyota
2019-03-26,102.48381042480469,102.91303735825771,102.27340594658743,102.68580334703853,138300,Toyota
2019-03-27,101.86101531982422,102.13875077308096,101.44020636193282,101.93676427118294,143300,Toyota
2019-03-28,100.21143341064453,100.58174730558461,99.94211596551568,100.45550334857919,155500,Toyota
2019-03-29,99.32772827148438,99.57179819993132,99.17623681317366,99.5213031875058,250700,Toyota
2019-04-01,100.89315032958984,101.16246779751631,100.5396723568804,100.5396723568804,140500,Toyota
2019-04-02,101.54119873046875,101.6169412577393,101.08672430374082,101.41495476398296,88400,Toyota
2019-04-03,101.89466857910156,102.34072499357178,101.69268210144294,101.79367212975508,117900,Toyota
2019-04-04,102.74471282958984,103.00561231892362,102.38281688259386,102.42489392417696,155600,Toyota
2019-04-05,103.13185119628906,103.29176064110413,102.57638033811115,102.6773767907893,132100,Toyota
2019-04-08,102.8793716430664,103.08977612081705,102.45015113160035,102.45015113160035,84600,Toyota
2019-04-09,102.72787475585938,103.3506766003696,102.63529627683852,103.00561019292192,104100,Toyota
2019-04-10,102.82887268066406,103.05610668266714,102.71104669132397,103.04769512702487,65400,Toyota
2019-04-11,101.86943817138672,102.53431712719419,101.83577268262027,102.41649112702936,96800,Toyota
2019-04-12,103.01402282714844,103.35067124058061,102.5427124799296,102.5427124799296,117100,Toyota
2019-04-15,102.65213012695312,103.04769154356853,102.34914718746195,102.81203957308308,138500,Toyota
2019-04-16,102.46696472167969,102.86252610567092,102.26497825235607,102.64370368496712,114100,Toyota
2019-04-17,104.42794799804688,104.89925195569418,104.19229601922322,104.22595508388245,181700,Toyota
2019-04-18,105.3368911743164,105.56412516421702,105.16014577868486,105.19381126256542,189800,Toyota
2019-04-22,104.49527740478516,105.04232388127684,104.3437859319476,105.04232388127684,160500,Toyota
2019-04-23,105.15174102783203,105.18540651389107,104.77300912544403,105.10123958822602,117200,Toyota
2019-04-24,103.41800689697266,103.70416032649445,103.22443837265169,103.30859887979277,169900,Toyota
2019-04-25,103.67888641357422,103.94820382046233,103.367485553315,103.94820382046233,87900,Toyota
2019-04-26,104.04080200195312,104.21754098175238,103.90614006246722,104.1838754968809,126400,Toyota
2019-04-29,104.20069885253906,104.36060829094164,104.04079583517078,104.17545134564061,97800,Toyota
2019-04-30,104.02395629882812,104.53734365818764,103.90613032333913,104.53734365818764,155500,Toyota
2019-05-01,103.45165252685547,104.31851778398355,103.34224453067606,104.31851778398355,94500,Toyota
2019-05-02,103.17391967773438,103.64522999677024,102.96351523455012,103.45165508378575,84000,Toyota
2019-05-03,104.06605529785156,104.1586337811381,103.19077190561939,103.19077190561939,112400,Toyota
2019-05-06,103.5021743774414,103.53583344364935,102.11350352858072,102.35757349531679,137400,Toyota
2019-05-07,103.09819793701172,103.81357190379617,102.59322845581302,103.5190069081832,158400,Toyota
2019-05-08,102.47540283203125,103.22444228977078,102.4333193663462,103.14028177943601,140900,Toyota
2019-05-09,100.42183685302734,100.45550233595839,99.10049714789676,100.21985037647538,273300,Toyota
2019-05-10,100.37975311279297,100.60699351668212,99.08366733926866,100.08518816426472,143000,Toyota
2019-05-13,99.52972412109375,100.17776701027182,99.13416272258074,99.31090169235658,208600,Toyota
2019-05-14,100.21143341064453,100.77531580809647,99.92528643439768,100.0431124153269,136800,Toyota
2019-05-15,101.53277587890625,101.74318033926887,99.69804872770277,100.0262791721857,274300,Toyota
2019-05-16,100.90998840332031,101.23821887359459,100.15253100228927,100.27877497263361,160900,Toyota
2019-05-17,99.64755249023438,100.228264427412,99.47922507138729,99.63071653783243,334100,Toyota
2019-05-20,99.40349578857422,99.97579624681201,99.20992083637577,99.4119137658964,156300,Toyota
2019-05-21,99.52131652832031,99.63914252046385,98.85643761777605,99.18466808460948,124300,Toyota
2019-05-22,98.73860931396484,99.29408019623828,98.69652585159812,99.12575276780625,107600,Toyota
2019-05-23,98.86486053466797,99.1930910179022,98.51138254057499,98.78911158105643,116500,Toyota
2019-05-24,99.7738037109375,100.05153273543878,99.34457678793015,100.0178672492191,121200,Toyota
2019-05-28,100.48917388916016,101.54961419192627,100.47233793616046,100.88473531120182,145300,Toyota
2019-05-29,100.61540985107422,100.89313884313573,100.06835700071322,100.89313884313573,125700,Toyota
2019-05-30,100.78373718261719,100.9268106755651,100.47233626764124,100.80898469066275,125900,Toyota
2019-05-31,98.95742797851562,99.07525396339763,98.55344858675262,98.89009700971603,181300,Toyota
2019-06-03,99.4203109741211,99.53813695548615,98.83959904340317,98.95742502476823,102000,Toyota
2019-06-04,100.60699462890625,100.80056313106432,99.74012930463938,99.92528625177101,228500,Toyota
2019-06-05,101.1792984008789,101.83575929292229,101.02780693186624,101.41495037022426,136100,Toyota
2019-06-06,102.08824920654297,102.21448674898741,101.71793529261338,101.87784474108929,116600,Toyota
2019-06-07,103.00560760498047,103.40958699610674,102.57638070585278,102.63529369820094,120300,Toyota
2019-06-10,103.93138885498047,104.30170277210745,103.82198084357239,103.90614134627359,118700,Toyota
2019-06-11,105.1938247680664,105.41264723086668,104.68043730978614,104.78143377439443,153500,Toyota
2019-06-12,105.77452850341797,106.04384595057806,105.28638862386705,105.28638862386705,233100,Toyota
2019-06-13,105.0254898071289,105.0254898071289,104.52052039318721,104.73933640590678,119800,Toyota
2019-06-14,104.6888427734375,104.9076652100815,104.57943476563277,104.7393377891882,154300,Toyota
2019-06-17,104.5036849975586,104.75617291639185,104.2007020633725,104.6046814492988,85300,Toyota
2019-06-18,105.51362609863281,105.61461612536334,104.94973729157228,105.04231576343143,120700,Toyota
2019-06-19,105.37897491455078,105.43788790982947,104.9665839476,105.37055693778672,75400,Toyota
2019-06-20,105.8755111694336,106.03541416906234,105.42103683257768,105.96808963181351,83100,Toyota
2019-06-21,105.05915832519531,105.38738877478914,104.96657984751145,105.14331882644392,88700,Toyota
2019-06-24,105.0254898071289,105.37054977859252,104.96657681585295,105.25272379604061,157000,Toyota
2019-06-25,104.30170440673828,105.01707832246201,103.88931344231504,105.01707832246201,109300,Toyota
2019-06-26,103.76306915283203,104.40270053925738,103.64524316336352,104.2932861054403,96200,Toyota
2019-06-27,104.08287811279297,104.78142247031002,103.91455711097339,104.29328257558475,56000,Toyota
2019-06-28,104.3521957397461,104.72250964959903,104.2259517776567,104.43635624079413,83700,Toyota
2019-07-01,105.86711120605469,106.71714704114835,105.47154978513878,106.57406712519698,179200,Toyota
2019-07-02,106.8854751586914,107.08746166031406,106.29634518686069,106.29634518686069,173200,Toyota
2019-07-03,106.74240112304688,107.24737058510809,106.23743166098566,106.77606660998897,72100,Toyota
2019-07-05,106.5235595703125,106.58247255664014,106.00175424781483,106.17008165234662,75300,Toyota
2019-07-08,106.77606201171875,107.25578394317313,106.20376160041926,106.27950412700083,170900,Toyota
2019-07-09,106.80130767822266,106.80130767822266,106.38891672486676,106.76764219331109,85500,Toyota
2019-07-10,107.20527648925781,107.45776440576587,106.5656515638971,106.5656515638971,131500,Toyota
2019-07-11,106.67506408691406,106.95279952262655,106.35525161069147,106.95279952262655,74900,Toyota
2019-07-12,107.48301696777344,107.83650135171479,106.88546905304045,107.22211748387116,118900,Toyota
2019-07-15,107.41567993164062,108.13947819072636,107.07903794085485,107.81124775498614,115900,Toyota
2019-07-16,108.24046325683594,108.83801753146255,107.96272784824059,108.04689476311246,221400,Toyota
2019-07-17,108.87168884277344,109.10734082044918,108.6949434384818,108.98951483161132,176000,Toyota
2019-07-18,109.25041198730469,109.54498337414948,108.79594399493176,108.79594399493176,226400,Toyota
2019-07-19,109.55340576171875,110.75692609437735,109.43557976374461,110.51284970009979,411600,Toyota
2019-07-22,110.36976623535156,110.74008015045766,110.13411426066033,110.47075626962797,263300,Toyota
2019-07-23,110.8831558227539,111.08514873734083,110.731670768366,110.84107236028959,104500,Toyota
2019-07-24,111.9351806640625,112.06984261011607,111.29555568341307,111.32921474889146,158400,Toyota
2019-07-25,111.51437377929688,111.9941021552204,111.27872179037418,111.9941021552204,114900,Toyota
2019-07-26,111.05148315429688,111.2955595452469,110.5717676126817,110.857914626422,88700,Toyota
2019-07-29,110.86632537841797,111.20298025279158,110.76533533714105,110.80741880169656,134500,Toyota
2019-07-30,110.3613510131836,110.63066204299618,109.99944866560129,110.33610350545332,89700,Toyota
2019-07-31,108.61078643798828,109.31774235202062,108.0469040178385,108.95585283962404,203200,Toyota
2019-08-01,109.09049987792969,110.58857859981241,108.68652691211398,109.57863976423863,122800,Toyota
2019-08-02,108.526611328125,108.72860422063887,107.72707699695191,107.72707699695191,101100,Toyota
2019-08-05,107.97956848144531,109.2672427139936,107.47459265445556,108.9221763269529,294700,Toyota
2019-08-06,106.92755889892578,107.50827089521971,105.74087455412902,107.27261890587897,188900,Toyota
2019-08-07,107.91224670410156,108.12265117625243,106.90230138515646,107.18003682944399,290600,Toyota
2019-08-08,108.86328125,109.06526132846332,107.76075100608396,108.13948933734288,106400,Toyota
2019-08-09,108.5518798828125,108.98111325737499,107.86175983986092,108.76228437086993,128400,Toyota
2019-08-12,107.920654296875,108.44246610125512,107.58401229062342,108.29937976442537,126700,Toyota
2019-08-13,108.92218017578125,109.35982505183223,107.89540537547079,107.97957229696608,146400,Toyota
2019-08-14,106.44781494140625,107.90381646179823,106.12799608966016,107.90381646179823,184000,Toyota
2019-08-15,107.1884536743164,107.4156876765844,106.75080878108456,106.88547072393585,139400,Toyota
2019-08-16,108.39195251464844,108.56028635094825,106.75080034727478,107.58400660551158,116700,Toyota
2019-08-19,109.10736083984375,109.38509633065067,108.98953482938676,109.13260835336511,73900,Toyota
2019-08-20,108.59394836425781,109.15783077339466,108.52661739632175,108.97267382208774,73800,Toyota
2019-08-21,109.30934143066406,109.553404981132,109.19151543352946,109.25884640933074,83700,Toyota
2019-08-22,109.11575317382812,109.62914059510443,108.96426811938744,109.27566262600644,53100,Toyota
2019-08-23,107.5840072631836,109.23357099562872,107.49142878948022,108.54345106244173,111100,Toyota
2019-08-26,110.06678009033203,110.58016748642645,109.52814518640258,110.19301762950727,179900,Toyota
2019-08-27,109.79747009277344,110.47917849487382,109.69646721841356,110.2687740328888,99100,Toyota
2019-08-28,109.65438842773438,109.89005324989813,109.24200388360475,109.56180994683533,100500,Toyota
2019-08-29,109.83113861083984,109.9321286518241,109.46924906926608,109.82272705478127,92100,Toyota
2019-08-30,109.9405517578125,110.49600981876783,109.68806381624908,110.2687822292239,50600,Toyota
2019-09-03,110.73168182373047,110.97574538307913,110.40343848897902,110.5885954686522,97900,Toyota
2019-09-04,111.17771911621094,111.4049466812343,110.52125824422808,110.52125824422808,107600,Toyota
2019-09-05,110.39501953125,110.79058097566204,109.89846804726727,109.89846804726727,155100,Toyota
2019-09-06,111.13562774658203,111.30394873012328,110.93363486109182,111.10195584463307,331300,Toyota
2019-09-09,111.79209899902344,112.12874099750553,111.7331795861511,111.84259401458885,188700,Toyota
2019-09-10,112.45697021484375,112.66737467211868,112.20449513976898,112.4233111521901,133300,Toyota
2019-09-11,114.08131408691406,114.42638052365936,113.88774555691548,114.15705661925212,193500,Toyota
2019-09-12,114.28327941894531,114.71251273092062,113.87930645655877,113.87930645655877,117300,Toyota
2019-09-13,115.01549530029297,115.46155172116136,114.99024779285278,115.11648533005369,195000,Toyota
2019-09-16,114.4095230102539,114.68725841856208,114.07286819318273,114.62833900979906,141000,Toyota
2019-09-17,115.99177551269531,116.05068208292856,115.21747580795514,115.30164272779571,145900,Toyota
2019-09-18,115.34371948242188,115.83185933656837,114.93974654322304,115.76452837302386,83500,Toyota
2019-09-19,114.92292785644531,115.41947933985517,114.82192497492102,115.15016828728733,72800,Toyota
2019-09-20,114.93134307861328,115.9160345209129,114.8976840117449,115.36057644412605,97800,Toyota
2019-09-23,114.77142333984375,115.02391126599608,113.82881544708242,113.82881544708242,105500,Toyota
2019-09-24,115.6467056274414,116.43782841860076,115.35213425896511,115.89076914029744,237300,Toyota
2019-09-25,114.98181915283203,115.2427186147993,114.09813074089601,114.75459159425509,165900,Toyota
2019-09-26,116.41259765625,116.48834018747212,115.13333481330484,116.05910682640602,180900,Toyota
2019-09-27,116.23347473144531,116.9584465823371,115.9093678313877,116.71963508153172,114200,Toyota
2019-09-30,114.70677947998047,114.86881990655775,113.52977071123509,113.90504962383507,172600,Toyota
2019-10-01,113.68330383300781,114.82620242373751,113.4189062906848,114.82620242373751,302000,Toyota
2019-10-02,112.13101959228516,112.992445870391,111.71309295469375,112.77069605013378,136100,Toyota
2019-10-03,111.90072631835938,111.91778800029472,110.6554968363321,111.38045564045753,149400,Toyota
2019-10-04,112.4295425415039,112.54894829525682,111.81545208956001,112.02867757942245,118400,Toyota
2019-10-07,111.85807800292969,112.47216840670951,111.71308624290529,111.90072570040746,183900,Toyota
2019-10-08,112.09689331054688,112.72804541766949,111.88366783014402,112.47217223833597,152500,Toyota
2019-10-09,113.44446563720703,113.79415850449683,113.18860550431096,113.3421215840486,137000,Toyota
2019-10-10,113.13743591308594,113.43595679456135,112.83892804586117,112.9753954782071,91200,Toyota
2019-10-11,115.52555847167969,116.18229657139054,115.19292725493654,115.31233299904305,148300,Toyota
2019-10-14,115.20147705078125,115.6193906931857,115.16735368349225,115.38057917916846,56000,Toyota
2019-10-15,116.73668670654297,117.15461335066246,116.31877307667452,116.67699033695507,169400,Toyota
2019-10-16,116.64286041259766,117.21430313002975,116.49786864974924,117.0010776527379,171600,Toyota
2019-10-17,115.95201873779297,116.29318732998657,115.66203519511674,116.14818254439736,115300,Toyota
2019-10-18,115.79850769042969,115.97760982168535,115.4658764324175,115.92643778418373,113400,Toyota
2019-10-21,116.26761627197266,116.59171020844238,116.17379652382945,116.35289867030563,95700,Toyota
2019-10-22,116.29317474365234,116.8390314178333,116.2505270474625,116.50640021035193,80700,Toyota
2019-10-23,117.12049865722656,117.12049865722656,116.51493256384755,116.63433831284827,112700,Toyota
2019-10-24,117.82839965820312,117.84546134126165,117.41901036455552,117.61517416985006,137500,Toyota
2019-10-25,117.93929290771484,118.0757603573707,117.46166984817168,117.88812086765698,147900,Toyota
2019-10-28,117.9904556274414,118.00751731086372,117.4104885335954,117.65782437908825,117400,Toyota
2019-10-29,118.28042602539062,118.33161106996744,117.87103676852486,117.87103676852486,149700,Toyota
2019-10-30,118.57042694091797,118.63012330709137,117.2057786818796,117.2057786818796,136400,Toyota
2019-10-31,118.16957092285156,118.43396845211376,117.91369772818608,118.29750101305866,166500,Toyota
2019-11-01,119.26126861572266,119.48301841413743,118.93716174444374,119.08215349889758,115800,Toyota
2019-11-04,119.88389587402344,119.9436052572963,119.43185888217518,119.43185888217518,137900,Toyota
2019-11-05,120.03743743896484,120.20801524360883,119.75597820488876,120.15684320364086,80500,Toyota
2019-11-06,119.72184753417969,120.1312498574606,119.56833142363796,119.94361037951973,98900,Toyota
2019-11-07,121.8455581665039,122.3914148270441,121.65791871935735,121.70909074780653,179800,Toyota
2019-11-08,123.1505126953125,123.31256614895506,122.75817206995411,122.81788145361233,191900,Toyota
2019-11-11,123.7219467163086,124.0204675850412,123.1163936592797,123.62812698735692,210200,Toyota
2019-11-12,123.27845001220703,123.90960218070887,122.54495376771908,123.47462684351612,119600,Toyota
2019-11-13,123.29550170898438,123.42344480785502,122.84346472432635,123.235805340912,113800,Toyota
2019-11-14,122.70700073242188,122.70700073242188,121.86263612174962,122.3914311720091,98800,Toyota
2019-11-15,123.04817199707031,123.15904040450768,122.74965109910126,122.82640915369282,114500,Toyota
2019-11-18,122.47673034667969,122.61318477355438,122.19527112970124,122.22085714813096,128400,Toyota
2019-11-19,121.83705139160156,122.44260450118469,121.79440369033134,122.44260450118469,133300,Toyota
2019-11-20,120.57471466064453,121.0011655300836,119.83269431237981,120.89882148597749,93300,Toyota
2019-11-21,121.23147583007812,121.43617697168882,120.99266433865742,121.19736548026812,61300,Toyota
2019-11-22,121.5641098022461,122.05027014422933,121.41059370325172,122.05027014422933,69900,Toyota
2019-11-25,121.57264709472656,121.70911454010128,120.04595821913416,120.04595821913416,115700,Toyota
2019-11-26,121.08649444580078,121.11208046391361,120.49799000070296,121.09501878042127,86400,Toyota
2019-11-27,120.82209014892578,120.99266793154158,120.2676960876112,120.67709838298983,179900,Toyota
2019-11-29,119.58537292480469,119.90094244160471,119.46596718756284,119.53418788234451,107800,Toyota
2019-12-02,119.63653564453125,120.55767112340499,119.15037538585557,120.55767112340499,117800,Toyota
2019-12-03,120.02886199951172,120.08003402324076,119.36359966253794,119.84122256967315,109300,Toyota
2019-12-04,122.28907012939453,122.83492678707462,121.74321347171444,122.83492678707462,175400,Toyota
2019-12-05,121.81999969482422,122.0758729091704,121.60677418524445,122.050286889161,91500,Toyota
2019-12-06,121.76880645751953,121.83704017041734,121.39352754370663,121.41058922549358,93900,Toyota
2019-12-09,121.01824951171875,122.07585254796612,120.99266349597688,122.07585254796612,99300,Toyota
2019-12-10,120.41270446777344,120.82210681964031,120.25918834651266,120.51506156286635,147000,Toyota
2019-12-11,120.78795623779297,120.9670713531638,120.2420995725311,120.54062042673267,139400,Toyota
2019-12-12,120.77090454101562,120.94148230445862,119.6024201822204,120.13122816741755,150000,Toyota
2019-12-13,121.19735717773438,121.86261957458308,120.92442234095064,121.63233243282797,89100,Toyota
2019-12-16,121.5641098022461,121.66645386824236,121.26558892408967,121.27412627242303,75900,Toyota
2019-12-17,121.76880645751953,121.8455645041858,121.35940418013271,121.43617524104901,70600,Toyota
2019-12-18,121.44470977783203,121.57263986635702,121.2314842874563,121.47029579553703,69700,Toyota
2019-12-19,121.76028442382812,121.96498558826771,121.50442423609323,121.94792390433483,92700,Toyota
2019-12-20,121.08649444580078,121.3338302923086,119.8838995374923,119.8838995374923,129300,Toyota
2019-12-23,121.07797241210938,121.21442683988718,120.85620956524873,121.21442683988718,85900,Toyota
2019-12-24,120.54914093017578,120.83912442751603,120.42121086201068,120.68560834571791,66700,Toyota
2019-12-26,120.7112045288086,120.71120452880858,120.12270013717179,120.56621276792346,73700,Toyota
2019-12-27,120.49797821044922,121.11206861357354,120.46386786105344,121.11206861357354,133000,Toyota
2019-12-30,119.92654418945312,120.65151605555144,119.78155241908367,120.65151605555144,91800,Toyota
2019-12-31,119.8668212890625,120.02887472421642,119.51714141842717,119.9009446513315,89700,Toyota
2020-01-02,121.3167724609375,121.41059219168285,120.71120637808113,121.11207131724302,118100,Toyota
2020-01-03,120.04595184326172,120.6173945993845,119.66214856100028,120.4553411433905,174900,Toyota
2020-01-06,120.0630111694336,120.1653552388937,118.94571169699093,118.94571169699093,150200,Toyota
2020-01-07,120.69414520263672,121.4788134020513,120.566215121197,121.22295323917184,123500,Toyota
2020-01-08,120.39563751220703,120.75385475499749,119.91801452181977,120.18241203333768,117700,Toyota
2020-01-09,119.84123992919922,120.39563396648254,119.50008437875567,120.39563396648254,116200,Toyota
2020-01-10,119.17598724365234,119.54274185391475,118.9542374191514,119.40627441687519,172000,Toyota
2020-01-13,119.88389587402344,119.96065392601632,119.16746136025459,119.54274030010997,114100,Toyota
2020-01-14,119.72184753417969,120.01184410006654,119.42333964782027,119.76449523630288,109400,Toyota
2020-01-15,118.86042022705078,119.25276086337435,118.79218650707054,119.07364572164478,138200,Toyota
2020-01-16,119.4915771484375,119.4915771484375,118.86894930909548,118.92865869680715,104000,Toyota
2020-01-17,119.44038391113281,119.45744559420298,118.95423656476642,119.13333868712472,91100,Toyota
2020-01-21,121.43616485595703,121.93084947147368,120.60031170512771,120.89883254674517,166200,Toyota
2020-01-22,120.73680114746094,121.30824390733828,120.4468176002249,121.05237071273243,170800,Toyota
2020-01-23,122.01612091064453,122.05024426824244,121.19734252776344,121.49585032838243,169400,Toyota
2020-01-24,121.76028442382812,122.61318642094888,121.31678475558654,122.38291225198748,204900,Toyota
2020-01-27,120.31034851074219,120.71973780794463,119.98624160107089,120.63445542041347,186800,Toyota
2020-01-28,121.60675811767578,121.61528245180185,120.83061424193463,120.83061424193463,234500,Toyota
2020-01-29,120.728271484375,121.60675943615595,120.72827148437499,121.60675943615595,116900,Toyota
2020-01-30,120.32740783691406,120.42122757133633,119.17598500666364,119.83272314761949,111400,Toyota
2020-01-31,118.41688537597656,119.91800090589493,118.13542621411688,119.44890230279543,281600,Toyota
2020-02-03,118.4851303100586,119.30392185980187,118.16956077182168,118.28042916906023,160600,Toyota
2020-02-04,120.2165298461914,120.79650995212882,119.85831258116443,120.03742772080352,208100,Toyota
2020-02-05,120.87326049804688,121.2826497734705,120.65151068516124,121.2826497734705,104100,Toyota
2020-02-06,122.68994140625,123.15050269804256,122.01614162888222,122.81787148334516,204600,Toyota
2020-02-07,121.40206909179688,122.10145498748194,121.3338353692238,121.95646320735862,98000,Toyota
2020-02-10,120.49797821044922,121.02677321870902,120.01183089962166,120.19945734267348,135800,Toyota
2020-02-11,121.20587921142578,121.4020429877365,120.85618633877478,121.1035351566983,151200,Toyota
2020-02-12,121.47883605957031,121.67501290670151,121.0694467083559,121.11209441487367,99100,Toyota
2020-02-13,120.34446716308594,120.65151237752313,120.07153229947481,120.2591717646448,135900,Toyota
2020-02-14,119.53422546386719,120.25067312681847,119.20159416166791,119.9180418246192,139200,Toyota
2020-02-18,118.87747955322266,119.40627460476912,118.19515538120233,118.60454467871408,275800,Toyota
2020-02-19,117.56401062011719,118.28044518927197,117.29108874273763,117.38490848495447,315200,Toyota
2020-02-20,118.6471939086914,118.90306710327796,117.90517335721655,118.23780460590369,241000,Toyota
2020-02-21,118.58747863769531,119.24421676787834,118.24632307134735,118.80924146864707,150600,Toyota
2020-02-24,114.70677947998047,115.40615225998499,114.29737720391687,115.24409881915773,398800,Toyota
2020-02-25,114.31444549560547,116.2164131698048,113.69183072601794,116.2164131698048,317700,Toyota
2020-02-26,115.2526626586914,116.2334948485963,114.81767426717028,115.31235903709936,316800,Toyota
2020-02-27,112.0713119506836,114.05857507232047,111.9263201796952,113.57242772421245,304700,Toyota
2020-02-28,111.51691436767578,111.559562062062,109.17143433317399,109.89640609499237,367900,Toyota
2020-03-02,113.18862915039062,113.41890331810335,110.99666478283561,111.73016101695207,264200,Toyota
2020-03-03,111.6875,114.28032903607216,110.89430748837763,112.96685283622968,289000,Toyota
2020-03-04,112.45513916015625,112.57454492516541,110.0243631408778,110.45081416080367,244600,Toyota
2020-03-05,110.1949234008789,110.73225576499277,109.85376784495755,110.45079657494504,401900,Toyota
2020-03-06,108.41236877441406,109.0691004211951,107.63622486654727,108.67676630002225,292200,Toyota
2020-03-09,104.72782897949219,107.20124588296993,104.2587303141838,104.56577553018104,435200,Toyota
2020-03-10,108.31001281738281,108.3185436585636,105.1116306227402,107.71298407723295,462100,Toyota
2020-03-11,104.72782897949219,107.66181370696582,104.57430637149356,106.74920890028656,565500,Toyota
2020-03-12,95.69558715820312,101.307683021408,95.08150327812777,101.307683021408,536300,Toyota
2020-03-13,99.1327896118164,100.01980185180837,95.17531885270799,99.94304380507108,448700,Toyota
2020-03-16,92.53985595703125,95.95999439089444,92.12193584889775,93.81920880436348,409400,Toyota
2020-03-17,101.4015121459961,102.10089148354592,96.97494895059054,98.60399479579681,743300,Toyota
2020-03-18,98.99633026123047,101.73414477264785,95.55913640272631,98.82575247203879,579800,Toyota
2020-03-19,100.83860778808594,102.69793443538266,99.75541858835923,100.74478804615288,481000,Toyota
2020-03-20,99.32894897460938,103.92608943963062,99.32894897460938,102.34822231371906,317000,Toyota
2020-03-23,94.75740814208984,97.58051810481139,92.63368404586403,96.99201365965067,487900,Toyota
2020-03-24,99.23514556884766,99.76394714699153,95.96852937445036,97.2564132056773,407400,Toyota
2020-03-25,103.448486328125,105.07752579539884,101.03477206051342,103.74700073237665,486900,Toyota
2020-03-26,107.75562286376953,107.94326232280714,104.07108691806546,104.07108691806546,377300,Toyota
2020-03-27,108.52323150634766,110.23756607739926,106.6212639909364,106.69802203538468,329700,Toyota
2020-03-30,108.7011947631836,108.76196021907143,106.77405227225813,108.00672673337584,274400,Toyota
2020-03-31,104.12639617919922,106.04486254436404,103.77916880117299,104.34341660193448,356600,Toyota
2020-04-01,101.31382751464844,103.5882042470396,101.13153112882551,102.4336538472224,398100,Toyota
2020-04-02,102.27737426757812,102.53780139782363,100.4544042246707,100.61934184868866,292600,Toyota
2020-04-03,99.82940673828125,100.42838529805127,98.94396621869554,99.66446907737333,337100,Toyota
2020-04-06,106.26188659667969,106.60911398656616,103.64895876327509,104.1698064710427,328200,Toyota
2020-04-07,105.81916046142578,109.09182555345195,105.81916046142578,109.00501870811593,239600,Toyota
2020-04-08,107.2428207397461,107.57268942218008,105.68895360452453,106.92162810634112,238900,Toyota
2020-04-09,107.12996673583984,108.37131721994145,106.8521742313307,107.82442812829919,216300,Toyota
2020-04-13,105.26359558105469,105.73236052402088,104.32606569512232,105.68895378704804,154300,Toyota
2020-04-14,108.19771575927734,108.72724619071992,107.3817167423779,108.31056400978827,297800,Toyota
2020-04-15,106.76536560058594,107.69421274746499,106.45285566117451,107.69421274746499,302200,Toyota
2020-04-16,105.75840759277344,105.99278676536588,104.61253987834013,105.90597990969974,195400,Toyota
2020-04-17,108.17166900634766,108.47549629877933,107.22545644084525,108.47549629877933,180900,Toyota
2020-04-20,105.65422058105469,106.92161904033782,105.59345512831294,106.49626087114565,176700,Toyota
2020-04-21,104.75143432617188,105.88862604324123,104.52573781567835,105.42853710353016,221700,Toyota
2020-04-22,105.41117858886719,106.02751590339562,105.13339266368622,106.02751590339562,181700,Toyota
2020-04-23,105.62818908691406,107.00843590976903,105.61950641486955,106.22716762215812,156100,Toyota
2020-04-24,106.39210510253906,106.59176683403605,105.63687816234386,106.55704276669141,114100,Toyota
2020-04-27,107.81575775146484,108.00673680862408,106.99108268421027,107.42512358759448,160300,Toyota
2020-04-28,108.93557739257812,110.18561723696162,108.91821867160087,109.5779626586853,195700,Toyota
2020-04-29,110.99293518066406,111.8002448653875,110.367915249192,110.81932147656106,171100,Toyota
2020-04-30,107.28621673583984,108.57098059720964,106.74801030741754,108.42340829412211,265300,Toyota
2020-05-01,105.14207458496094,106.10564595481239,105.04658505296204,105.59347422655118,183200,Toyota
2020-05-04,104.7774658203125,104.98581021130256,104.01355625549694,104.38683167734803,189500,Toyota
2020-05-05,105.87125396728516,106.66988762196716,105.71499898067881,106.36606032104883,124900,Toyota
2020-05-06,105.54138946533203,107.16469823313092,105.41117586749726,107.16469823313092,131400,Toyota
2020-05-07,105.4892807006836,106.07957649603269,105.23754284677275,105.42851524923313,146700,Toyota
2020-05-08,106.86085510253906,107.25149583822052,105.87124250217973,105.88860784488791,216200,Toyota
2020-05-11,107.31226348876953,107.52928391650072,106.73932638054906,106.96502947981209,179100,Toyota
2020-05-12,104.3173828125,106.25320803845493,104.21321724067664,105.50665720000937,355200,Toyota
2020-05-13,102.22530364990234,104.0222325181085,101.57424236978507,104.0222325181085,340500,Toyota
2020-05-14,101.52214813232422,101.61763764536542,99.99432916954005,100.69747319926388,255300,Toyota
2020-05-15,101.47008514404297,101.86940199331447,100.79298237254179,100.87110655866631,179100,Toyota
2020-05-18,103.7097396850586,103.95280154340216,102.52046516623305,102.83297516208592,236300,Toyota
2020-05-19,102.62462615966797,103.89202472751053,102.62462615966797,103.55347337281674,220600,Toyota
2020-05-20,104.0135498046875,104.45627332941136,103.53610221695217,104.03090852472431,162600,Toyota
2020-05-21,102.3902359008789,103.4145725921556,102.01696049754237,103.18887611418496,132300,Toyota
2020-05-22,102.05168914794922,102.48573002608501,101.66973767878768,102.42496456806353,131800,Toyota
2020-05-26,107.73762512207031,107.9546455567497,106.52230936327813,106.81746059836989,378700,Toyota
2020-05-27,110.08143615722656,110.22033240558645,108.37131418118688,109.73420878220213,330200,Toyota
2020-05-28,111.42697143554688,112.26033572485326,111.2099510029633,112.14748086122947,341700,Toyota
2020-05-29,109.38699340820312,109.59533119327641,108.25848437842359,109.32622794493432,269100,Toyota
2020-06-01,109.76893615722656,110.10748751457614,108.29319981098168,108.42341339987111,233500,Toyota
2020-06-02,109.79497528076172,110.350547033617,109.33488642089115,109.71684448458079,237900,Toyota
2020-06-03,111.74816131591797,112.19956754020559,110.74987258973287,111.15787207682192,237000,Toyota
2020-06-04,111.25334930419922,112.05198284605481,110.68909489767216,110.68909489767216,196900,Toyota
2020-06-05,113.8055191040039,114.58678735580678,112.95478947902865,112.95478947902865,238900,Toyota
2020-06-08,114.64756774902344,114.69965053680407,113.5364108775704,114.4652647459144,189500,Toyota
2020-06-09,113.36279296875,113.79683384533995,112.52075260849541,112.8506279133842,195800,Toyota
2020-06-10,113.72737884521484,114.42184685498063,113.22388986928154,113.84890975348318,158400,Toyota
2020-06-11,108.02410125732422,111.01898081665125,107.49457082975393,110.57625724444983,266800,Toyota
2020-06-12,110.95821380615234,111.42697876612462,109.80366343934683,111.2446757625756,241600,Toyota
2020-06-15,110.5936279296875,111.30545477478707,108.72725064590848,109.5258843505687,188000,Toyota
2020-06-16,112.50338745117188,113.95308222119786,111.60057511497168,113.4582693213021,169000,Toyota
2020-06-17,111.87838745117188,112.84195878614248,111.84365676122353,112.57284229961286,157300,Toyota
2020-06-18,112.08670806884766,112.08670806884766,111.531136294804,111.87837693225374,114200,Toyota
2020-06-19,110.93217468261719,112.06067705562783,110.68043016435348,111.9825528721694,138800,Toyota
2020-06-22,111.22731018066406,111.40092386793167,110.40262860879889,111.05368987045884,124600,Toyota
2020-06-23,112.06067657470703,113.11973743218907,111.95651099720948,112.99820650981623,244800,Toyota
2020-06-24,110.94084930419922,112.34713748790647,110.24638126125231,112.32977214421683,433600,Toyota
2020-06-25,110.914794921875,110.94084293591422,109.38697591179344,109.76892735284497,192000,Toyota
2020-06-26,109.51719665527344,111.03633971633448,109.29149354606454,111.03633971633448,229700,Toyota
2020-06-29,110.15089416503906,110.24638368862017,109.31753646891704,109.78630141478659,242500,Toyota
2020-06-30,109.05711364746094,109.48247849601759,108.39737625101522,108.95294807062136,222100,Toyota
2020-07-01,107.7636489868164,108.54492374917557,107.66815948125378,108.3018619615387,255100,Toyota
2020-07-02,109.71685791015625,110.70647062995792,109.4998374606745,110.42000204713678,326500,Toyota
2020-07-06,110.2290267944336,110.59361955072886,109.66477231563091,110.3852817789799,285700,Toyota
2020-07-07,108.47549438476562,109.76025828529957,108.47549438476562,109.38698286891602,184200,Toyota
2020-07-08,108.86613464355469,108.9355761496095,108.22374938477721,108.9355761496095,179700,Toyota
2020-07-09,107.49455261230469,108.57097200691938,106.68723641060932,108.57097200691938,168200,Toyota
2020-07-10,108.48417663574219,108.55362476478551,107.26886086923649,107.5987295477851,198700,Toyota
2020-07-13,108.55361938476562,109.95123145353948,108.35395767939603,109.95123145353948,218200,Toyota
2020-07-14,109.75157928466797,109.92519299081928,108.64043567024746,108.64043567024746,191900,Toyota
2020-07-15,110.53285217285156,111.24467232872739,110.18561814400461,110.95821038114651,201500,Toyota
2020-07-16,109.80366516113281,110.47209185679141,109.44775506662795,110.47209185679141,212400,Toyota
2020-07-17,110.29846954345703,110.53285533438152,109.84706992910152,110.3158348880121,137000,Toyota
2020-07-20,110.48945617675781,110.80196617080658,110.17694618270905,110.4026493168418,145600,Toyota
2020-07-21,109.61267852783203,110.54152572583412,109.52587167831501,110.44604282742206,153000,Toyota
2020-07-22,109.60401916503906,109.71686742429739,108.93559241382684,109.16997822843754,104800,Toyota
2020-07-23,109.25677490234375,110.20298087688512,109.11787863657338,109.35226442932625,138800,Toyota
2020-07-24,108.69252014160156,109.50851914362036,108.55363049911621,108.83141640702539,124000,Toyota
2020-07-27,110.74118041992188,111.15786254330129,109.91650546738339,110.1074778750389,149600,Toyota
2020-07-28,108.90955352783203,109.39567726869112,108.70121572788375,109.37831854492012,161800,Toyota
2020-07-29,107.63346099853516,107.81575738258017,106.81746860656293,107.10393056838308,224800,Toyota
2020-07-30,106.3052978515625,106.47891818764205,105.22019558708517,105.90598101298748,186100,Toyota
2020-07-31,103.59687805175781,104.36079426867774,103.00658879023023,104.16981521444775,271900,Toyota
2020-08-03,104.98580169677734,105.15073271426218,103.74444461529183,103.83993413101669,240700,Toyota
2020-08-04,106.6959228515625,107.25149459892572,106.09694437086812,106.71328157113238,162400,Toyota
2020-08-05,108.35396575927734,109.23073019729593,108.12826264571113,109.09183393573572,172600,Toyota
2020-08-06,111.40961456298828,112.41659262575067,110.76723588812106,111.6179589626251,248000,Toyota
2020-08-07,112.81591796875,112.85063541299878,112.1648566105981,112.85063541299878,214900,Toyota
2020-08-10,113.3454360961914,113.4061949284989,112.8159057192224,112.85062315970157,174000,Toyota
2020-08-11,116.1059341430664,117.33860863941662,115.94099649111175,117.19103633131937,287700,Toyota
2020-08-12,118.4410629272461,118.84906236407612,118.19800112392711,118.81433168024493,251600,Toyota
2020-08-13,117.74659729003906,118.35425181038566,117.43408735873581,118.27612763902862,158100,Toyota
2020-08-14,116.51393127441406,116.74831705119246,115.97572483858134,116.03648367204178,110700,Toyota
2020-08-17,117.651123046875,117.67716444070739,116.81777195248543,117.14763402298776,158800,Toyota
2020-08-18,118.12857818603516,118.56261910533458,117.94627517174322,118.25010911360388,121200,Toyota
2020-08-19,117.37333679199219,118.49315639789674,117.312564712742,118.25877062145122,111900,Toyota
2020-08-20,116.40106964111328,116.5399658893397,115.97571809399841,116.0885597055415,118000,Toyota
2020-08-21,116.17537689208984,116.24482501842678,115.5503570009331,115.64584651891194,122600,Toyota
2020-08-24,116.98270416259766,117.58168275242242,116.64415277433292,116.88721463022156,154300,Toyota
2020-08-25,117.00874328613281,117.36466001315787,116.44449539860719,117.19104629744825,126800,Toyota
2020-08-26,117.0955581665039,117.25181978462449,116.31428981353383,116.67019329893536,138300,Toyota
2020-08-27,115.94100189208984,116.52261510258205,115.60245052341895,116.4705323144599,165000,Toyota
2020-08-28,116.2535171508789,116.5747031894826,115.9496964577309,116.34900668206886,100300,Toyota
2020-08-31,114.9600601196289,115.55903864816324,114.39581227888353,115.55903864816324,183300,Toyota
2020-09-01,114.84721374511719,114.986109998771,113.79682903993947,114.41317288685588,143900,Toyota
2020-09-02,115.0382080078125,115.12500824342736,114.21353291714483,114.31769849823368,123000,Toyota
2020-09-03,112.80721282958984,114.54337620748542,112.49470289173362,114.2569076606276,173300,Toyota
2020-09-04,115.6024398803711,116.1059288623259,113.6579320789466,115.45486757898576,203000,Toyota
2020-09-08,113.91836547851562,114.67360561573526,113.37148297776343,113.71871038287202,227300,Toyota
2020-09-09,113.8315658569336,114.12671047743673,113.12842174802107,113.12842174802107,179900,Toyota
2020-09-10,113.00687408447266,114.02254137241312,112.89403246593847,113.24994915686624,133700,Toyota
2020-09-11,114.01383972167969,114.23954942603946,113.3193717586586,113.83154999448489,155800,Toyota
2020-09-14,116.12330627441406,116.6267953086979,115.82814839509106,116.23614790139214,193000,Toyota
2020-09-15,116.34899139404297,117.00005268136883,116.2448258267511,116.73962551726332,100900,Toyota
2020-09-16,116.34899139404297,116.98268733819492,116.33162605086906,116.80039759543412,125800,Toyota
2020-09-17,117.1910400390625,117.55563279634548,115.94100015930555,116.14934455455729,132400,Toyota
2020-09-18,116.53997039794922,117.46013489776608,116.53997039794922,116.73962548382674,128000,Toyota
2020-09-21,113.90968322753906,114.84721306533936,113.03292546755601,114.84721306533936,306300,Toyota
2020-09-22,114.8038101196289,114.84721685580588,113.86628025088596,114.07462463700978,144600,Toyota
2020-09-23,115.70661926269531,117.32994126351441,115.61981902874456,116.7743694318958,199100,Toyota
2020-09-24,114.45659637451172,115.18578194410914,113.6405973222051,114.04859684835841,199500,Toyota
2020-09-25,115.42882537841797,115.55903233582325,114.5867850648622,115.10763938623454,189300,Toyota
2020-09-28,118.06780242919922,118.32822962185908,117.22576201226278,117.22576201226278,219000,Toyota
2020-09-29,118.29248809814453,119.61419187577744,118.2396220982498,119.01502595021557,136500,Toyota
2020-09-30,116.6976318359375,117.42015622732929,116.41566191583722,116.88266283157073,155900,Toyota
2020-10-01,116.68881225585938,117.04127465714186,116.32755678151038,116.86505017903355,130800,Toyota
2020-10-02,116.07202911376953,116.42449154315202,115.32307166083223,115.41117718437766,98800,Toyota
2020-10-05,116.39805603027344,116.46853506956242,115.6490851484284,115.85174263778413,236200,Toyota
2020-10-06,115.65788269042969,116.86504790436024,115.56977717562334,116.24824207538794,256600,Toyota
2020-10-07,116.68881225585938,116.90909621476123,116.31873681831216,116.90909621476123,115900,Toyota
2020-10-08,117.1469955444336,117.31441348853113,116.72405414807345,117.12936906477475,99300,Toyota
2020-10-09,116.38043212890625,116.62714910708905,116.28350664140109,116.50379061799765,107800,Toyota
2020-10-12,116.13370513916016,116.50378057453118,115.97509369824927,116.3099296162322,144400,Toyota
2020-10-13,116.88267517089844,117.30563009570028,116.6800176725979,117.05009314799909,104600,Toyota
2020-10-14,115.89579010009766,116.28349200130666,115.70193914949317,115.99271557539991,105100,Toyota
2020-10-15,115.57859802246094,115.62265750785917,114.88250655541077,115.1115970563875,123000,Toyota
2020-10-16,115.11157989501953,116.05440165072618,115.06752041618988,115.12038641275936,144400,Toyota
2020-10-19,115.32305908203125,116.12488245065074,115.09395516665529,116.12488245065074,106800,Toyota
2020-10-20,115.70194244384766,116.11607735510654,115.12920953852316,115.32306049464712,138300,Toyota
2020-10-21,117.3144302368164,117.88716317938093,117.06771326662863,117.19107175172252,162900,Toyota
2020-10-22,117.56114959716797,117.68450808476989,116.88267119282402,117.5347165959009,70800,Toyota
2020-10-23,117.43778228759766,117.91360316479464,117.01484085402927,117.91360316479464,59900,Toyota
2020-10-26,117.05889892578125,117.50827335322309,116.62713753427123,117.29679591645103,142000,Toyota
2020-10-27,116.71525573730469,117.22630267732495,116.53901781860473,117.22630267732495,144800,Toyota
2020-10-28,114.60933685302734,115.61383109999687,113.9132320606594,115.54333862449981,229500,Toyota
2020-10-29,115.7372055053711,116.61834140280044,114.90893561057682,116.24825249422133,140600,Toyota
2020-10-30,115.684326171875,115.88699710893192,115.02347424815058,115.32307067182309,116000,Toyota
2020-11-02,117.40255737304688,117.7638128898486,116.89149691492972,117.24394591256417,146200,Toyota
2020-11-03,119.71992492675781,120.5570147493282,118.47753358312441,118.47753358312441,147600,Toyota
2020-11-04,118.21318054199219,118.87403238297595,118.08100210675636,118.71542094970599,185100,Toyota
2020-11-05,120.77730560302734,121.06806862158581,119.437975255589,119.71112523640069,155900,Toyota
2020-11-06,120.89185333251953,121.77298930935287,119.93141834458753,120.45128534410287,165100,Toyota
2020-11-09,123.04182434082031,124.86578222311759,123.04182434082031,123.6233772985152,245600,Toyota
2020-11-10,123.30615234375,124.6630956296968,123.04180890114411,123.09467490065208,217800,Toyota
2020-11-11,125.54425811767578,126.28442260306123,125.22704860824454,125.74692908555467,176000,Toyota
2020-11-12,123.08587646484375,124.5309388082377,123.00657746037461,124.5309388082377,99500,Toyota
2020-11-13,124.78643798828125,124.98910888696548,123.48236087032447,123.61452585201918,136200,Toyota
2020-11-16,126.98050689697266,127.45631441139705,126.32846143010333,126.34608791436145,130200,Toyota
2020-11-17,125.77334594726562,126.4253779226329,125.17416653077265,125.84383843420991,150100,Toyota
2020-11-18,124.97150421142578,126.14341655215074,124.47807026692405,124.98913069374845,228600,Toyota
2020-11-19,124.16967010498047,124.31065507658039,123.47357865593958,123.9758191302973,140000,Toyota
2020-11-20,125.23584747314453,126.03767090919182,125.18298147132457,125.38563895998999,113000,Toyota
2020-11-23,126.23150634765625,126.8483121465081,126.19626683246767,126.66326771783956,238000,Toyota
2020-11-24,126.7425765991211,127.35056248281147,126.16102371515066,126.79544259856097,188300,Toyota
2020-11-25,124.51329803466797,124.71595550451823,123.38544528366556,124.213715088791,231400,Toyota
2020-11-27,123.5,124.38113582172649,123.39425455874819,123.4471340019069,77300,Toyota
2020-11-30,118.47753143310547,122.03731432502445,118.46871146982824,119.76398223538142,355200,Toyota
2020-12-01,119.95783996582031,120.23980990528428,119.11194359249515,119.48203249930827,289200,Toyota
2020-12-02,120.13404846191406,120.46007784164807,119.63180806107428,119.87852500272628,197900,Toyota
2020-12-03,120.58345031738281,121.73773616668775,120.4953313515306,121.39409371197051,171500,Toyota
2020-12-04,121.84346771240234,122.34572161475542,121.37646677428445,121.5086317775003,137800,Toyota
2020-12-07,121.72891235351562,122.31928520493587,121.33240390985281,122.12543424224452,150100,Toyota
2020-12-08,122.2488021850586,122.46026620067664,121.68487573496525,121.87872671265988,130700,Toyota
2020-12-09,124.1344223022461,125.56185807052142,123.06824201262525,124.18728830180207,190300,Toyota
2020-12-10,126.06411743164062,126.16984943534472,125.03317661525936,125.7909540136274,319900,Toyota
2020-12-11,133.051513671875,133.7035590426762,131.32448148586792,131.83554189351221,708800,Toyota
2020-12-14,135.3248291015625,136.48792129156124,135.2279036319739,135.69490450042866,494700,Toyota
2020-12-15,134.681640625,135.2279406330337,133.84455068357013,135.2279406330337,285300,Toyota
2020-12-16,136.65536499023438,136.99900745716863,134.81379416602437,135.8359150479554,266100,Toyota
2020-12-17,136.2588653564453,137.72155428802395,136.17074638174574,137.5629428225783,222100,Toyota
2020-12-18,135.49224853515625,135.75659195013108,134.67278529324076,135.47462205547404,327300,Toyota
2020-12-21,133.72998046875,133.72998046875,131.63287301975325,132.52281531316086,257100,Toyota
2020-12-22,132.84886169433594,133.712371100581,132.36423426657257,133.44802764497672,181800,Toyota
2020-12-23,133.1925048828125,133.3599228537813,132.34660850925783,132.73431045359263,317900,Toyota
2020-12-24,132.58450317382812,133.1660560210653,132.32896626592157,132.32896626592157,150200,Toyota
2020-12-28,134.4613494873047,135.183873964871,134.13532004767043,134.90191745620797,215600,Toyota
2020-12-29,135.1133575439453,136.75227063576915,134.7256556487729,136.57604616843577,265100,Toyota
2020-12-30,135.7742156982422,136.76109696234874,135.73015621809236,136.14429113038253,193500,Toyota
2020-12-31,136.19717407226562,136.43507107006764,135.66848718701803,136.0561891101908,160000,Toyota
2021-01-04,135.06930541992188,137.28977147540135,133.95027259664164,137.28977147540135,315600,Toyota
2021-01-05,135.166259765625,135.166259765625,133.7123907141412,133.85337570381938,231800,Toyota
2021-01-06,135.2808074951172,135.84473399102293,134.35561201642557,134.55828297461366,296100,Toyota
2021-01-07,134.52301025390625,134.54944325412475,133.5008894285701,133.63306787472885,345000,Toyota
2021-01-08,134.681640625,135.74780763713468,134.02959515616732,135.34249261345423,418100,Toyota
2021-01-11,135.1574249267578,135.87996276366692,133.77404865996556,134.9900069672269,335500,Toyota
2021-01-12,133.7123565673828,134.00313299243635,132.74310181720438,134.00313299243635,618700,Toyota
2021-01-13,132.74310302734375,133.05150593568436,132.19680313320754,132.94577394199746,387500,Toyota
2021-01-14,133.35108947753906,134.17055276747345,133.25416400120415,133.47444795241393,314900,Toyota
2021-01-15,130.7693634033203,131.42139527102518,129.87060114951655,130.98964734674814,390600,Toyota
2021-01-19,130.52264404296875,131.0601373927725,129.92346473651742,130.8046004938964,368800,Toyota
2021-01-20,132.15277099609375,132.20563700387498,130.5491104981006,131.0513510170906,256000,Toyota
2021-01-21,133.35108947753906,134.55825467281315,132.5228196697798,133.25416400120415,469100,Toyota
2021-01-22,130.3640594482422,130.927985911236,130.06447645588523,130.58434343292834,393400,Toyota
2021-01-25,129.28024291992188,130.3640361664031,127.98497224568564,130.3640361664031,369500,Toyota
2021-01-26,128.62818908691406,129.09518994452796,128.2493071796313,128.64581556599313,285800,Toyota
2021-01-27,125.68521881103516,127.6765810188229,125.33276984428085,127.49155001705007,407500,Toyota
2021-01-28,126.26676177978516,126.87474762794348,125.429685465754,125.84382036391793,275100,Toyota
2021-01-29,123.81722259521484,125.28871796050801,123.39426767537938,125.28871796050801,342600,Toyota
2021-02-01,123.72029876708984,124.00225527236371,122.7334173859632,123.50001478528607,362900,Toyota
2021-02-02,126.10816955566406,126.32845353738934,124.87458463602941,125.7028545585272,447900,Toyota
2021-02-03,130.46978759765625,130.90153554552967,129.3948008193718,129.80011576819442,462000,Toyota
2021-02-04,130.42572021484375,131.18349751353807,129.96752585061665,130.5931381620651,250800,Toyota
2021-02-05,132.9281463623047,133.21010282482703,131.51832371449734,132.14393604379146,329800,Toyota
2021-02-08,134.75209045410156,134.78734341508013,134.09123860893843,134.18816408403163,309400,Toyota
2021-02-09,135.6949005126953,136.0561693837328,134.69040633241687,135.19264670002406,326800,Toyota
2021-02-10,142.35630798339844,143.95116174543148,137.11355228357212,137.45719473260095,1415500,Toyota
2021-02-11,140.0477294921875,143.26386985969143,139.4397436246987,143.26386985969143,466600,Toyota
2021-02-12,141.41348266601562,142.13600699626653,140.68213837334181,140.68213837334181,418000,Toyota
2021-02-16,137.88015747070312,140.32971447430393,137.60700746200257,139.83628046567475,468500,Toyota
2021-02-17,137.92420959472656,138.15330010219458,136.9020886628213,137.6422530813096,279400,Toyota
2021-02-18,135.21031188964844,135.50989489259263,134.188190937767,134.93716189019534,490500,Toyota
2021-02-19,135.29840087890625,135.8799537169581,134.94593850202713,135.4393858296579,231800,Toyota
2021-02-22,134.32034301757812,135.62442023224497,134.04719307177612,135.29840428984457,291300,Toyota
2021-02-23,134.5758514404297,134.98117977748686,132.02936981007545,133.49205829610884,304000,Toyota
2021-02-24,134.3291473388672,134.74328223220346,132.81359271752268,133.04269662579003,419300,Toyota
2021-02-25,131.51832580566406,134.17055319145274,130.83104095132293,134.17055319145274,446200,Toyota
2021-02-26,130.346435546875,132.46116990879304,129.35076105901624,132.2761254421615,592900,Toyota
2021-03-01,131.58883666992188,132.14395660870971,130.8046262293658,131.4742981415714,347900,Toyota
2021-03-02,131.47430419921875,132.32899372195442,131.0777822560622,131.76506723810064,337100,Toyota
2021-03-03,131.1394500732422,132.33779536617064,131.00727162879897,132.1703774035822,377900,Toyota
2021-03-04,129.3948211669922,131.53597509720157,128.24934172942122,130.97204862032987,353400,Toyota
2021-03-05,130.86631774902344,131.2628262456615,128.60179185733594,130.45218276840407,313600,Toyota
2021-03-08,130.6107635498047,132.52282673483361,130.39929955021157,130.91035995767174,474500,Toyota
2021-03-09,133.52731323242188,134.32915003733513,132.66380391293507,132.9281473419803,349700,Toyota
2021-03-10,133.82693481445312,134.08245832875554,132.39067888749486,133.11321683322558,472100,Toyota
2021-03-11,132.48756408691406,133.30701383241004,131.28921899985113,132.30251967450903,498400,Toyota
2021-03-12,132.6374053955078,132.79601687219437,131.79152233674216,131.9677468535626,295500,Toyota
2021-03-15,134.72567749023438,135.39534939775808,134.16175103630596,134.81379646071923,394000,Toyota
2021-03-16,134.02076721191406,134.52300765141544,133.65067832588235,133.932648249513,284800,Toyota
2021-03-17,135.37771606445312,135.86234348746305,133.99433972429736,134.59350566906124,319100,Toyota
2021-03-18,138.96392822265625,140.58521481287553,138.3383159100371,138.71719783756086,824300,Toyota
2021-03-19,139.7305145263672,139.986037988422,138.4352438456286,139.84506648094268,425100,Toyota
2021-03-22,136.11785888671875,136.7522777582132,135.86233541253674,136.7522777582132,451100,Toyota
2021-03-23,133.35108947753906,134.89307713600755,133.13962548921953,134.85783761964277,386900,Toyota
2021-03-24,132.76072692871094,133.38633925102332,132.52281650247215,133.04269683315175,344200,Toyota
2021-03-25,133.11318969726562,133.28059420281713,131.3949641578344,132.17036795224172,273800,Toyota
2021-03-26,135.13980102539062,135.17505398863108,134.01194821288482,134.81378506327965,312200,Toyota
2021-03-29,136.48793029785156,136.8403926855515,135.28077855200937,135.69491345439098,317200,Toyota
2021-03-30,137.75926208496094,138.4486441850624,137.32057556219263,137.54439967744662,476000,Toyota
2021-03-31,139.71995544433594,140.08703025080854,139.49613134201934,139.86320614849194,289200,Toyota
2021-04-01,138.01890563964844,138.0815692880954,137.01616431423855,137.51754180751342,274500,Toyota
2021-04-05,139.1111602783203,139.52298897585635,137.67868056073812,138.01889756742017,300600,Toyota
2021-04-06,137.5623016357422,138.13529084877672,137.01617022479203,137.06989949010125,400300,Toyota
2021-04-07,138.5023651123047,139.43348111780065,138.36807610244486,138.62770607522063,216500,Toyota
2021-04-08,137.32058715820312,138.502371482747,136.881886937249,138.18902589161493,233700,Toyota
2021-04-09,138.12632751464844,138.2785262633289,137.43694546145198,137.92936121373518,181400,Toyota
2021-04-12,137.9562225341797,138.69037215834814,137.7861140280363,138.69037215834814,246300,Toyota
2021-04-13,139.46031188964844,139.47820798006757,138.1621349551008,138.77092989665616,220300,Toyota
2021-04-14,139.86322021484375,140.45411918306098,139.54986097562966,139.89007801693177,172900,Toyota
2021-04-15,140.8390655517578,140.94649674136906,140.11387769960584,140.54361611918887,179000,Toyota
2021-04-16,141.07186889648438,141.36730470467387,140.65107846996753,141.27778325590546,162700,Toyota
2021-04-19,140.03330993652344,141.43891814794668,139.603557838527,141.4210220563841,242300,Toyota
2021-04-20,137.96517944335938,138.6008322313113,136.8908128442687,138.53816858767632,317900,Toyota
2021-04-21,138.89630126953125,139.29023392327193,137.42801552631462,137.42801552631462,322400,Toyota
2021-04-22,138.57395935058594,139.29019911831398,138.24270409323086,139.21857377542744,227400,Toyota
2021-04-23,138.7620086669922,139.2991783672651,137.80403486007123,137.86671217206361,233700,Toyota
2021-04-26,137.4637908935547,138.15317288473048,137.4190370064871,138.15317288473048,249600,Toyota
2021-04-27,136.8102569580078,137.13256424675933,136.3268028554508,136.6132906337074,490100,Toyota
2021-04-28,137.213134765625,137.70555056601174,136.82816383332099,137.15941916215377,236100,Toyota
2021-04-29,136.47003173828125,137.66973936745833,135.80752110636138,137.4280055000915,377600,Toyota
2021-04-30,134.9838409423828,135.7269385876048,134.2049237912178,134.37503229160026,394000,Toyota
2021-05-03,136.2909698486328,136.76547585714803,135.4941565832828,135.61949753532195,230900,Toyota
2021-05-04,134.8227081298828,135.75382421936044,134.51831057265196,135.64637934064126,266700,Toyota
2021-05-05,135.56581115722656,136.3447148369952,135.28827139368335,136.16565824707783,250800,Toyota
2021-05-06,136.94456481933594,137.24896236437328,135.9686812079122,137.19524675773624,194200,Toyota
2021-05-07,137.5623016357422,137.62497894803272,137.01617022479203,137.28476190677645,162500,Toyota
2021-05-10,138.8246612548828,139.41556017312053,138.5113157033126,139.06639511436902,264100,Toyota
2021-05-11,136.2999267578125,136.6669878937018,135.3330050213464,136.6669878937018,431200,Toyota
2021-05-12,137.44593811035156,139.3708203394412,137.1146690781647,139.21862155649782,627500,Toyota
2021-05-13,138.97686767578125,139.12011839013186,137.08779157134492,137.75031587936155,342600,Toyota
2021-05-14,139.531982421875,140.11391975512313,139.36187387984003,139.66627144919622,315500,Toyota
2021-05-17,142.06565856933594,142.3521600399721,140.94653781430472,141.18827172251122,436100,Toyota
2021-05-18,143.83834838867188,144.95746908696327,143.53395083741052,143.6592918091735,322500,Toyota
2021-05-19,142.61175537109375,142.84454117467402,141.56426023839867,142.02087013856692,250200,Toyota
2021-05-20,143.44439697265625,143.7667042380927,142.5401524846088,142.63863563963494,209300,Toyota
2021-05-21,144.2860107421875,144.420299774625,143.5966284996755,144.14276000015906,211200,Toyota
2021-05-24,145.73635864257812,145.91541520477875,145.16336944685207,145.1991752948362,236400,Toyota
2021-05-25,145.2529296875,146.64959023988538,144.70679819856548,145.9333502060322,199500,Toyota
2021-05-26,146.84654235839844,147.2046555100456,145.7363697304665,145.78113728970766,231900,Toyota
2021-05-27,148.21630859375,149.03997956928873,147.64331949506487,147.7238928852383,248600,Toyota
2021-05-28,148.60130310058594,149.3175430031993,148.35958289160158,148.87884281832788,160000,Toyota
2021-06-01,154.29537963867188,154.66245444453634,153.1225435302582,153.51647613546504,596500,Toyota
2021-06-02,158.13621520996094,158.3242198128851,157.11557781066813,157.3483499680017,630300,Toyota
2021-06-03,160.85792541503906,161.26080612008184,158.4943431294952,158.73607701697722,478800,Toyota
2021-06-04,163.31101989746094,163.53484399786495,162.0575967385151,162.65744368826117,386900,Toyota
2021-06-07,161.86956787109375,163.1677447265398,161.25181126083277,162.97077845482943,384400,Toyota
2021-06-08,160.80419921875,162.04866076324868,160.60723290283164,161.9680873597748,307100,Toyota
2021-06-09,161.63681030273438,161.86959611599502,161.03696333827062,161.1802140447173,207400,Toyota
2021-06-10,161.31451416015625,161.8337877609547,160.99222054015056,161.68158899779414,194400,Toyota
2021-06-11,162.46945190429688,162.46945190429688,161.60996128007653,161.81588930470497,164500,Toyota
2021-06-14,161.68157958984375,162.04865440612224,160.68780000256504,162.04865440612224,189900,Toyota
2021-06-15,163.34681701660156,163.64226645268857,162.65743499906523,163.39158456651867,180900,Toyota
2021-06-16,164.59127807617188,165.52239393250716,163.92876751880758,164.67185146918027,326000,Toyota
2021-06-17,165.80889892578125,165.97005938971662,164.73454592372403,165.62984236896165,277400,Toyota
2021-06-18,158.49432373046875,159.70297935880365,157.84970921684206,159.26427919612627,735000,Toyota
2021-06-21,160.150634765625,160.62514079543536,158.01982482419297,158.46747305315668,284400,Toyota
2021-06-22,160.60723876953125,161.20708578587033,160.10587491474877,161.20708578587033,237900,Toyota
2021-06-23,159.10316467285156,159.58661882557217,157.6975424545994,157.90345684731906,611500,Toyota
2021-06-24,159.06732177734375,159.702988280314,158.95989057278425,159.702988280314,164800,Toyota
2021-06-25,159.45230102539062,160.0790057995785,159.17474765433502,159.353817870794,156100,Toyota
2021-06-28,158.5301513671875,159.1837139604971,158.25259798811368,159.04941129427303,209100,Toyota
2021-06-29,158.22572326660156,158.7987123955858,157.9302738258715,157.9302738258715,166900,Toyota
2021-06-30,156.53363037109375,157.79600166307188,156.3366640562685,157.10661956118355,313200,Toyota
2021-07-01,157.1066131591797,157.1961482663208,156.09493748640966,156.4172447465226,181500,Toyota
2021-07-02,157.59901428222656,158.32420213481205,157.42890579114837,157.921321512391,210300,Toyota
2021-07-06,156.61419677734375,157.9929609195238,155.24439434252622,157.6348478146439,288100,Toyota
2021-07-07,157.25880432128906,157.45577061858017,156.29189624876372,157.36624917689974,128300,Toyota
2021-07-08,155.9875030517578,156.34562984311998,154.93105975480498,155.0384909616435,189500,Toyota
2021-07-09,159.17474365234375,160.0163244684396,159.0494027006575,159.05836440793885,320700,Toyota
2021-07-12,160.1685333251953,160.6251432688991,158.5032813413615,159.17475369514707,176000,Toyota
2021-07-13,160.41920471191406,160.66990027578316,159.66715900372407,160.24910986881372,281900,Toyota
2021-07-14,161.1533660888672,162.0397145203664,160.7594334526453,161.48462141426282,230700,Toyota
2021-07-15,160.1953887939453,160.5535155741005,159.59554180596768,159.99843614128474,177800,Toyota
2021-07-16,159.47915649414062,160.5087419180303,158.80768417565452,160.5087419180303,195700,Toyota
2021-07-19,157.8407440185547,158.45850066541198,155.8084175461306,158.18094733073264,261100,Toyota
2021-07-20,159.47018432617188,159.69400841765196,157.3841421542408,157.6975013467683,152000,Toyota
2021-07-21,160.8668670654297,161.0906911883465,159.52392232792877,159.52392232792877,183200,Toyota
2021-07-22,159.3538055419922,161.32345482039858,159.309037991341,161.14439827893227,321200,Toyota
2021-07-23,161.01905822753906,161.5472798091951,159.95365335736398,160.3833917914961,195900,Toyota
2021-07-26,160.70571899414062,160.95640091695057,160.11482003559993,160.46398511816668,155700,Toyota
2021-07-27,159.7567138671875,160.31179334028997,159.10315123003713,160.31179334028997,152700,Toyota
2021-07-28,161.03697204589844,161.36824103011122,159.622401980812,159.756704648295,143600,Toyota
2021-07-29,162.4246826171875,162.8186152465421,161.59206346425702,161.90540902950553,157400,Toyota
2021-07-30,161.01010131835938,162.1202737725144,160.7683811263478,161.6994833715683,147200,Toyota
2021-08-02,162.83651733398438,163.61542084826382,162.1739930647966,162.94394853288108,167500,Toyota
2021-08-03,166.48036193847656,166.51618144451874,163.89295590305423,164.30479825570592,246900,Toyota
2021-08-04,163.10508728027344,164.51070914843928,162.24561040924573,163.57064522107763,194600,Toyota
2021-08-05,163.7139129638672,164.26899240340816,163.0245308572134,163.40951544290212,128800,Toyota
2021-08-06,161.7979736328125,162.5052518090876,161.18916495018448,162.1739964980506,183400,Toyota
2021-08-09,161.6636962890625,162.4157420737694,161.3771948504272,162.1560984373636,163300,Toyota
2021-08-10,161.06381225585938,161.26077855107658,159.57763065713664,160.7504667215691,220400,Toyota
2021-08-11,162.38888549804688,162.46945890534394,161.51148508145474,162.17400941744748,133400,Toyota
2021-08-12,161.99493408203125,162.1471328318974,161.33240982278528,162.05759772673423,105600,Toyota
2021-08-13,162.3530731201172,162.3799309237295,161.86961899395442,162.25458995315833,93100,Toyota
2021-08-16,161.6905517578125,161.77112516333818,159.19266689739416,160.76839746486675,129800,Toyota
2021-08-17,159.5149688720703,160.75048236024136,158.9688374842263,160.75048236024136,213900,Toyota
2021-08-18,157.3304443359375,159.34486138688143,157.15138777474826,158.91512290779926,227300,Toyota
2021-08-19,150.90220642089844,153.4627545944552,150.18596659017808,152.33467242120062,650600,Toyota
2021-08-20,147.41952514648438,148.39539505398773,146.7480527706745,148.33271774156472,448000,Toyota
2021-08-23,151.0723419189453,151.27825629644653,148.86990643653508,149.39812811240995,329900,Toyota
2021-08-24,153.11358642578125,153.6149501986962,151.82435748906383,152.02132378001446,308100,Toyota
2021-08-25,155.55775451660156,155.88006177744126,154.06261111972117,154.34909887316792,263300,Toyota
2021-08-26,153.62391662597656,155.5846180634122,153.17626839500548,155.3518459013176,175200,Toyota
2021-08-27,155.6741485595703,155.73681220625605,153.94621933544852,154.0267927359614,140300,Toyota
2021-08-30,154.76095581054688,155.53985940542736,154.42073876398268,155.53985940542736,134400,Toyota
2021-08-31,155.9875030517578,156.6858332184887,155.43242360157177,155.43242360157177,184400,Toyota
2021-09-01,157.7601776123047,158.44059792791992,156.69477275808336,156.72163055599327,204100,Toyota
2021-09-02,157.78704833984375,158.3421277569851,157.09766626100927,157.84971198638902,198800,Toyota
2021-09-03,160.49978637695312,160.50873442277162,158.3152610170399,158.85243065006105,279400,Toyota
2021-09-07,162.6216278076172,162.7111629067091,161.7442412132964,162.04863869238795,224300,Toyota
2021-09-08,161.1533660888672,162.4963108062744,160.41921641933732,162.4963108062744,219900,Toyota
2021-09-09,161.21604919433594,161.99495278686368,160.7415294755473,160.7415294755473,173300,Toyota
2021-09-10,157.8407440185547,161.5114507355076,157.67958357709128,161.18019546852406,278200,Toyota
2021-09-13,159.77459716796875,159.87308031571024,158.71814034118364,158.8882488382952,173700,Toyota
2021-09-14,160.60723876953125,161.941235474045,159.95367614891413,161.35033650470547,175800,Toyota
2021-09-15,162.684326171875,162.84547297773832,161.0101124978355,161.09068590076717,257900,Toyota
2021-09-16,162.89024353027344,163.22149885584756,161.60996246186244,162.11133996532234,161600,Toyota
2021-09-17,162.00389099121094,162.72013088828416,161.65472591979446,162.50525482082028,155100,Toyota
2021-09-20,158.2078399658203,159.96261333845376,156.7216445963474,159.96261333845376,363500,Toyota
2021-09-21,162.8544158935547,163.31997386439207,161.43089784205094,161.51147124244412,295400,Toyota
2021-09-22,162.57688903808594,163.74077722662656,161.8248432526808,162.6753722000657,248400,Toyota
2021-09-23,163.65122985839844,163.83030007487423,162.5231612647542,162.8723263290588,206200,Toyota
2021-09-24,163.45425415039062,164.04513933352507,162.94392869548182,163.55272362996507,128700,Toyota
2021-09-27,166.99069213867188,167.295089642899,165.63878580089627,165.70146310766378,221600,Toyota
2021-09-28,165.4955596923828,166.88325830663157,164.86884122784969,166.60571858378182,197600,Toyota
2021-09-29,167.9387664794922,169.74991524458343,166.4264589187972,167.6489898624212,238600,Toyota
2021-09-30,160.96585083007812,164.39797175239966,160.96585083007812,163.61917720972946,403400,Toyota
2021-10-01,160.84812927246094,161.42769636732854,159.76144269683036,161.2918657271133,241800,Toyota
2021-10-04,155.58676147460938,158.96455068250467,155.00719431439703,158.62044174917207,381700,Toyota
2021-10-05,155.88558959960938,156.61005194332338,154.94379822536007,155.6682467511042,184900,Toyota
2021-10-06,151.20375061035156,151.65653778620623,149.7186092262669,150.81434645377317,462600,Toyota
2021-10-07,153.46771240234375,153.94766578435144,152.63458551625547,153.13265425738714,212800,Toyota
2021-10-08,155.73162841796875,156.17536484201085,155.01621691426757,155.22450897218837,153400,Toyota
2021-10-11,158.61135864257812,160.1508462546962,158.35779890321103,158.81965071403422,209100,Toyota
2021-10-12,160.40440368652344,160.80285864778807,159.1003742925553,160.1689454905202,250700,Toyota
2021-10-13,159.17283630371094,159.82485105967464,158.1676480397644,159.3358330837166,325600,Toyota
2021-10-14,158.93736267089844,159.0098102831977,158.00462211674548,158.11330044417895,157800,Toyota
2021-10-15,159.6256103515625,159.78860711807977,158.285350231897,158.93736493390472,203800,Toyota
2021-10-18,161.69032287597656,162.09782862008674,160.9930266715402,161.19225415852202,207300,Toyota
2021-10-19,161.7989959716797,161.96200656875192,161.27376109795654,161.92577585030457,197800,Toyota
2021-10-20,160.96585083007812,161.7989776262885,160.3047853820576,161.7989776262885,161000,Toyota
2021-10-21,157.5880889892578,158.6566603387134,157.38886148038117,157.56997362900415,218700,Toyota
2021-10-22,157.026611328125,158.78342805283705,156.46515956504098,158.4755360419826,206700,Toyota
2021-10-25,155.96710205078125,156.49233695188903,155.65015924667955,156.49233695188903,247100,Toyota
2021-10-26,156.8455047607422,158.2853649372912,156.4923312491741,157.2349089913263,145400,Toyota
2021-10-27,157.65145874023438,158.7381453583846,157.579011123295,158.30347347471852,205500,Toyota
2021-10-28,159.81576538085938,159.81576538085938,158.73812963979756,158.73812963979756,181400,Toyota
2021-10-29,159.89730834960938,160.0059728761852,159.03700145431293,159.562236362715,164800,Toyota
2021-11-01,162.9853057861328,162.9853057861328,161.3100011373553,161.3100011373553,219100,Toyota
2021-11-02,162.65023803710938,163.00341154273315,160.95681812783263,163.00341154273315,166500,Toyota
2021-11-03,163.9723663330078,164.23497683405418,162.2698820071504,162.9128321052134,163000,Toyota
2021-11-04,164.34364318847656,165.57522496225667,163.54674708871474,164.81454575967845,171300,Toyota
2021-11-05,162.3513946533203,164.07198066976028,161.64504765137377,163.82748550460434,176500,Toyota
2021-11-08,163.4380645751953,163.51051218567613,162.23364895964312,162.56872088536304,204300,Toyota
2021-11-09,159.67088317871094,161.64502871753828,159.05508540777663,161.41863511989467,222500,Toyota
2021-11-10,160.61270141601562,162.3604536504744,160.03313426151462,160.69419980853039,203000,Toyota
2021-11-11,162.125,162.39667511086338,161.36432074395867,161.61788049597246,122500,Toyota
2021-11-12,166.9879150390625,167.30487160853957,164.36175478727972,164.7239790227088,291100,Toyota
2021-11-15,166.97886657714844,167.94783783816428,166.9335850926018,167.54938288290427,177100,Toyota
2021-11-16,169.73182678222656,170.41100767675326,169.25187338886533,169.34243636865716,228700,Toyota
2021-11-17,168.62701416015625,168.9258415506713,167.28675410671974,168.43683745731434,204200,Toyota
2021-11-18,167.21432495117188,168.57268669348187,166.49892718012882,168.57268669348187,271700,Toyota
2021-11-19,168.40061950683594,168.70851148287213,167.76670637997856,167.85726934609207,197400,Toyota
2021-11-22,167.61277770996094,168.8353087889641,167.13282433950073,168.54551832183418,264200,Toyota
2021-11-23,167.5856170654297,168.0565196809419,166.78870707271216,167.61278319536592,182700,Toyota
2021-11-24,167.35922241210938,167.63994829837782,166.18197278952564,167.44072080141885,255500,Toyota
2021-11-26,162.84945678710938,164.04480788887085,161.90765161072065,163.67353286195709,171400,Toyota
2021-11-29,160.71231079101562,162.1250048280104,160.30480502157027,161.83522816763815,222000,Toyota
2021-11-30,161.05642700195312,161.49109888387957,159.0822674476743,161.2194237759368,331300,Toyota
2021-12-01,161.4548797607422,165.52091444761578,161.41866285880172,163.72788071518664,246700,Toyota
2021-12-02,165.86502075195312,166.2815772638377,162.47816731051915,162.69551015452606,238100,Toyota
2021-12-03,165.2311248779297,166.98792775328684,164.3164858141834,166.33591302549598,194000,Toyota
2021-12-06,167.16000366210938,167.54034331675928,165.1677424062414,165.9465370756591,189600,Toyota
2021-12-07,169.74085998535156,170.15741645224173,168.3462677350578,168.90773323360315,245100,Toyota
2021-12-08,165.24920654296875,166.17289626590298,164.64247337552192,166.12761478398073,265500,Toyota
2021-12-09,163.70069885253906,164.10820459557002,163.00340264994944,163.90897710911582,186600,Toyota
2021-12-10,165.13148498535156,165.13148498535156,163.53766531735883,164.85074533530815,125500,Toyota
2021-12-13,159.48977661132812,160.7575892028502,159.08227084968436,160.4406326004771,583700,Toyota
2021-12-14,163.70973205566406,165.18582268746252,162.2970382618298,163.90895952073998,440500,Toyota
2021-12-15,169.11602783203125,169.34242144358686,166.96075622827175,167.9931105442465,479100,Toyota
2021-12-16,169.6503143310547,171.10828974985793,169.46920220445176,170.1302676846387,384300,Toyota
2021-12-17,166.66192626953125,168.20141398655724,166.53514639120834,168.06556951965885,382600,Toyota
2021-12-20,164.7692413330078,164.98658413975514,163.1029879351801,164.41606790827294,251500,Toyota
2021-12-21,165.55712890625,166.3811911606865,164.89604960352264,165.5390135480736,180100,Toyota
2021-12-22,164.23497009277344,164.40703143583085,163.05772063529977,163.05772063529977,165900,Toyota
2021-12-23,166.42648315429688,166.90643654150077,165.6386377485038,165.7925837577984,167800,Toyota
2021-12-27,168.34628295898438,168.69040566811887,166.63474781918637,166.63474781918637,196900,Toyota
2021-12-28,167.3048858642578,168.77191210610738,167.2052721183316,168.3553555816669,113600,Toyota
2021-12-29,166.33590698242188,167.16904762941832,165.58429235488472,166.86114181728078,117800,Toyota
2021-12-30,166.69813537597656,167.2867532023125,166.3630772734132,166.87019672095838,123200,Toyota
2021-12-31,167.80296325683594,168.57269331693993,166.93360562769237,167.0332193787612,189900,Toyota
2022-01-03,168.699462890625,169.75899718633158,167.67617312995634,169.17036548672016,352900,Toyota
2022-01-04,180.38136291503906,182.40984068219907,174.1600713478457,174.8483029019938,1057300,Toyota
2022-01-05,178.35287475585938,182.3283458066461,178.26232560692523,180.93376731493538,555700,Toyota
2022-01-06,180.88848876953125,181.83934466558063,177.65558148655708,181.6853986737203,422800,Toyota
2022-01-07,181.5133514404297,182.91699465156816,179.9557622254589,181.7306804726777,371000,Toyota
2022-01-10,181.43185424804688,182.14725201385744,179.00490743419283,182.00235677942462,380000,Toyota
2022-01-11,182.83547973632812,182.89887658177406,180.70738802528106,182.29214334579197,255500,Toyota
2022-01-12,187.1007537841797,188.05160980218085,185.32582162937948,185.64277824137008,511400,Toyota
2022-01-13,191.41127014160156,193.55749101870828,190.50569567709218,191.07621201148342,547000,Toyota
2022-01-14,190.7954864501953,191.29355517008347,189.40995862266902,190.75925573349267,267700,Toyota
2022-01-18,187.87953186035156,189.70879611461908,187.62597212031085,189.35562263256455,379600,Toyota
2022-01-19,183.30636596679688,187.1822232421261,183.01658934797103,187.1007248635159,562200,Toyota
2022-01-20,182.4460906982422,185.47070613032852,182.22874784963656,184.3478026241242,283000,Toyota
2022-01-21,180.90663146972656,181.9752028046072,179.81088018585055,180.37233198431522,363700,Toyota
2022-01-24,179.0320587158203,179.22223542248778,174.72152948370334,176.94923480198548,546500,Toyota
2022-01-25,178.40721130371094,180.00103112457063,174.4860724114827,176.58701169608173,433100,Toyota
2022-01-26,175.8353729248047,179.7746269426748,174.62190659111363,179.73839622998563,537200,Toyota
2022-01-27,172.02291870117188,175.26486288576945,171.41617169477988,174.29590546538168,336900,Toyota
2022-01-28,174.8936004638672,175.10187872132914,170.42911117585822,173.87029689890977,274700,Toyota
2022-01-31,179.7112579345703,179.95576692019816,176.51458103413987,177.49260315868088,418800,Toyota
2022-02-01,177.88198852539062,178.15366363306345,176.31534854356764,176.81341727130615,333800,Toyota
2022-02-02,180.8070068359375,181.05150200044332,179.1860207531876,180.1549920946483,243600,Toyota
2022-02-03,180.68927001953125,182.43703590417476,180.42665950731518,181.09677576095532,299100,Toyota
2022-02-04,178.28952026367188,179.52110219360023,176.37875742719413,179.3580915906835,267500,Toyota
2022-02-07,178.61550903320312,179.6750294788225,177.97254509544976,179.43957127892742,178000,Toyota
2022-02-08,181.40467834472656,181.7759533632474,179.31278978248577,181.11488789147492,288500,Toyota
2022-02-09,182.35552978515625,184.69191361669408,181.46807065809725,183.0347106495113,342500,Toyota
2022-02-10,176.052734375,178.6698440159935,175.90783914484854,176.58701999096763,420900,Toyota
2022-02-11,174.51329040527344,177.6737369729878,173.7888279485635,176.08898139429758,230000,Toyota
2022-02-14,171.1264190673828,172.5119469849741,170.09406466176637,172.05915972254633,259600,Toyota
2022-02-15,171.51580810546875,172.11349060339495,170.6464643066402,171.37092668431103,227300,Toyota
2022-02-16,172.33082580566406,172.87416220129955,171.3437529416518,172.15876444409,207000,Toyota
2022-02-17,168.9258575439453,170.7279557349443,168.5545825085285,170.2480023656277,192200,Toyota
2022-02-18,171.1264190673828,171.41619572999184,169.80427418118668,171.035856087709,183000,Toyota
2022-02-22,168.11085510253906,169.76805814966949,166.9879377114971,169.37865391664232,202300,Toyota
2022-02-23,166.48080444335938,170.78228310338136,166.32685844420968,170.00348851958492,242200,Toyota
2022-02-24,165.0228271484375,165.31261760329622,159.9968862179833,160.30479203076305,363100,Toyota
2022-02-25,167.87539672851562,168.19233949667966,165.95556948953904,166.53513658746397,228200,Toyota
2022-02-28,165.6748504638672,167.42261641788616,164.4976008612696,167.05132756004144,322000,Toyota
2022-03-01,164.5519256591797,167.62182223580848,163.7731311444436,166.47173891124007,305600,Toyota
2022-03-02,162.23367309570312,162.7860741170793,160.3500902148498,160.3500902148498,342100,Toyota
2022-03-03,159.4626007080078,161.626923078897,158.312531111765,161.3914786976597,289500,Toyota
2022-03-04,154.62684631347656,154.92568755748042,153.1235893229009,154.70834470239478,335200,Toyota
2022-03-07,145.0458526611328,149.0756560517554,144.89190666845386,148.2968615006937,569800,Toyota
2022-03-08,141.57749938964844,144.88285426400884,140.4093144852213,143.99538139674044,739600,Toyota
2022-03-09,148.55947875976562,149.99028792827812,147.4275107927116,148.70437397586096,438800,Toyota
2022-03-10,148.90359497070312,149.76390172247642,147.17395833338034,149.76390172247642,392700,Toyota
2022-03-11,143.32528686523438,146.35895329510183,143.23472388369825,145.56205709306178,355800,Toyota
2022-03-14,145.8789825439453,147.9255896123149,145.44431068380095,147.15584581471177,389500,Toyota
2022-03-15,150.26194763183594,150.6151348991534,148.74964010164976,149.6008822149449,388200,Toyota
2022-03-16,155.65921020507812,155.74977318805682,152.83382200617427,153.83901031816447,384300,Toyota
2022-03-17,155.5233612060547,155.8855854593061,152.60741036808128,153.99293817282378,300300,Toyota
2022-03-18,155.48712158203125,155.52335229606243,153.8480341303228,154.8260561396338,179000,Toyota
2022-03-21,155.57769775390625,156.62816746247026,155.05246289962423,155.66824691073217,233400,Toyota
2022-03-22,156.5013885498047,157.28923392708188,155.1792437267022,155.57769870949937,229100,Toyota
2022-03-23,159.18190002441406,161.74467776743515,159.18190002441406,160.26858676676935,419500,Toyota
2022-03-24,163.24790954589844,163.483353927817,161.88048328645485,163.07584818997088,299900,Toyota
2022-03-25,161.58164978027344,163.36563263280186,160.84813665351234,162.88567925805768,231900,Toyota
2022-03-28,161.05642700195312,162.27894426074062,160.40441227007847,161.436766625885,240100,Toyota
2022-03-29,167.35922241210938,168.43685828621363,166.39026487505478,166.39026487505478,393600,Toyota
2022-03-30,165.53811645507812,167.45361082135332,165.06154683805025,167.03201494587532,179500,Toyota
2022-03-31,165.19903564453125,167.11451625213255,165.18987568397068,166.6379465788768,230300,Toyota
2022-04-01,165.30899047851562,165.83140184339226,163.80593203849057,165.25400275266983,148500,Toyota
2022-04-04,167.33448791503906,167.8385654596475,165.3456855887414,165.8864169617426,261100,Toyota
2022-04-05,162.82528686523438,166.5004444271208,162.67864360481883,166.34464120718096,242400,Toyota
2022-04-06,161.7804718017578,162.85277438048993,160.8547984930546,161.57884082271377,227800,Toyota
2022-04-07,159.9199981689453,160.89148537332872,158.34361795571755,159.93831808945177,257500,Toyota
2022-04-08,156.519775390625,157.6653997063338,155.41997884447892,155.80490693639646,366400,Toyota
2022-04-11,155.47496032714844,157.14299597644177,154.70510417424595,155.5666158625912,313400,Toyota
2022-04-12,151.89144897460938,154.08188208690453,151.34155769888136,152.98208555077676,452300,Toyota
2022-04-13,154.3751678466797,154.74176202865794,152.8812692850086,152.8812692850086,264400,Toyota
2022-04-14,153.29368591308594,156.26314902881902,153.15621659578534,155.16335253640085,196300,Toyota
2022-04-18,156.05238342285156,156.62060867286579,155.163377734148,155.32834094169792,281400,Toyota
2022-04-19,157.1338348388672,157.31713194002054,155.5391346756933,155.80491337466484,195400,Toyota
2022-04-20,160.79983520507812,162.11043676803337,160.35991935879747,161.01980012055475,253600,Toyota
2022-04-21,159.16844177246094,162.61447432290697,159.03097246267507,162.3028678976121,189500,Toyota
2022-04-22,155.37413024902344,158.16945600161,155.20916708231502,158.06864051595377,185600,Toyota
2022-04-25,157.7845458984375,157.8670274911683,155.32832014352684,155.78656986048233,185800,Toyota
2022-04-26,152.89044189453125,156.3823024914341,152.89044189453125,155.40164138696454,293200,Toyota
2022-04-27,154.00856018066406,155.71324970328047,153.51365663491748,153.51365663491748,204300,Toyota
2022-04-28,158.52691650390625,159.30594665739451,155.0533756360693,156.40063099324362,298200,Toyota
2022-04-29,156.72140502929688,160.13078408204126,156.51061407274332,158.4535884202338,139200,Toyota
2022-05-02,156.4373016357422,156.7214142427282,154.2835222204088,156.14401508358083,178500,Toyota
2022-05-03,157.69288635253906,158.31611322378498,156.44644659471842,156.44644659471842,163600,Toyota
2022-05-04,160.24990844726562,160.51568709142302,156.44642795556828,157.6562137460849,204700,Toyota
2022-05-05,155.74073791503906,159.31509400223413,154.79674464220145,158.99431361509968,331700,Toyota
2022-05-06,158.829345703125,159.7550050444961,157.14299019650662,158.62771472030425,293400,Toyota
2022-05-09,154.4026641845703,157.08800087302467,154.20103318585072,156.25399699796293,366300,Toyota
2022-05-10,152.5513153076172,155.5299382204426,151.4148650541436,154.75092215712127,317400,Toyota
2022-05-11,143.9453887939453,148.72035666421345,143.93622883472804,147.9688204682797,464200,Toyota
2022-05-12,145.3018035888672,146.36494621162473,143.85374689454116,144.0736977925803,517100,Toyota
2022-05-13,147.85885620117188,148.5920585494507,146.30080995149913,146.5940825000077,246200,Toyota
2022-05-16,145.9158935546875,146.65825592234782,144.7610952186179,146.11751058156113,201500,Toyota
2022-05-17,146.62159729003906,146.84156222131728,145.65010998340574,145.8425810463584,273500,Toyota
2022-05-18,142.49732971191406,145.50344677103203,142.3048726599896,145.21017422082798,341900,Toyota
2022-05-19,142.87307739257812,144.00036763224244,142.2865183914462,142.29567835009823,492700,Toyota
2022-05-20,145.41183471679688,146.66743473535948,143.13890556442027,145.89757840213895,422600,Toyota
2022-05-23,147.877197265625,148.72037511233583,146.8965361055774,147.16232878722514,250000,Toyota
2022-05-24,147.1898193359375,147.67556293250183,146.34662752355626,147.0431760655519,221600,Toyota
2022-05-25,147.5839080810547,148.36293822202563,146.31913434125266,146.31913434125266,256000,Toyota
2022-05-26,151.70814514160156,152.2305565142353,150.03094955504687,150.3059021730293,233300,Toyota
2022-05-27,152.89959716796875,152.9362509908544,151.4423664726876,151.6073296526797,229400,Toyota
2022-05-31,152.47801208496094,153.24788226677956,151.68066202253573,153.24788226677956,253400,Toyota
2022-06-01,154.61346435546875,155.6857671027278,153.48617387522302,155.50246999788118,194100,Toyota
2022-06-02,156.02487182617188,156.14400724541858,154.12771124687762,155.03505073932337,148300,Toyota
2022-06-03,151.0482635498047,152.24887552366096,150.40671676812627,152.24887552366096,261800,Toyota
2022-06-06,151.75399780273438,153.43119366441957,151.51571295321878,153.3120442473251,157600,Toyota
2022-06-07,152.3680419921875,152.52384522914662,150.92913106343798,151.04828047362486,192000,Toyota
2022-06-08,151.54319763183594,152.76212965801534,151.21325725307395,152.55133868912293,179600,Toyota
2022-06-09,150.7733154296875,153.0462440735165,150.7733154296875,152.16639847192602,126900,Toyota
2022-06-10,147.83135986328125,149.3527522631866,147.8221859188531,148.93115637496206,241400,Toyota
2022-06-13,142.51564025878906,144.56860371243204,142.18569995346556,144.4402943706212,339400,Toyota
2022-06-14,142.20407104492188,143.1388905005923,141.26007764372113,142.51567753014535,265900,Toyota
2022-06-15,143.66128540039062,144.28449829905466,141.42502455756758,142.13989299293934,211000,Toyota
2022-06-16,141.56251525878906,143.61546513545628,140.70100351354242,143.3771803061066,461500,Toyota
2022-06-17,141.09507751464844,141.54416724775075,139.66534071168866,141.27837459470237,397900,Toyota
2022-06-21,145.80589294433594,146.30081047467942,144.18369900014872,144.18369900014872,319700,Toyota
2022-06-22,145.8517303466797,146.63992047863928,143.82626029181256,143.82626029181256,166700,Toyota
2022-06-23,144.36697387695312,145.36595475919108,143.23050970869897,144.66942032458536,176300,Toyota
2022-06-24,145.79673767089844,145.79673767089844,144.1653697296579,144.69694110153108,178800,Toyota
2022-06-27,143.45965576171875,144.75192332427193,143.2946925756932,144.52279846501094,208000,Toyota
2022-06-28,143.99122619628906,147.3914452393218,143.9087446038016,145.9616943795151,225700,Toyota
2022-06-29,142.6714630126953,143.36799753731336,142.25904107068897,143.340503673491,108300,Toyota
2022-06-30,141.2967071533203,141.71830301963556,139.67449934170722,140.82929750593073,147300,Toyota
2022-07-01,142.4881591796875,142.59813462977016,140.05944142589112,140.1235891102158,178300,Toyota
2022-07-05,141.75497436523438,141.79164217623153,139.8578276939665,140.36189122546222,208500,Toyota
2022-07-06,140.068603515625,140.78347192137676,139.43621669868978,140.78347192137676,223500,Toyota
2022-07-07,144.0278778076172,144.0462117116677,142.07574355871344,142.15822514993377,241700,Toyota
2022-07-08,143.67044067382812,144.19285204361321,143.15720324821746,143.35883423466035,159100,Toyota
2022-07-11,142.21322631835938,143.54214780185893,142.08491694722161,143.52382788074826,159700,Toyota
2022-07-12,142.4514923095703,143.38632559542967,141.62664845918724,141.74579785400707,179400,Toyota
2022-07-13,142.46066284179688,142.94640638411596,141.05841993892548,141.186729290016,120400,Toyota
2022-07-14,140.35272216796875,141.52584031973842,139.47287656180575,141.52584031973842,248600,Toyota
2022-07-15,143.61546325683594,143.75294656728218,141.99325528933983,142.689803832388,204300,Toyota
2022-07-18,143.66128540039062,144.92605908666596,143.3221850869806,143.89041025748855,228000,Toyota
2022-07-19,147.02484130859375,147.13481676840965,145.49428889257734,145.87921698660494,321300,Toyota
2022-07-20,144.71524047851562,146.34660818817042,144.2569908076088,146.27330054733503,255100,Toyota
2022-07-21,145.8883819580078,146.1083468698674,144.88940087123956,145.29266288397926,199200,Toyota
2022-07-22,146.91485595703125,147.71220595635504,146.3832846292584,147.1806346285822,133400,Toyota
2022-07-25,146.10833740234375,146.68573651814066,145.61343386356887,146.68573651814066,111700,Toyota
2022-07-26,144.86190795898438,145.7875813992323,144.74275854952535,145.54928258031424,154500,Toyota
2022-07-27,146.6857452392578,147.00651166791593,144.80691849976313,145.65925630740384,129300,Toyota
2022-07-28,146.19081115722656,146.456603809002,144.53194951597635,145.44844889652748,176700,Toyota
2022-07-29,149.01364135742188,149.18777848946232,146.03501816214748,146.59408338280124,293700,Toyota
2022-08-01,152.84461975097656,153.09206453765535,151.75398314967074,151.75398314967074,248600,Toyota
2022-08-02,149.99429321289062,151.4056961173106,149.86598385794335,150.58085226188828,215900,Toyota
2022-08-03,149.50856018066406,150.19593477012754,147.7855367346473,149.24276750798862,190900,Toyota
2022-08-04,143.5788116455078,144.98105472871575,143.551317779929,144.11954298145395,398500,Toyota
2022-08-05,144.17453002929688,144.82525080914635,143.2030428243242,144.449482668454,233100,Toyota
2022-08-08,143.1572265625,144.15620771323208,143.0105832785375,143.8904289976392,259900,Toyota
2022-08-09,140.16943359375,142.97391978270943,139.7295177562807,142.05742029692283,289200,Toyota
2022-08-10,144.70606994628906,145.12766576597335,142.21319079993026,142.973886876214,243100,Toyota
2022-08-11,145.35679626464844,146.3924309761196,145.06350977259558,145.61341495285984,124600,Toyota
2022-08-12,147.8405303955078,148.11548303925846,145.94338372450588,146.68574607336197,203700,Toyota
2022-08-15,147.06150817871094,147.4647561903502,146.10834091748995,147.4647561903502,142200,Toyota
2022-08-16,146.10833740234375,146.57574707700175,145.33848123772887,145.99836194587633,191500,Toyota
2022-08-17,147.3456268310547,148.1796307380832,146.46578116794794,146.71323994580177,148100,Toyota
2022-08-18,145.84254455566406,146.42910357430506,145.52176419256207,146.16331093409596,163400,Toyota
2022-08-19,143.39552307128906,144.7794323314906,143.08390260175048,144.50447967468503,184200,Toyota
2022-08-22,141.43418884277344,142.92807329945018,141.0950745678518,142.60730691222278,206000,Toyota
2022-08-23,140.66432189941406,142.3140235917562,140.66432189941406,140.9026206900512,185600,Toyota
2022-08-24,141.5991668701172,142.19488592651103,140.41688871746703,140.59101186811165,220600,Toyota
2022-08-25,142.97393798828125,142.97393798828125,141.6266824538485,142.05743838579227,112900,Toyota
2022-08-26,139.0971221923828,142.51566114530493,139.0604543838233,142.19488075143084,207300,Toyota
2022-08-29,139.0971221923828,139.74782895526369,138.57471080544582,138.59304470972558,173800,Toyota
2022-08-30,137.63070678710938,140.01361070960309,137.06248166076242,139.9036212771676,290800,Toyota
2022-08-31,136.8975067138672,138.42805898687206,136.8516929330059,137.97898324480315,293400,Toyota
2022-09-01,134.5421142578125,135.52276134043714,133.45147773798692,135.28447653173185,268600,Toyota
2022-09-02,133.40567016601562,135.52278185572976,132.9657543046307,135.22950927636418,189700,Toyota
2022-09-06,131.92091369628906,133.1948471853089,131.31602079180402,132.89240073306638,232300,Toyota
2022-09-07,131.3710174560547,131.52682067211845,129.18975844649125,130.133751686841,311200,Toyota
2022-09-08,132.09506225585938,132.21419766761457,130.57366990407544,130.7019792599686,264500,Toyota
2022-09-09,133.4331512451172,133.8364132396853,133.07571701987214,133.8364132396853,159300,Toyota
2022-09-12,132.9290771484375,133.70810729281956,132.58081685896155,132.58081685896155,228600,Toyota
2022-09-13,128.52073669433594,131.01361675812393,128.49324282474575,130.59203476795827,265700,Toyota
2022-09-14,129.65716552734375,130.79362976778134,129.06144653744454,129.72131321049008,199500,Toyota
2022-09-15,128.72235107421875,130.4728684632486,128.52989401198676,129.3730718679055,239900,Toyota
2022-09-16,128.98814392089844,129.46471358918689,128.4840664018698,128.60321581127815,212500,Toyota
2022-09-19,129.6388397216797,129.84963067185566,128.30991836412832,128.41989381905992,238500,Toyota
2022-09-20,128.9789581298828,130.28038561469205,128.49321456106918,129.77632212663084,276900,Toyota
2022-09-21,126.09197998046875,128.3099066893674,126.08282002161499,127.85165702261968,238100,Toyota
2022-09-22,127.43924713134766,129.68466791312116,126.58689539882951,128.9697994843879,388300,Toyota
2022-09-23,125.8170394897461,126.11948597706174,124.49727808497644,126.11032601732661,475700,Toyota
2022-09-26,124.295654296875,125.93619618817804,123.81908463894452,124.76307797921166,265800,Toyota
2022-09-27,124.40563201904297,125.77120715760415,123.58077417865961,125.45960072186128,303400,Toyota
2022-09-28,125.4596176147461,125.96369514318603,123.131715007959,123.5074691794572,213000,Toyota
2022-09-29,124.18948364257812,125.48002874988312,123.05677335650905,125.44289697836716,421100,Toyota
2022-09-30,120.9677505493164,124.81153318227335,120.7635045723692,124.60728720532614,424900,Toyota
2022-10-03,125.8885498046875,126.45490495101973,124.22663030444767,124.55157934993439,368800,Toyota
2022-10-04,129.84375,130.15012606094132,128.37679716626786,128.45107487307982,325400,Toyota
2022-10-05,128.2096710205078,128.60891193070793,126.61273571375591,127.6990206316585,193100,Toyota
2022-10-06,126.42704010009766,127.30906480366981,126.27848469378439,126.5941684739559,246200,Toyota
2022-10-07,126.12994384765625,127.0491003221602,125.53573638757426,126.5755959009619,292300,Toyota
2022-10-10,125.21078491210938,126.04638436105574,124.65370916812869,126.04638436105574,294200,Toyota
2022-10-11,125.39645385742188,127.05838727934652,124.5237085967941,124.5237085967941,282400,Toyota
2022-10-12,125.34075927734375,126.55702660064455,125.34075927734375,125.85140964854509,214900,Toyota
2022-10-13,126.62201690673828,127.01196421092476,123.01962633422094,123.73453680874093,294000,Toyota
2022-10-14,124.51444244384766,126.64058692170379,124.44944413721569,126.64058692170379,303500,Toyota
2022-10-17,126.41775512695312,127.01196255898839,126.12993789429859,126.12993789429859,206500,Toyota
2022-10-18,124.6537094116211,125.62858488197924,123.68812750946307,125.58215954205271,350600,Toyota
2022-10-19,123.45601654052734,124.31018897130028,122.63897588195113,124.02237169394499,176100,Toyota
2022-10-20,123.70670318603516,125.15508315448088,123.29818285298124,124.07807757952509,172000,Toyota
2022-10-21,124.18948364257812,124.3380390626912,121.94263603971027,122.26759925032952,313600,Toyota
2022-10-24,125.099365234375,125.4336078201173,123.6138394828484,124.0687851089215,188300,Toyota
2022-10-25,127.26266479492188,128.04255949592005,126.06495620615192,126.15780688499555,193100,Toyota
2022-10-26,128.0611114501953,128.95242975154883,127.03982487264983,127.09552961016746,185600,Toyota
2022-10-27,126.7055892944336,127.89400431734167,126.63131158462377,127.2440920652864,194400,Toyota
2022-10-28,129.537353515625,129.7880248261064,127.70830580391414,127.82899467550854,207800,Toyota
2022-10-31,128.87814331054688,129.35166188139948,127.72687436781814,128.6646037755283,216800,Toyota
2022-11-01,125.48932647705078,128.12612151983677,124.84869360272758,128.12612151983677,251000,Toyota
2022-11-02,125.70284271240234,128.31178489958393,125.57286028137977,126.8726845916054,215900,Toyota
2022-11-03,125.57289123535156,126.52919382082432,124.62586805187406,125.51718648932805,212200,Toyota
2022-11-04,127.52264404296875,127.82902015016946,125.8978561495703,126.26923057267949,210000,Toyota
2022-11-07,127.43905639648438,127.68974189176703,126.17636368616802,127.03982965124192,216500,Toyota
2022-11-08,127.6618881225586,128.72960006550124,126.87269987462766,127.53190567587842,183800,Toyota
2022-11-09,124.9043960571289,126.3620695754237,124.50516929756016,126.2692188947206,194900,Toyota
2022-11-10,130.46580505371094,130.51223038963732,127.71758667093684,127.74543903908797,211300,Toyota
2022-11-11,133.00975036621094,133.19545171164935,131.38496276278994,131.9977432018801,144300,Toyota
2022-11-14,131.95132446289062,133.1397394645928,131.5520977176892,132.0998798798595,191500,Toyota
2022-11-15,133.46470642089844,134.59741671484124,132.7033705127952,134.32815824313656,183400,Toyota
2022-11-16,131.95132446289062,132.99119821464828,131.67280076485443,132.9076269382131,122200,Toyota
2022-11-17,132.703369140625,132.7312356779483,131.0043178843039,131.10644796440744,129800,Toyota
2022-11-18,132.9447784423828,133.24187512173566,132.42484862824662,132.84264835981855,130300,Toyota
2022-11-21,131.98846435546875,132.70336070371795,131.79348360874937,132.56409886107815,161000,Toyota
2022-11-22,134.93165588378906,135.08949070209223,133.9753534059953,134.28174364165122,179900,Toyota
2022-11-23,136.21292114257812,136.21292114257812,134.85737775574228,135.60942007409344,198900,Toyota
2022-11-25,137.6613006591797,138.0141020645397,136.426460322859,136.48216506228297,95600,Toyota
2022-11-28,136.02720642089844,137.13206420403753,135.85081281857674,136.33359662549336,140700,Toyota
2022-11-29,134.99664306640625,135.72083303353884,134.50456563148347,134.86666061504977,170200,Toyota
2022-11-30,137.122802734375,137.28991695853907,134.48600775049366,135.03378993017557,171400,Toyota
2022-12-01,137.09495544433594,137.63345824275135,136.09222756111674,136.68643510298457,199500,Toyota
2022-12-02,136.04579162597656,136.12006933380454,134.6159847096045,135.14519389822058,164900,Toyota
2022-12-05,132.9447784423828,134.4395837415368,132.44340743087653,134.40243780222713,223400,Toyota
2022-12-06,130.99502563476562,132.65695930344995,130.1687055845282,132.65695930344995,242600,Toyota
2022-12-07,131.70994567871094,132.79623071052373,131.23644117777482,131.6078155902315,208200,Toyota
2022-12-08,132.09988403320312,132.19273471348404,131.48710354420845,131.83991912884625,141000,Toyota
2022-12-09,133.0840301513672,133.89179134898527,132.29485608901183,132.29485608901183,127900,Toyota
2022-12-12,133.8082275390625,133.8917988172871,132.53625540071369,133.34400247636296,130800,Toyota
2022-12-13,134.16102600097656,136.79782062056427,134.00319119984167,136.33359561710066,167100,Toyota
2022-12-14,134.30030822753906,135.89724361529636,133.51113410203544,135.56300099536983,170400,Toyota
2022-12-15,131.5242462158203,133.52970185706096,130.9671704820231,132.97262612326375,151300,Toyota
2022-12-16,130.3822479248047,131.38497578808185,130.02015293254001,130.24298606894328,170200,Toyota
2022-12-19,129.62091064453125,130.72576845879914,128.92457311456644,129.983005593432,191500,Toyota
2022-12-20,128.896728515625,130.20584655094794,128.8410237765941,128.95243325465592,178300,Toyota
2022-12-21,127.62474822998047,127.94969724248855,126.90983773522547,127.29978505044912,238600,Toyota
2022-12-22,127.19766998291016,128.52534689131895,126.1578103529942,128.3860850362498,211600,Toyota
2022-12-23,127.32763671875,127.9032712046767,126.44561202246848,127.23478604881586,149400,Toyota
2022-12-27,126.41775512695312,127.16979735860465,126.12064432742415,126.38060919350066,137600,Toyota
2022-12-28,124.53302001953125,126.9841277871771,124.31946629014655,126.2692172228982,236900,Toyota
2022-12-29,127.57833099365234,127.6526087013183,126.18565585071988,126.2135082202166,249400,Toyota
2022-12-30,126.80772399902344,127.56904576004537,126.26922120853227,127.08626187921199,168700,Toyota
2023-01-03,128.38609313964844,128.56250094522036,127.21625098215557,128.08899644107402,309800,Toyota
2023-01-04,127.37406921386719,128.49748588129626,126.87269823527612,128.32109226574278,467100,Toyota
2023-01-05,125.82355499267578,126.49204016336539,125.03436678179891,126.00924216963989,178400,Toyota
2023-01-06,129.02670288085938,129.55591203553044,126.18564803203772,126.39918757395598,164900,Toyota
2023-01-09,129.92730712890625,131.52424240806604,129.27739490297472,129.34237904205585,229900,Toyota
2023-01-10,129.18455505371094,129.37953582134233,128.28395726265322,129.05457259763173,231100,Toyota
2023-01-11,128.91529846191406,129.676620155861,128.71103831224016,129.676620155861,251000,Toyota
2023-01-12,132.1741485595703,132.52696410901453,130.64221165692007,132.0812978885513,242800,Toyota
2023-01-13,130.2615509033203,130.89289016649542,129.53736096401985,130.37296038105143,291500,Toyota
2023-01-17,134.41171264648438,135.29373732738338,133.94748763895618,134.30028901110202,383700,Toyota
2023-01-18,135.09877014160156,137.50346668873445,134.69026399430143,137.41061601110638,305300,Toyota
2023-01-19,133.86390686035156,134.7180932804983,133.34397715558185,134.51383315833564,244900,Toyota
2023-01-20,135.6558380126953,135.85081875760628,134.16103285845648,134.55098018125486,269500,Toyota
2023-01-23,135.58155822753906,136.1014879832909,134.73666529093072,135.3401663172324,231300,Toyota
2023-01-24,135.56300354003906,139.63889919916681,134.62527397318252,139.63889919916681,143600,Toyota
2023-01-25,135.69297790527344,135.99008874063549,134.82024670220233,135.5351430866215,245000,Toyota
2023-01-26,135.0616455078125,135.730130754391,134.07749060785667,135.10807084907978,137100,Toyota
2023-01-27,136.63072204589844,137.15993124352056,135.3123245853199,135.5537165146007,171800,Toyota
2023-01-30,134.79238891601562,135.82296917166872,134.70883180077962,135.55372485578877,182400,Toyota
2023-01-31,136.5843048095703,136.5843048095703,135.44231506945985,135.83226244005795,145700,Toyota
2023-02-01,137.94911193847656,138.34833866504184,136.09221181412022,136.09221181412022,213100,Toyota
2023-02-02,136.1293487548828,136.8164069271256,134.26316915913412,136.4821643253621,299400,Toyota
2023-02-03,134.3560028076172,135.93436493984063,134.11459674597975,135.200881522281,248100,Toyota
2023-02-06,133.5018310546875,134.06818617137742,132.7405093543148,133.69681180539425,172100,Toyota
2023-02-07,134.29103088378906,134.59742113733495,132.8240779275808,133.25117123565164,166900,Toyota
2023-02-08,133.5389862060547,134.29102855762918,133.05618816334302,133.69682103083977,192400,Toyota
2023-02-09,134.46742248535156,136.93710301924182,134.33744004499016,135.88794992895248,334000,Toyota
2023-02-10,133.15830993652344,133.67823971914052,132.31341695625866,133.39042245855066,230100,Toyota
2023-02-13,133.56683349609375,133.61325883503505,132.35984551874174,132.7219404952449,197500,Toyota
2023-02-14,132.4434051513672,132.87977784508348,131.4221185103272,132.582681170844,230400,Toyota
2023-02-15,130.88360595703125,130.8928853574932,130.038713003214,130.36367619068943,387800,Toyota
2023-02-16,132.48980712890625,133.38112532850545,131.208555811199,131.28281934139528,303200,Toyota
2023-02-17,132.62911987304688,132.8148070840326,131.67281727779556,131.91420923537441,145800,Toyota
2023-02-21,129.2216796875,130.52151834350386,128.8038799708298,130.13157099681,324000,Toyota
2023-02-22,128.7296142578125,129.31454241587315,128.3953716199244,128.77603960110753,178200,Toyota
2023-02-23,129.0081329345703,129.50950390023527,128.265370053563,129.0824106393734,198100,Toyota
2023-02-24,126.31563568115234,127.38334760180997,125.7864123376276,127.38334760180997,218700,Toyota
2023-02-27,126.50132751464844,127.3276475460448,126.23208321618138,127.19766509729789,192100,Toyota
2023-02-28,126.19493865966797,126.81699854026809,126.15780688834425,126.37134644926083,212200,Toyota
2023-03-01,126.76129150390625,127.65260983680203,126.73343913416178,126.88199455081512,190900,Toyota
2023-03-02,127.44834899902344,127.51333313907153,126.3434911149878,126.3806228854404,145100,Toyota
2023-03-03,129.82516479492188,129.9087218945757,128.49747393221315,128.65532289870055,244700,Toyota
2023-03-06,130.10372924804688,130.5772337433251,129.94589441628747,130.08515627753826,175500,Toyota
2023-03-07,129.1288299560547,131.27354722680144,128.82243975065902,131.17141715833623,152600,Toyota
2023-03-08,129.71376037597656,129.84374281394776,129.03598165146235,129.50950023530422,138800,Toyota
2023-03-09,128.60891723632812,130.61435876986755,128.36751113326355,130.15013370031238,166000,Toyota
2023-03-10,128.0982666015625,129.370238756463,127.61546856330563,129.2402563038967,343600,Toyota
2023-03-13,127.30907440185547,127.9032819048842,126.57560504929828,126.64988275805491,247400,Toyota
2023-03-14,126.89128875732422,126.97484587630701,125.86070845545859,126.64989680236528,221600,Toyota
2023-03-15,124.02236938476562,125.34076686208684,122.88037969790017,125.34076686208684,287800,Toyota
2023-03-16,126.17636108398438,126.2970641286727,124.19877203338712,124.44016395573975,190000,Toyota
2023-03-17,123.92951965332031,125.86069762793461,123.734553059133,125.86069762793461,192500,Toyota
2023-03-20,125.46147918701172,126.09281851844914,123.99452618116955,124.08736270030853,277100,Toyota
2023-03-21,126.06494903564453,126.42704399529967,125.34075911633428,125.52644629643521,224500,Toyota
2023-03-22,125.8699951171875,127.90328906931879,125.79571740427023,126.33422019765152,301600,Toyota
2023-03-23,126.14851379394531,127.29051764653757,125.50788094176542,126.84485138683223,129600,Toyota
2023-03-24,126.87269592285156,126.88198949041193,125.52644615980546,126.2784884469611,155900,Toyota
2023-03-27,127.16053009033203,127.48547912041766,126.668438510787,126.90984460019098,137300,Toyota
2023-03-28,128.0611114501953,128.59033479066042,127.29978975908132,127.57832761369328,210700,Toyota
2023-03-29,129.67662048339844,130.48436751649763,129.34237788918088,129.6116363448965,214300,Toyota
2023-03-30,131.9889373779297,132.68849719824465,131.676972096903,132.34817274847063,193500,Toyota
2023-03-31,133.94580078125,134.01196736386538,133.19897090369847,133.2840628310689,235000,Toyota
2023-04-03,134.56028747558594,134.8344453664041,133.89854943279502,134.23887391548857,232900,Toyota
2023-04-04,134.3712158203125,135.23148245182819,133.9269029194113,135.22201977852805,349200,Toyota
2023-04-05,132.74520874023438,133.47312769203296,132.50887272956777,132.8681080817187,220500,Toyota
2023-04-06,131.27993774414062,131.75260982003923,130.6560215668078,131.5824547966231,224000,Toyota
2023-04-10,130.4669189453125,131.07193852228363,129.40813829181417,130.95850185935296,347600,Toyota
2023-04-11,130.06988525390625,130.49528719431135,129.72956081662105,130.02261516612666,275900,Toyota
2023-04-12,128.9827423095703,130.26841077282884,128.85984296921012,130.05098568394985,283200,Toyota
2023-04-13,129.7295684814453,129.97536718249944,128.8504053809848,129.5594134651522,281600,Toyota
2023-04-14,128.5290069580078,129.62559529427742,128.2075789592036,129.0205755683049,279100,Toyota
2023-04-17,130.22116088867188,130.25896830898378,129.19073919368444,129.23800928767994,322200,Toyota
2023-04-18,129.54995727539062,129.83356340821175,129.0961961177611,129.59722736832865,199200,Toyota
2023-04-19,127.86721801757812,128.47223757111033,127.42290520523997,128.47223757111033,209500,Toyota
2023-04-20,126.48704528808594,127.0637057743899,125.74967803344236,126.6761112258498,513200,Toyota
2023-04-21,127.30947875976562,127.42291542740182,126.09943955562908,127.07314275232012,165800,Toyota
2023-04-24,127.47018432617188,127.59308366483609,126.57211039120764,126.72336889651667,222300,Toyota
2023-04-25,126.21287536621094,127.56472482051807,126.16561970488684,127.38510714811036,257100,Toyota
2023-04-26,126.69502258300781,127.61200753036451,126.56267498363707,127.13933547192524,324000,Toyota
2023-04-27,130.0037078857422,130.30621045778588,128.33989325268675,128.33989325268675,323600,Toyota
2023-04-28,129.82411193847656,129.8335601869069,128.84094595906436,129.15291125494667,300000,Toyota
2023-05-01,129.21908569335938,130.06988960261504,129.08673809803503,129.82410533267154,147400,Toyota
2023-05-02,127.772705078125,128.01848933784527,126.9124385318959,127.90505266794445,221700,Toyota
2023-05-03,128.16030883789062,128.97329093052065,127.91451013564762,128.4817223756476,265900,Toyota
2023-05-04,127.536376953125,128.349373462238,127.508017783896,127.81052039727419,241800,Toyota
2023-05-05,130.02264404296875,130.39132772984186,128.3115732288959,128.76534886259262,223900,Toyota
2023-05-08,130.2778778076172,130.64656145706041,129.78629480009045,130.31569965232316,187600,Toyota
2023-05-09,133.15171813964844,134.0119702812082,132.8964712015915,133.70946767945676,401300,Toyota
2023-05-10,135.74195861816406,136.34697827747848,135.2031199711028,136.07283482981688,506600,Toyota
2023-05-11,134.8722381591797,134.8816864070493,133.52985129659066,134.15378185132815,272400,Toyota
2023-05-12,135.439453125,136.93309853264293,134.9762293234834,136.31861621330793,293100,Toyota
2023-05-15,134.6169891357422,134.6264518082713,133.55820839848937,134.13486885534437,246200,Toyota
2023-05-16,133.41641235351562,133.97416188926064,133.2935130092714,133.8512625450164,165800,Toyota
2023-05-17,134.2577667236328,134.4090108095734,133.41641109171522,133.41641109171522,164600,Toyota
2023-05-18,134.7209930419922,134.957329085489,133.89854822656162,134.957329085489,188900,Toyota
2023-05-19,134.44683837890625,134.65481523384338,133.96471808326447,134.30504253454282,178400,Toyota
2023-05-22,133.47314453125,133.96472753440102,133.13282005596193,133.91745744134295,194400,Toyota
2023-05-23,131.92276000976562,132.65067893933156,130.93959415753022,130.97741599597268,230000,Toyota
2023-05-24,131.7147979736328,132.70741218461714,131.5351802828596,132.70741218461714,223500,Toyota
2023-05-25,131.9700469970703,132.32926795945042,131.22321705263522,131.50682317805607,197500,Toyota
2023-05-26,132.4237823486328,132.76410674788622,131.4784383979071,131.55406764494163,171700,Toyota
2023-05-30,130.2022247314453,131.93220597777668,129.86190031536694,131.93220597777668,231800,Toyota
2023-05-31,128.689697265625,129.1056509786176,127.76324965948467,129.00166255036945,256900,Toyota
2023-06-01,132.962646484375,133.1611750991421,131.61081129862245,132.0173023517458,300100,Toyota
2023-06-02,138.02024841308594,138.3889320613067,137.07490424587303,137.07490424587303,353400,Toyota
2023-06-05,137.76498413085938,138.4456329996744,137.50975162365782,137.85007605806533,299100,Toyota
2023-06-06,140.36468505859375,140.6577394156318,138.14313512390822,138.96557985815122,435200,Toyota
2023-06-07,137.36793518066406,138.04858401885335,137.25449851590076,137.29230592922028,417900,Toyota
2023-06-08,138.83323669433594,138.9655842928607,137.10325524052968,137.14107708285468,264100,Toyota
2023-06-09,140.5159454345703,140.98861748116462,139.8258482854883,139.9109257919218,366600,Toyota
2023-06-12,141.41400146484375,141.68815929491524,140.61046774264378,140.95079214992973,289800,Toyota
2023-06-13,149.44000244140625,150.4042574970819,148.69317249761596,149.26038474796792,858200,Toyota
2023-06-14,156.5206298828125,157.380882052729,155.1782285642222,156.8231324945354,952800,Toyota
2023-06-15,158.9879608154297,159.82933089637461,155.0364294758663,155.16877707037784,569400,Toyota
2023-06-16,155.36729431152344,157.06890199513487,155.25384322109244,156.93655441030273,420600,Toyota
2023-06-20,148.56080627441406,150.30969847311124,148.24885544310953,150.026092383484,781100,Toyota
2023-06-21,147.9463348388672,148.74042033068181,147.61545867154214,148.4190068351575,238600,Toyota
2023-06-22,148.52301025390625,149.16583730988796,148.16377488450115,148.42847007517668,199500,Toyota
2023-06-23,144.99688720703125,145.60190687295395,144.4296749593758,145.582995951417,338600,Toyota
2023-06-26,146.10293579101562,147.11444649270106,145.49791613468614,146.88757313708152,305400,Toyota
2023-06-27,148.58917236328125,148.61754595589028,146.72685783669968,146.84974275557926,283000,Toyota
2023-06-28,151.3590545654297,151.82227839838484,150.2151817809028,150.4231586508168,555200,Toyota
2023-06-29,151.6331787109375,151.84115555435952,150.60275716613182,151.32122787060982,347700,Toyota
2023-06-30,151.9640655517578,152.39893018889848,151.2550574698678,151.38740506816168,311500,Toyota
2023-07-03,151.69935607910156,152.73924027126841,151.65208599312945,152.08695058934603,110200,Toyota
2023-07-05,153.0512237548828,153.4388183478137,152.531295972687,153.4388183478137,357400,Toyota
2023-07-06,152.03968811035156,152.38946079939643,151.11325496312676,152.3138315430181,268300,Toyota
2023-07-07,152.92831420898438,154.06272420777205,152.23820265217702,152.23820265217702,290200,Toyota
2023-07-10,151.48194885253906,151.63319295075397,150.81074817213482,151.25506106800663,266400,Toyota
2023-07-11,149.76141357421875,149.88431292560486,148.8916987158711,149.4021781931249,364800,Toyota
2023-07-12,150.56497192382812,151.5481235263087,150.42316164162693,150.7540378752889,248200,Toyota
2023-07-13,151.5859375,152.10586523331673,151.39685713355024,151.90735104327388,286400,Toyota
2023-07-14,150.45150756835938,151.25505582233802,150.38534098233632,151.22669665335584,255200,Toyota
2023-07-17,150.735107421875,150.86745501322997,149.52506817954242,150.68783733393275,241300,Toyota
2023-07-18,154.2707061767578,154.59211970919975,153.02284503931568,153.08902605030408,435500,Toyota
2023-07-19,155.00808715820312,155.9628795920594,154.733929266679,155.93452042049586,216700,Toyota
2023-07-20,154.35577392578125,154.69609835767739,153.5238665534117,154.16670800246234,217800,Toyota
2023-07-21,153.91146850585938,154.73391324566145,153.71295432546867,154.6393874918393,214400,Toyota
2023-07-24,155.53744506835938,155.90612864639493,155.27274990591357,155.5847151526828,212100,Toyota
2023-07-25,156.5111541748047,156.73804193330508,155.73597957667047,155.98176382977547,233300,Toyota
2023-07-26,156.6435089111328,156.94602593627522,155.8683342776154,156.13302946221214,162300,Toyota
2023-07-27,156.3882598876953,157.61721004252936,156.3410042248523,156.80421357931348,182200,Toyota
2023-07-28,158.01426696777344,158.6287493126336,157.57941674198986,157.96701130069764,292200,Toyota
2023-07-31,159.04469299316406,159.35665827011127,158.63818753842466,158.8178052213463,201300,Toyota
2023-08-01,162.44793701171875,162.93952001392307,161.2284493920892,161.76728806245342,526000,Toyota
2023-08-02,164.34808349609375,165.78499619417755,163.7241529055852,164.45207192784517,420200,Toyota
2023-08-03,159.35667419433594,159.4795591279784,157.62669262646708,159.2243121622778,421600,Toyota
2023-08-04,161.455322265625,162.9867896091991,161.32297466060572,162.30614066201218,207200,Toyota
2023-08-07,163.91319274902344,163.91319274902344,162.41009927696436,162.91113043431739,230600,Toyota
2023-08-08,160.98265075683594,161.03938352330823,159.1865026216726,160.12239853356914,431700,Toyota
2023-08-09,158.0898895263672,159.1581329734288,157.31471486662804,158.74217926219043,320100,Toyota
2023-08-10,158.49639892578125,160.4438055087551,158.07099695592495,160.28309873902302,192500,Toyota
2023-08-11,158.13714599609375,158.4774704191765,157.5415746494977,158.2222234956632,146700,Toyota
2023-08-14,157.5888671875,157.96701350302598,156.1614027115078,156.53953460222678,232500,Toyota
2023-08-15,156.3504638671875,156.86094334650068,155.86834355756915,156.86094334650068,197400,Toyota
2023-08-16,153.3726348876953,154.96080608192926,153.1457471064591,153.84530694666586,330700,Toyota
2023-08-17,153.41043090820312,155.04587207179387,153.30644248596295,154.62047013528598,240600,Toyota
2023-08-18,153.02285766601562,153.334822976118,151.61430407093178,152.049154315457,273900,Toyota
2023-08-21,153.89254760742188,154.28960479207177,153.14573217398151,153.29699068005718,197000,Toyota
2023-08-22,155.9723358154297,157.34308194193946,155.88724387945064,156.77586968451138,156200,Toyota
2023-08-23,156.842041015625,157.00274777951975,156.08576286068046,156.38826546777466,189700,Toyota
2023-08-24,153.8831024169922,156.01012651721763,153.8831024169922,155.5280062474298,243400,Toyota
2023-08-25,155.4713134765625,156.0857814366301,154.50705835363092,155.291695770596,112000,Toyota
2023-08-28,158.10877990722656,158.21276832152694,157.13507676641603,157.24851342754212,174800,Toyota
2023-08-29,158.24114990234375,158.4302158392707,156.4071800220591,156.51116845108987,165000,Toyota
2023-08-30,158.86508178710938,159.55517895374862,158.43967981931277,158.90288920488413,180200,Toyota
2023-08-31,162.72207641601562,163.07184909959582,162.24940438963998,162.55190698562154,558600,Toyota
2023-09-01,163.1096649169922,164.40479614484474,162.52355619003217,164.40479614484474,169900,Toyota
2023-09-05,165.78497314453125,166.2292859798033,165.08542781437887,165.48247056455298,311600,Toyota
2023-09-06,169.05589294433594,170.0485071684128,168.3941549365536,169.88780039686614,375600,Toyota
2023-09-07,169.0936737060547,169.39619070466892,168.0821631446478,168.60210522051324,260700,Toyota
2023-09-08,167.44879150390625,167.82692334339646,166.77759090028533,166.77759090028533,158900,Toyota
2023-09-11,168.9046173095703,169.3300192411327,168.0065433596485,168.20505752946852,235900,Toyota
2023-09-12,171.37197875976562,171.92028007343202,170.1619394554006,170.37936456131453,266900,Toyota
2023-09-13,173.9243927001953,174.27417980438568,173.35719493023078,173.71641585710006,264300,Toyota
2023-09-14,177.70578002929688,177.7719610402598,176.07033877385993,176.30667479905975,360500,Toyota
2023-09-15,178.8590850830078,180.42835961275608,178.6227490788218,180.2487419416059,393600,Toyota
2023-09-18,178.63221740722656,178.7172949094743,177.48834476383155,178.348611308262,211200,Toyota
2023-09-19,184.37991333007812,184.95657382812743,183.50075021040658,183.8316264268374,468300,Toyota
2023-09-20,178.43370056152344,181.997651891155,178.20681278244868,179.7571765441102,477800,Toyota
2023-09-21,176.1175994873047,177.08185445772844,175.6921975495548,176.95895511522974,328100,Toyota
2023-09-22,176.87388610839844,178.81182996510015,176.73207583913327,178.14064373491934,396400,Toyota
2023-09-25,174.73739624023438,175.14390169542872,173.72588557579402,174.88865475494882,348500,Toyota
2023-09-26,170.6345977783203,172.71435176378756,170.2659141828275,171.3057983879637,451900,Toyota
2023-09-27,172.4213104248047,174.34035780052932,171.2679894647881,173.24375517874202,398600,Toyota
2023-09-28,174.36453247070312,174.79465805057964,171.8889075113229,172.55799336723948,278100,Toyota
2023-09-29,171.8124237060547,173.15059530287618,171.3440563546789,172.55797853642332,222200,Toyota
2023-10-02,170.57940673828125,171.6690649936461,169.74781507512404,171.38230975066008,236100,Toyota
2023-10-03,165.98179626464844,166.72735113376697,165.18846100992732,165.66638154577137,447400,Toyota
2023-10-04,161.96726989746094,162.67459755515054,159.54899310485771,159.78795337752584,861700,Toyota
2023-10-05,165.39874267578125,166.66045996785016,164.55761239938013,166.1443121751717,485900,Toyota
2023-10-06,165.5325469970703,166.029588429743,162.40695724664852,165.02595240443398,366200,Toyota
2023-10-09,166.43106079101562,166.4788557667807,164.3760080979273,164.88260275408356,138200,Toyota
2023-10-10,169.32723999023438,169.6713433593897,168.22802859194834,168.70594912772094,240400,Toyota
2023-10-11,170.1683807373047,170.68454307120203,169.18386562391845,170.5029309383484,146700,Toyota
2023-10-12,173.5807647705078,174.8807093635637,172.51021272712245,174.51748504661342,344000,Toyota
2023-10-13,169.83384704589844,171.54481085702287,169.25079795107695,171.2198283692599,273400,Toyota
2023-10-16,171.191162109375,171.6881890245117,170.32134313041723,170.32134313041723,197700,Toyota
2023-10-17,170.35000610351562,171.74552597547233,169.78606334135475,169.9581077427009,561400,Toyota
2023-10-18,168.20892333984375,169.90076627771117,167.89349400668345,169.32725574742364,252100,Toyota
2023-10-19,166.98544311523438,169.0691843705751,166.736929671102,168.82065634146446,313000,Toyota
2023-10-20,165.81932067871094,167.08103801317898,165.58036038824156,166.82295681567803,196600,Toyota
2023-10-23,166.13473510742188,167.31998329240682,164.8634647259804,165.4083011401599,182000,Toyota
2023-10-24,166.43106079101562,166.79428510485553,165.5612564059983,165.57080956715978,185200,Toyota
2023-10-25,167.44424438476562,169.06918599540984,167.31042720818087,168.45744824745404,237900,Toyota
2023-10-26,164.03189086914062,165.89577808708592,163.8024837557867,165.32228218116765,214900,Toyota
2023-10-27,165.17889404296875,167.74055571134883,164.66274627921564,167.60673854408117,283200,Toyota
2023-10-30,163.83116149902344,165.29359724015703,162.96135716777798,164.66275318798537,251900,Toyota
2023-10-31,167.44424438476562,167.48248619806319,165.93402821401412,166.3545860654388,334400,Toyota
2023-11-01,177.576171875,178.1210083441601,172.6535956702077,172.91166228561937,711100,Toyota
2023-11-02,178.31216430664062,178.47465554725665,175.27258195311904,176.79238042236886,418900,Toyota
2023-11-03,181.21791076660156,181.4855451079776,179.26800133872212,179.26800133872212,310600,Toyota
2023-11-06,181.27525329589844,182.1450721709737,180.69218965914192,181.82964286732079,223600,Toyota
2023-11-07,181.1988067626953,181.2465871503552,179.2775567914923,180.19517067721316,254100,Toyota
2023-11-08,175.3203887939453,176.65857520692055,174.74689283265226,176.52474343914187,393900,Toyota
2023-11-09,176.08505249023438,178.68494150634186,175.76007000946547,178.23569501264092,225000,Toyota
2023-11-10,178.74229431152344,178.83788426011992,175.9990348895504,177.49014474379328,209100,Toyota
2023-11-13,179.4496307373047,179.69814419677155,177.00266503303,177.31809437676438,246500,Toyota
2023-11-14,183.59796142578125,183.6266354921685,181.20835866032436,181.98258762273593,453400,Toyota
2023-11-15,180.7591094970703,182.049500805301,180.50102831842867,180.653966393548,296400,Toyota
2023-11-16,181.9921417236328,182.3936078250846,181.16056462414963,181.85832455147485,171700,Toyota
2023-11-17,184.82144165039062,184.88834294536358,183.36855904765886,183.44502808832664,255500,Toyota
2023-11-20,179.3922576904297,180.20472849131966,177.61440717620712,178.5224533398629,514000,Toyota
2023-11-21,175.11965942382812,177.2033860814308,173.49471783875077,177.06956890695156,586600,Toyota
2023-11-22,176.0946044921875,176.43870787690756,175.30125461672247,176.0468095194529,184500,Toyota
2023-11-24,179.98489379882812,180.17605911431443,178.90478861811147,179.16286981575624,214000,Toyota
2023-11-27,178.3695068359375,178.70405705226813,177.88203312940604,177.88203312940604,245400,Toyota
2023-11-28,178.8952178955078,179.04815596687487,177.60482661893622,177.60482661893622,228400,Toyota
2023-11-29,181.1414337158203,182.79504924793565,181.01718429602025,182.19286471398746,318700,Toyota
2023-11-30,181.3995361328125,181.6098223570769,180.77824520610875,181.1605758402374,189400,Toyota
2023-12-01,184.22882080078125,184.29572209429594,181.9634674521882,182.34581264719318,237500,Toyota
2023-12-04,179.095947265625,180.7591160768891,178.7900856892303,180.02311432544153,331200,Toyota
2023-12-05,179.68858337402344,180.634856779901,179.22021595905815,179.4113812724188,199600,Toyota
2023-12-06,181.50465393066406,184.38173020141284,181.42818489750763,183.129580776552,326700,Toyota
2023-12-07,181.8392333984375,182.33626031649604,179.61212167355288,182.0208309733171,281400,Toyota
2023-12-08,179.0099334716797,179.3062419013142,177.40412730399106,177.95850234880345,471100,Toyota
2023-12-11,178.81875610351562,179.42094066830632,178.05408030068162,178.56067492075135,284600,Toyota
2023-12-12,176.63943481445312,177.03133315834316,175.92255400318098,176.6011930035979,274300,Toyota
2023-12-13,177.28939819335938,178.06362712914242,174.94759048075042,175.88431064879856,349500,Toyota
2023-12-14,175.3203887939453,176.61078023056803,173.59031857882917,173.84839978314952,521500,Toyota
2023-12-15,172.64401245117188,174.95714613130588,172.61533838536266,174.73730676510942,375300,Toyota
2023-12-18,175.18655395507812,176.056372848101,174.80422335274906,175.7504966982557,294900,Toyota
2023-12-19,175.82696533203125,176.9261913349144,175.77917036060543,176.63943609133716,201000,Toyota
2023-12-20,171.99404907226562,174.4792271697871,171.93670094012725,172.48152278041948,429400,Toyota
2023-12-21,172.87342834472656,173.23665264339868,170.6941117226504,170.885277032749,347200,Toyota
2023-12-22,170.6463165283203,171.32497015101816,170.1397218939736,170.19707002843123,322800,Toyota
2023-12-26,171.90802001953125,172.4050468682309,170.64630282288508,170.64630282288508,198500,Toyota
2023-12-27,172.73960876464844,173.11238621889407,172.1278710298613,172.41462628350672,195500,Toyota
2023-12-28,173.1123809814453,173.66677056572615,172.95944290613107,173.02635878344765,243000,Toyota
2023-12-29,175.2821502685547,175.76007083132424,174.30718823671094,175.0431899871699,223200,Toyota
